idea_id,arm,call,persona,title,description,probability,stimulus_words_reused
plain_0_0,plain,0,,Transient stimulus with long-term chromatin accessibility tracking,"Expose cells (e.g., fibroblasts, macrophages, or keratinocytes) to a defined pulse of an AP-1-activating stimulus such as TPA, wounding cytokines, or inflammatory signals. Then run time-course ATAC-seq, CUT&Tag for Fos/Jun, and H3K27ac after the stimulus is withdrawn, to see whether AP-1-dependent accessible sites persist for days to weeks after AP-1 activity returns to baseline.",,
plain_0_1,plain,0,,Acute AP-1 degradation or dominant-negative block during vs after priming,"Use degron-tagged (dTAG/AID) c-Jun/Fos or inducible dominant-negative A-Fos to remove AP-1 either during priming or after the memory state is established. Then measure the secondary-challenge transcriptional response. If the memory needs AP-1 only for establishment, it is epigenetically self-sustaining. If it needs AP-1 for maintenance, AP-1 is the ongoing carrier.",,
plain_0_2,plain,0,,Single-cell multiome linking AP-1 motif accessibility to response history,"Run paired scRNA/scATAC (or lineage-barcoded clones) on primed versus naive populations, both before and after re-stimulation. Test whether cells with persistent AP-1 motif accessibility, as inferred by chromVAR or footprinting, respond faster or more strongly, and whether the state is inherited by sister cells through division.",,
plain_0_3,plain,0,,Synthetic AP-1 sufficiency test with optogenetic or chemogenetic control,"Drive AP-1 factors with light-inducible or drug-inducible systems using different durations, dynamics, and dosages (pulsed vs sustained). Test whether AP-1 activity alone is sufficient to install lasting accessibility and enhanced re-response at target loci. Reporter lines at AP-1-regulated enhancers can read out the memory in live cells.",,
plain_0_4,plain,0,,Site-specific perturbation of memory enhancers and cooperating factors,"Use CRISPRi/dCas9 or motif mutation at candidate AP-1-dependent memory enhancers, and pioneer-factor or chromatin-remodeler (e.g., BAF) loss, to test whether the sites are necessary for faster re-induction of nearby genes. Pair this with Hi-C or Micro-C and histone-mark profiling to determine whether AP-1 maintains memory directly or by recruiting other chromatin regulators.",,
plain_1_0,plain,1,,Transient stimulus with long-term chromatin accessibility tracking,"Expose cells (e.g., fibroblasts, macrophages, or keratinocytes) to a defined pulse of AP-1-activating signal (TPA, TNF, wounding, or stress). Then run time-course ATAC-seq and CUT&RUN for JUN/FOS, H3K27ac, and H3K4me1 after washout, to test whether AP-1-bound enhancers stay open and occupied well after the stimulus and AP-1 activity have returned to baseline.",,
plain_1_1,plain,1,,Acute degradation of AP-1 after priming (necessity for maintenance vs. establishment),"Use degron-tagged (dTAG/AID) FOS, JUN, or a dominant-negative such as A-FOS. Deplete AP-1 either during the priming pulse or only after it, then re-challenge the cells. If memory is maintained by AP-1 itself, post-priming depletion should erase the primed state. If AP-1 only establishes memory, then only depletion during priming should do so.",,
plain_1_2,plain,1,,Secondary-stimulus recall assay with single-cell readouts,"Compare primed and naive cells for transcriptional response magnitude and kinetics to a second stimulus using scRNA-seq, live-cell reporters, or smFISH of AP-1 target genes. Quantify how long the heightened response persists and whether it is inherited through cell divisions, using lineage tracing or sister-cell comparisons.",,
plain_1_3,plain,1,,Live imaging of AP-1 dynamics and a feedback-loop model,"Track endogenously tagged FOS/JUN levels, activity reporters, and target-gene transcription in single cells across stimulation history. Fit mathematical models to test whether positive feedback (e.g., JUN autoregulation) or a pioneer-like chromatin-opening mechanism produces bistability and hysteresis, with the model's predictions tested by perturbing feedback nodes.",,
plain_1_4,plain,1,,Targeted enhancer perturbation and sufficiency tests,"Use CRISPR to delete or mutate AP-1 motifs at candidate memory enhancers. Use dCas9-based tethering of AP-1 or chromatin modifiers to test sufficiency, and use in vivo models (e.g., skin inflammatory memory, wound re-epithelialization) to ask whether motif-specific loss abolishes faster recall of the response. Together, these experiments separate AP-1 as a causal memory element from AP-1 binding that merely correlates with it.",,
plain_2_0,plain,2,,Transient stimulus with long-term chromatin accessibility tracking,"Expose cells (e.g., fibroblasts or macrophages) to a defined, transient AP-1-activating stimulus such as serum, TPA, or injury cues. Then run time-resolved ATAC-seq and CUT&RUN for AP-1 (FOS/JUN) and H3K27ac over days to weeks after washout. Persistent AP-1 motif-enriched accessible sites after the stimulus ends would indicate a memory-like imprint.",,
plain_2_1,plain,2,,Acute degron depletion at defined time windows,"Use auxin-inducible degron or dTAG alleles of FOS, JUN, or dominant-negative A-FOS to remove AP-1 either during priming, during the memory phase, or at re-stimulation. Compare the secondary response across these windows. Memory that requires AP-1 only at priming, versus continuously, separates initiation from maintenance roles.",,
plain_2_2,plain,2,,Re-stimulation response assay (primed vs naive),"Prime cells with a first stimulus, rest them, then give a second stimulus. Measure transcription (nascent RNA-seq/PRO-seq), the kinetics, and the amplitude of target genes relative to naive cells. Test whether the enhanced or faster response is tied to AP-1-bound loci, and whether it is lost on AP-1 perturbation or on blocking enhancer opening.",,
plain_2_3,plain,2,,Single-cell multiome and lineage-tracing of memory inheritance,"Apply single-cell RNA plus ATAC (multiome) with barcode lineage tracing or live imaging of AP-1 reporters to follow primed cells through divisions. Test whether AP-1 occupancy or accessibility is inherited by daughter cells and whether it predicts clonal differences in later responses. This separates heritable memory from persistent signaling, and shows how stable it is across cell cycles.",,
plain_2_4,plain,2,,Targeted locus perturbation and synthetic AP-1 memory test,"Use CRISPRi/dCas9 to silence or edit AP-1 motifs at specific memory-associated enhancers. Separately, use optogenetic or chemically inducible AP-1 (e.g., inducible FOS/JUN) to drive a pulse of AP-1 activity at synthetic reporter loci. Ask whether the motif is necessary for the primed state, and whether AP-1 activity alone is sufficient to create a lasting accessible state and a faster response, independent of upstream signaling.",,
plain_3_0,plain,3,,Transient stimulus with long-term chromatin accessibility tracking,"Expose cells (e.g., fibroblasts or macrophages) to a defined, transient AP-1-activating stimulus (e.g., PMA, TNF, or injury signals), then wash out and perform time-resolved ATAC-seq and CUT&RUN for AP-1 (FOS/JUN) and H3K27ac across days to weeks. Persistence of AP-1-dependent accessible sites after AP-1 activity returns to baseline, versus naive controls, would indicate a memory-like state.",,
plain_3_1,plain,3,,Acute degron-based AP-1 depletion at different time points,"Use dTAG/auxin-inducible degradation of FOS, JUN, or a dominant-negative (A-FOS) to remove AP-1 either during the priming stimulus or after it has ended. If depleting AP-1 after priming erases the enhanced secondary response, AP-1 is needed to maintain memory; if only depletion during priming matters, it is needed for initiation but not maintenance.",,
plain_3_2,plain,3,,Secondary-stimulation transcriptional response assays,"Compare RNA-seq (bulk and single-cell) of primed versus unprimed cells after a second challenge, and link faster or stronger induction of genes to AP-1-bound, pre-opened enhancers. Quantify memory with a response-ratio metric and test dependence on AP-1 motif integrity via CRISPR editing or MPRA of primed-state enhancers.",,
plain_3_3,plain,3,,Single-cell multiome and live-cell reporters of AP-1 dynamics,"Use paired scRNA/scATAC-seq and live imaging of AP-1 activity reporters (e.g., FOS-GFP knock-in, AP-1 motif reporters) to track whether individual cells retain heritable AP-1-linked accessibility states through divisions. Lineage tracing or sister-cell comparisons would distinguish true cell-autonomous, mitotically heritable memory from population-level selection or persistent paracrine signaling.",,
plain_3_4,plain,3,,Sufficiency test via synthetic AP-1 recruitment and in vivo validation,"Use dCas9-based or optogenetic recruitment of AP-1 factors (or pioneer-like AP-1 with BAF) to naive loci, then test whether transient recruitment alone creates stable accessibility and enhanced responsiveness after removal. Complement this with in vivo models (e.g., wound healing, inflammation, or neuronal activity) to check whether AP-1 occupancy patterns predict persistent states in tissue, with controls for continuing signals.",,
plain_4_0,plain,4,,Transient stimulus with long-term chromatin accessibility tracking,"Expose cells (e.g., fibroblasts or macrophages) to a defined AP-1-activating stimulus such as TPA, anisomycin or an inflammatory cue, then wash it out. Perform time-course ATAC-seq/CUT&RUN for AP-1 factors (FOS, JUN, FOSL) over days to weeks to see whether AP-1-dependent accessible sites persist after AP-1 binding and activity have returned to baseline.",,
plain_4_1,plain,4,,Acute AP-1 degradation to separate initiation from maintenance,"Use degron-tagged (dTAG/AID) JUN/FOS or a dominant-negative (A-FOS) system to remove AP-1 at different times after the priming stimulus. If accessibility and the enhanced secondary transcriptional response persist after AP-1 loss, AP-1 is an initiator. If they collapse, it is a continuous maintainer.",,
plain_4_2,plain,4,,Primed re-stimulation response assays (memory phenotype),"Prime, rest, and re-stimulate cells, then compare transcription (RNA-seq, nascent PRO-seq) and kinetics of AP-1 target genes with naive cells. Test whether memory depends on AP-1 motifs by comparing wild-type with CRISPR-mutated motifs at selected enhancers, and by AP-1 inhibition during priming only.",,
plain_4_3,plain,4,,Single-cell multiome lineage tracing of memory inheritance,"Use scATAC/RNA multiome with barcoded lineage tracing or live-cell AP-1 reporters (e.g., FOS-GFP) to follow sister cells through divisions after transient stimulation. Quantify whether the accessibility and expression states are heritable across divisions, and whether they are bimodal or stable per clone, beyond what is expected from random cell-to-cell variation.",,
plain_4_4,plain,4,,Mechanistic dissection of chromatin features and cofactors at memory sites,"At sites that stay open after priming, profile H3K27ac, H3K4me1, SWI/SNF (BAF) occupancy and pioneer factors with CUT&Tag. Then perturb BAF (e.g., BRG1 inhibitors) or deposit/remove marks with dCas9 tools to test whether AP-1 maintains memory through chromatin remodeling or histone modification. Compare with DNA methylation and with non-AP-1 sites as controls.",,
plain_5_0,plain,5,,Transient stimulus with long-term chromatin accessibility tracking,"Expose cells to a defined, transient stimulus (e.g., TNF, wounding cues, or PMA). Then perform time-resolved ATAC-seq and AP-1 (FOS/JUN) CUT&RUN across days to weeks after withdrawal. Test whether newly opened AP-1 motif-containing enhancers stay open after AP-1 binding itself has decayed, which would indicate memory.",,
plain_5_1,plain,5,,Re-stimulation (primed) response assay with AP-1 dependence,"Compare transcriptional output (RNA-seq, nascent PRO-seq) of naive versus previously stimulated cells upon a second challenge. Include acute AP-1 loss of function (dominant-negative A-FOS, degron-tagged FOS/JUN) either during the first stimulus only or during the second only. This separates AP-1 as the writer of memory from AP-1 as the reader.",,
plain_5_2,plain,5,,Optogenetic or chemogenetic AP-1 pulse-chase,"Drive AP-1 activity with a light- or drug-inducible JUN/FOS construct with controlled pulse duration, amplitude and frequency. Then measure how the persistence of target gene expression and enhancer state depends on the input dose and dynamics. Determine whether AP-1 alone is sufficient to establish a self-sustaining state, and whether a threshold exists.",,
plain_5_3,plain,5,,Single-cell multiome and lineage-tracing of memory inheritance,"Use single-cell RNA plus ATAC, with barcoded lineage tracing, to follow stimulated cells and their daughters through divisions. Quantify whether sister cells share AP-1 target accessibility and expression more than unrelated cells. Combine with live imaging of AP-1 reporters to check for heritable states that persist through mitosis.",,
plain_5_4,plain,5,,"Chromatin mechanism dissection: pioneer activity, histone marks and feedback loops","Map the histone marks (H3K27ac, H3K4me1), BAF/SWI-SNF recruitment and DNA methylation at AP-1 sites before, during and after stimulus. Mutate or CRISPR-edit specific AP-1 motifs, and use dCas9 epigenetic editors to test necessity. Also test positive feedback (e.g., JUN autoregulation) with perturbation and mathematical modeling to see whether it yields bistable, heritable states.",,
plain_6_0,plain,6,,Transient stimulus with long-term chromatin accessibility tracking,"Expose cells (e.g., fibroblasts or macrophages) to a defined, transient stimulus (serum, TNF, wounding cue) and perform time-course ATAC-seq/CUT&RUN for AP-1 (FOS/JUN), H3K27ac and H3K4me1 through days to weeks after washout. Persistent AP-1 motif-containing accessible sites, and enhanced re-induction of nearby genes upon restimulation, would indicate AP-1-based memory.",,
plain_6_1,plain,6,,Acute AP-1 degradation/inhibition at different phases (priming vs. maintenance),"Use degron-tagged FOS/JUN or dominant-negative A-FOS/dTAG systems to remove AP-1 either during the priming stimulus or only after it, then test the recall response. If AP-1 is needed only for establishing memory, the memory is chromatin-encoded; if needed for maintenance, AP-1 itself carries the memory.",,
plain_6_2,plain,6,,Single-cell multiome and live imaging of AP-1 dynamics and memory heterogeneity,"Pair single-cell RNA+ATAC-seq with live reporters (e.g., FOS-GFP, AP-1 activity reporter) in primed vs. naive cells to link AP-1 history (amplitude, duration) to later accessibility and transcriptional response. Lineage tracing through divisions would test whether the memory is heritable and bistable versus graded and decaying.",,
plain_6_3,plain,6,,Sufficiency test with synthetic/optogenetic AP-1 activation and locus-specific editing,"Induce AP-1 with optogenetic or chemically inducible FOS/JUN pulses of varied dose and duration, and use dCas9-based recruitment or motif mutation by CRISPR at selected enhancers. Test whether AP-1 binding alone is sufficient to open chromatin and make a stable, restimulation-responsive state, and which sites need it.",,
plain_6_4,plain,6,,Pioneer/cooperativity mapping of AP-1 with chromatin remodelers and histone marks,"Perform ChIP/CUT&Tag and proteomics for AP-1 interaction with BAF (SWI/SNF) components, plus BAF inhibition or depletion, and footprinting/Micro-C to assess nucleosome remodeling and looping at memory loci. Testing whether remodeler loss erases persistence despite AP-1 re-binding clarifies the mechanistic link between AP-1 and epigenetic memory.",,
plain_7_0,plain,7,,Transient stimulus then washout: persistence of AP-1 chromatin accessibility,"Expose cells (e.g., fibroblasts, macrophages, or keratinocytes) to a defined pulse of AP-1-activating stimulus (TPA, TNF, injury), then withdraw it and track ATAC-seq/CUT&Tag for FOS/JUN and H3K27ac at multiple time points. Persistent AP-1 motif-enriched accessible sites after signaling returns to baseline, and a faster or stronger transcriptional response to restimulation, would indicate memory.",,
plain_7_1,plain,7,,Acute degradation of AP-1 factors during and after the priming window,"Use degron tags (dTAG/AID) on FOS, JUN, or ATF family members to remove AP-1 only during priming, only during the memory/maintenance phase, or only at restimulation. If depletion during priming blocks memory but depletion afterward does not, AP-1 is needed for establishment. If depletion afterward erases memory, AP-1 is also required for maintenance.",,
plain_7_2,plain,7,,Single-cell multiome tracking of lineage-linked memory,"Perform paired scRNA/scATAC-seq, or live imaging of AP-1 reporters, on clonally barcoded cells before, after, and through divisions following priming. This tests whether AP-1 activity states and accessible regions are heritable across cell divisions, and whether they predict each clone's response to restimulation beyond what noise would explain.",,
plain_7_3,plain,7,,Pioneer-like function and chromatin-state causality at AP-1 sites,"Combine CUT&RUN or ChIP for AP-1, SWI/SNF (BAF) and histone marks with perturbations such as BAF inhibition or motif mutation by CRISPR base editing at specific memory enhancers. Test whether AP-1 binding is necessary and sufficient to open and keep chromatin accessible after the signal ends, and whether the marks are lost when AP-1 is removed.",,
plain_7_4,plain,7,,"Synthetic AP-1 activation (optogenetic/chemogenetic) with dose, duration and feedback modeling","Drive AP-1 activity with controlled optogenetic or chemogenetic inputs of varying amplitude, duration and frequency, then measure the lasting output (target gene expression, accessibility) after input removal. Fit dynamical models to test for bistability, hysteresis, or positive feedback (e.g., FOS/JUN autoregulation) as the mechanism, and compare with AP-1-independent controls.",,
verbalized_sampling_0_0,verbalized_sampling,0,,Longitudinal ATAC-seq/CUT&RUN of AP-1 occupancy after transient stimulus,"Profile chromatin accessibility and FOS/JUN binding at multiple timepoints after a transient stimulus (e.g., wounding, inflammation, or stress) and long after stimulus withdrawal. Persistent AP-1-motif-associated accessible sites would indicate a memory-like epigenetic state.",0.3,
verbalized_sampling_0_1,verbalized_sampling,0,,Acute AP-1 degradation/inhibition during priming vs. recall,"Use degron-tagged FOS/JUN or dominant-negative A-FOS/T-5224 to remove AP-1 either during the initial stimulus or only after it has been withdrawn, then measure the secondary response. Distinguishing a role in establishing versus maintaining memory shows whether AP-1 is required for the memory itself.",0.25,
verbalized_sampling_0_2,verbalized_sampling,0,,Single-cell multiome tracking of memory-state heterogeneity,Perform paired scRNA/scATAC-seq on primed and naive cells to link AP-1 motif accessibility and target-gene expression to the strength of the secondary response. Lineage barcoding could show whether the state is inherited through cell divisions.,0.2,
verbalized_sampling_0_3,verbalized_sampling,0,,Live-cell reporters of AP-1 dynamics and re-stimulation,"Image endogenously tagged JUN/FOS or AP-1 transcriptional reporters in single cells across repeated stimulus pulses and lineages. Measuring persistence, hysteresis, and heritability of the signal over days would test for memory-like dynamics.",0.15,
verbalized_sampling_0_4,verbalized_sampling,0,,Pioneer-like activity and histone modification analysis at AP-1 sites,"Test whether AP-1 binding deposits or maintains H3K27ac/H3K4me1 and recruits BAF at primed enhancers, and whether these marks persist after AP-1 is lost. Combine ChIP-seq, motif mutation by CRISPR, and enhancer reporter assays to show causality.",0.1,
verbalized_sampling_1_0,verbalized_sampling,1,,Longitudinal ATAC-seq/CUT&Tag of AP-1 footprints after transient stimulus,Profile chromatin accessibility and AP-1 (FOS/JUN) binding at timepoints after a transient stimulus and long after its withdrawal. Persistent AP-1-dependent open sites that outlast the signal would indicate a memory-like state.,0.3,
verbalized_sampling_1_1,verbalized_sampling,1,,Acute AP-1 degradation during the memory phase,"Use degron (dTAG/AID) or dominant-negative (A-FOS) tools to remove AP-1 after the stimulus is gone. Then measure whether accessibility and the secondary-response transcriptional boost are lost, which would show AP-1 is needed to maintain memory rather than just to establish it.",0.25,
verbalized_sampling_1_2,verbalized_sampling,1,,Re-stimulation (priming) assays with RNA-seq,Compare transcriptional responses in naive versus previously stimulated cells after a rest interval of varying length. Test whether faster or stronger induction of target genes depends on AP-1 levels and occupancy.,0.2,
verbalized_sampling_1_3,verbalized_sampling,1,,Single-cell multiome and live imaging of AP-1 dynamics,"Use single-cell RNA+ATAC, or live reporters of FOS/JUN, to follow lineages and test whether the AP-1 state is inherited through divisions and is bistable. This separates heritable memory from transient signaling.",0.15,
verbalized_sampling_1_4,verbalized_sampling,1,,Targeted AP-1 site perturbation with dCas9 and histone-mark profiling,Use CRISPR deletion or dCas9-based repression of specific AP-1 motifs at candidate enhancers. Pair this with H3K27ac/H3K4me1 profiling to test whether AP-1 binding is causally required for persistent enhancer marks and for the memory response at linked genes.,0.1,
verbalized_sampling_2_0,verbalized_sampling,2,,Longitudinal ATAC-seq/CUT&RUN of AP-1 occupancy after transient stimulus,"Profile chromatin accessibility and AP-1 (FOS/JUN) binding at timepoints during and long after a transient stimulus (e.g., wounding, inflammation, stress) to see whether AP-1-dependent accessible sites persist after the signal and AP-1 levels have returned to baseline.",0.3,
verbalized_sampling_2_1,verbalized_sampling,2,,Secondary challenge (priming) assays with AP-1 perturbation,"Expose cells to a first stimulus, rest them, then re-stimulate and measure transcriptional response magnitude/kinetics by RNA-seq; compare with AP-1 dominant-negative (A-FOS), CRISPRi, or degron cells to test whether AP-1 is required for faster or stronger memory responses.",0.3,
verbalized_sampling_2_2,verbalized_sampling,2,,Acute AP-1 degradation at different times to separate establishment from maintenance,"Use inducible degrons (dTAG/auxin) on FOS/JUN to remove AP-1 either during the priming stimulus or after memory is established, then assay whether memory-associated accessibility and gene expression persist without AP-1, distinguishing initiating from maintaining roles.",0.2,
verbalized_sampling_2_3,verbalized_sampling,2,,Single-cell multiome and lineage tracing of memory inheritance,Perform single-cell RNA+ATAC with lineage barcodes or live-cell AP-1 reporters to test whether AP-1 activity state and its chromatin footprint are inherited through cell divisions and correlate with heterogeneous memory responses among sister cells.,0.2,
verbalized_sampling_2_4,verbalized_sampling,2,,Histone mark and SWI/SNF (BAF) dependence at AP-1 sites,"Measure H3K27ac, H3K4me1 and BAF occupancy at AP-1 motif-containing enhancers before, during, and after stimulation, and test with BAF inhibitors or enhancer motif mutation/dCas9 editing whether these marks and AP-1-driven opening are necessary and sufficient for persistence.",0.2,
verbalized_sampling_3_0,verbalized_sampling,3,,Longitudinal ATAC-seq/CUT&RUN of AP-1 occupancy after transient stimulus,"Profile chromatin accessibility and FOS/JUN binding before, during, and long after a transient stimulus (e.g., injury, inflammation, or stress) to test whether AP-1-dependent accessible sites persist after the stimulus is withdrawn and the AP-1 protein itself has returned to baseline.",0.3,
verbalized_sampling_3_1,verbalized_sampling,3,,Secondary challenge (priming) assay with AP-1 perturbation,"Expose cells to a first stimulus, rest them, then re-stimulate and measure the faster or stronger transcriptional response. Use inducible dominant-negative AP-1 (A-FOS), CRISPRi, or degron systems at different times to show whether AP-1 is required for establishing versus maintaining the memory.",0.3,
verbalized_sampling_3_2,verbalized_sampling,3,,Single-cell multiome with lineage tracing of memory states,"Perform paired scRNA/ATAC-seq on clonally related cells to determine whether AP-1 motif accessibility and target gene expression states are heritably transmitted through divisions, and whether they predict future response heterogeneity.",0.15,
verbalized_sampling_3_3,verbalized_sampling,3,,Live-cell reporters of AP-1 activity dynamics,"Track AP-1 activity using fluorescent reporters or tagged FOS/JUN in single cells over days and across divisions to measure persistence, bistability, and positive feedback (e.g., c-Jun autoregulation), and relate past activity history to current state.",0.15,
verbalized_sampling_3_4,verbalized_sampling,3,,Epigenetic mark and pioneer-factor mechanistic dissection,"Combine ChIP/CUT&Tag for histone marks (H3K27ac, H3K4me1), BAF/SWI-SNF recruitment, and DNA methylation with AP-1 motif mutation or site-specific dCas9 editing at memory enhancers to test if AP-1 is necessary and sufficient to establish stable, self-sustaining chromatin states.",0.1,
verbalized_sampling_4_0,verbalized_sampling,4,,Longitudinal ATAC-seq/CUT&RUN of AP-1 occupancy after transient stimulus,"Profile chromatin accessibility and AP-1 (FOS/JUN) binding at timepoints during and long after a transient stimulus (e.g., wounding, inflammation, stress) to see whether AP-1-dependent open regions persist after the signal and AP-1 levels have returned to baseline.",0.3,
verbalized_sampling_4_1,verbalized_sampling,4,,Secondary challenge (priming) assays with AP-1 perturbation,"Expose cells to a first stimulus, rest them, then re-stimulate and measure faster or stronger transcriptional responses; test whether inhibiting or degrading AP-1 (dominant-negative A-FOS, dTAG/degron) during priming only, versus during recall only, abolishes the memory.",0.3,
verbalized_sampling_4_2,verbalized_sampling,4,,Single-cell multiome tracking of memory-state heterogeneity,"Use scRNA+ATAC (with lineage barcoding) to determine whether AP-1 motif accessibility and target-gene expression define stable, heritable cell states that persist through cell divisions and predict future responsiveness.",0.2,
verbalized_sampling_4_3,verbalized_sampling,4,,Live-cell imaging of AP-1 dynamics and reporters,"Image endogenously tagged FOS/JUN or AP-1 reporters over days in single cells and lineages to measure pulse dynamics, persistence, and inheritance by daughter cells, correlating history with subsequent response.",0.1,
verbalized_sampling_4_4,verbalized_sampling,4,,Targeted epigenome editing and sufficiency tests at AP-1 sites,"Use CRISPR deletion of AP-1 motifs or dCas9-based editing at memory enhancers, plus ectopic AP-1 induction, to test whether AP-1 binding is necessary and sufficient to establish lasting accessibility, histone marks (H3K27ac), and enhanced re-induction, including pioneer-factor and BAF-complex dependence.",0.1,
verbalized_sampling_5_0,verbalized_sampling,5,,Longitudinal ATAC-seq/CUT&Tag of AP-1 occupancy after transient stimulus,"Profile chromatin accessibility and AP-1 (FOS/JUN) binding at timepoints during and long after a transient stimulus (e.g., inflammation, injury, stress) to identify sites that stay open after AP-1 levels return to baseline. Persistence of accessibility at AP-1 motif sites indicates memory.",0.3,
verbalized_sampling_5_1,verbalized_sampling,5,,Acute AP-1 degradation after priming (degron/dominant-negative),"Use inducible degradation (dTAG/AID) or dominant-negative A-FOS at different times: during priming versus after the stimulus has ended. If the memory response persists when AP-1 is removed after priming, AP-1 is only an initiator. If it is lost, AP-1 is needed to maintain memory.",0.25,
verbalized_sampling_5_2,verbalized_sampling,5,,Re-stimulation assays measuring faster or stronger transcriptional response,"Prime cells, rest them for days to weeks, then restimulate and measure nascent transcription (PRO-seq/RNA-seq) and AP-1 recruitment kinetics versus naive cells. Test whether the enhanced response depends on AP-1-bound primed enhancers by CRISPR perturbation of the motifs.",0.2,
verbalized_sampling_5_3,verbalized_sampling,5,,Single-cell multiome tracking of AP-1 activity and heritability through divisions,"Combine single-cell RNA and ATAC, or live reporters of AP-1 activity, with lineage tracing to see whether the primed state is inherited by daughter cells. Quantify the persistence of the state, its bimodality, and its dependence on cell division.",0.15,
verbalized_sampling_5_4,verbalized_sampling,5,,Histone modification and chromatin remodeler co-profiling at AP-1 sites,"Measure H3K27ac, H3K4me1, and BAF/SWI-SNF occupancy at AP-1 sites, and test whether inhibiting the remodeler or the modifying enzyme erases the memory. This tests whether AP-1 stores memory through epigenetic marks rather than its own continued presence.",0.1,
verbalized_sampling_6_0,verbalized_sampling,6,,Longitudinal ATAC-seq/CUT&RUN of AP-1 occupancy after transient stimulus,Profile chromatin accessibility and AP-1 (FOS/JUN) binding at timepoints after a transient stimulus and long after its withdrawal. Persistently open AP-1 motif-containing enhancers would indicate a retained memory state.,0.3,
verbalized_sampling_6_1,verbalized_sampling,6,,Re-stimulation (primed vs. naive) transcriptional response assays,"Expose cells to a first stimulus, rest them, then re-stimulate and measure target gene induction by RNA-seq or qPCR. Faster or stronger induction in primed cells compared with naive ones, and its loss on AP-1 inhibition, would test whether AP-1 is required for memory.",0.25,
verbalized_sampling_6_2,verbalized_sampling,6,,"Acute AP-1 perturbation (dominant-negative, degron, CRISPRi) during priming vs. recall","Disrupt AP-1 with a dominant-negative such as A-FOS, an auxin degron on JUN/FOS, or CRISPRi, either only during the priming phase or only during recall. This separates the role of AP-1 in establishing memory from its role in maintaining it.",0.2,
verbalized_sampling_6_3,verbalized_sampling,6,,Single-cell multiome with lineage tracing/live reporters,"Use single-cell RNA+ATAC, or live AP-1 activity reporters tracked through cell divisions, to see whether the memory state is inherited by daughter cells. Test for heterogeneity and bistability in AP-1 activity and accessibility.",0.15,
verbalized_sampling_6_4,verbalized_sampling,6,,Pioneer-factor and chromatin-state analysis at memory loci,"Combine histone modification profiling (H3K27ac, H3K4me1), BAF/SWI-SNF occupancy, and DNA methylation with AP-1 motif mutation by CRISPR or base editing. This tests whether AP-1 sites are causally needed to keep enhancers primed, and whether memory persists once AP-1 itself is lost.",0.1,
verbalized_sampling_7_0,verbalized_sampling,7,,Longitudinal ATAC-seq/CUT&RUN of AP-1 occupancy after transient stimulus,"Profile chromatin accessibility and FOS/JUN binding at timepoints during and long after a transient stimulus (e.g., injury, inflammation, or stress) to test whether AP-1-dependent open regions persist after the signal is gone. Compare with naive cells to identify a lasting 'memory' footprint.",0.3,
verbalized_sampling_7_1,verbalized_sampling,7,,Acute AP-1 degradation/perturbation during priming vs recall,"Use dominant-negative (A-FOS), CRISPRi, or degron systems to remove AP-1 either during the initial stimulus or only at re-stimulation. If memory requires AP-1 for establishment and/or maintenance, the secondary response should be lost differentially, separating the two roles.",0.3,
verbalized_sampling_7_2,verbalized_sampling,7,,Primed re-stimulation transcriptional response assays,"Stimulate cells twice with a rest interval and measure faster or stronger induction of target genes (RNA-seq, nascent RNA/PRO-seq) relative to first-exposure cells. Correlate enhanced responses with AP-1 motif-containing loci to link memory phenotype to AP-1.",0.2,
verbalized_sampling_7_3,verbalized_sampling,7,,Single-cell multiome tracking of AP-1 activity and lineage inheritance,Combine single-cell RNA/ATAC with lineage barcoding or live-cell AP-1 reporters to determine whether AP-1 activity states are inherited through cell divisions and heterogeneous across clones. Persistence across divisions without ongoing signal would support memory.,0.12,
verbalized_sampling_7_4,verbalized_sampling,7,,Synthetic AP-1 induction sufficiency test with histone-mark readouts,Use optogenetic or chemogenetic pulses of FOS/JUN expression to ask if AP-1 alone is sufficient to create persistent enhancer accessibility and H3K27ac/H3K4me1 marks and memory-like responses. Pair with BAF/chromatin-remodeler inhibition to test the mechanism.,0.08,
persona_0_0,persona,0,Statistical Physicist,Hysteresis loop mapping of AP-1 activity vs. stimulus,"Ramp a controllable input (e.g., optogenetic or chemically induced ERK/JNK signaling, or inducible c-Fos/c-Jun) up and then down, and measure single-cell AP-1 reporter output and target-gene expression. A path-dependent loop, with different up and down thresholds that persist after the stimulus is removed, would indicate bistability. Memory would then be a property of the energy landscape rather than a lingering signal.",,
persona_0_1,persona,0,Statistical Physicist,Bimodality and critical slowing down near the threshold,"Tune stimulus dose or AP-1 abundance toward the putative tipping point and track single-cell time series with live reporters. Look for rising variance and autocorrelation time, diverging relaxation time after perturbation, and a shift from unimodal to bimodal distributions. These are generic signatures of a nearby bifurcation and would show whether AP-1 sits close to a transition.",,
persona_0_2,persona,0,Statistical Physicist,Perturb-and-relax basin-of-attraction test,"Deliver pulses of varying amplitude and duration, then knock AP-1 down transiently (degron, dominant-negative) or overexpress it, and record whether cells return to the original state or fall into a new one. Mapping the fraction of cells that settle in each state as a function of perturbation size gives the basin boundaries. Persistence after the perturbation is cleared, and its dependence on feedback loops such as FOS/JUN autoregulation, would separate attractor memory from slow decay.",,
persona_0_3,persona,0,Statistical Physicist,Chromatin-state memory via time-resolved ATAC/CUT&Tag with AP-1 motif tracking,"Profile accessibility, AP-1 occupancy and histone marks at AP-1-bound enhancers before, during and long after transient stimulation, including after cell divisions. Test whether enhancers opened by AP-1 stay open once AP-1 returns to baseline, and whether they enable faster or stronger re-induction. Pair this with AP-1 degradation at different times after the stimulus to separate initiation from maintenance of the memory.",,
persona_0_4,persona,0,Statistical Physicist,Inference of a landscape and dynamical model from single-cell data,"Combine single-cell RNA-seq or multiome data with live reporters to fit a stochastic dynamical model, such as a Langevin or Fokker-Planck model, of AP-1 and its targets. Estimate the effective potential, the number of minima, barrier heights and Kramers-type switching rates. Then test the predictions: the model should forecast how memory lifetime scales with noise, feedback strength and AP-1 dosage, and those predictions can be checked experimentally.",,
persona_1_0,persona,1,Information Theorist,Temporal mutual information between past stimulus and present AP-1 state,"Deliver defined stimulus histories (e.g., varied EGF/ERK pulse number, amplitude, duration) and measure single-cell AP-1 state (live FOS/JUN reporters plus chromatin accessibility at AP-1 motifs) at increasing delays after stimulus withdrawal. Estimate I(stimulus history; AP-1 state) in bits versus delay; memory is supported if information persists well beyond the lifetime of upstream signaling and FOS/JUN transcript/protein, and the decay time constant gives the memory 'half-life'.",,
persona_1_1,persona,1,Information Theorist,Channel capacity of the AP-1 write/read channel with and without chromatin feedback,"Treat ERK/JNK dynamics as the input and AP-1 target-gene output (nascent RNA, enhancer accessibility) as the output, and estimate channel capacity from single-cell dose-response and dynamic-input distributions. Compare wild-type with perturbations (dominant-negative A-FOS, BAF/SWI-SNF inhibition, degron-tagged JUN) to show whether AP-1-dependent chromatin remodeling raises capacity or the number of distinguishable stored states beyond what transient transcription alone allows.",,
persona_1_2,persona,1,Information Theorist,Acute degron 'erase' test: is stored state self-sustaining without AP-1?,"After a priming stimulus, rapidly degrade or inhibit AP-1 (dTAG/AID on FOS/JUN, or A-FOS induction) at varied times and measure whether the primed enhancer accessibility, H3K27ac, and enhanced re-response persist. Quantify the conditional entropy of the secondary response given priming with and without continued AP-1; a true AP-1-maintained memory should lose information upon removal, whereas AP-1-initiated but chromatin-held memory should persist, separating write from maintenance.",,
persona_1_3,persona,1,Information Theorist,Single-cell multiome lineage tracing of memory inheritance across divisions,"Use barcode lineage tracing with paired scATAC/scRNA to compare AP-1 motif accessibility and target expression between sister cells and cousins after priming. Compute mutual information between mother and daughter states over generations and compare to shuffled controls; high, slowly decaying inter-generational MI at AP-1 sites indicates heritable, error-corrected memory, with the per-division bit-loss rate acting like a bit-error rate.",,
persona_1_4,persona,1,Information Theorist,Causal CRISPR motif editing and optogenetic write-in to test sufficiency and coding structure,"Optogenetically drive FOS/JUN (or specific dimer compositions) with programmed pulse patterns and, separately, mutate AP-1 motifs at candidate memory enhancers via base editing. Measure whether transient AP-1 activation alone writes a lasting state, whether different dimer/dynamic codes yield distinguishable stored states (decoding accuracy, confusion matrix, bits per cell), and whether motif loss abolishes the stored information at that locus.",,
persona_2_0,persona,2,Control Theorist,Hysteresis loop mapping via dose-ramp of AP-1 input,"Use optogenetic or chemically inducible control of AP-1 (e.g., c-Fos/c-Jun, or upstream JNK/ERK) and sweep input up then down, measuring single-cell AP-1 activity and target-gene output. A bistable memory element shows hysteresis, i.e. different thresholds for on and off, and path-dependent output at identical input. A monostable system will not.",,
persona_2_1,persona,2,Control Theorist,Pulse-duration and frequency stimulation with washout (impulse-response and persistence),"Deliver defined stimulus pulses (varying amplitude, duration, spacing) and track AP-1 reporter dynamics and chromatin accessibility over hours to days after washout. Fit linear versus nonlinear state-space models to estimate decay time constants and test whether the system holds a state beyond input removal. Test whether a prior pulse alters the response to a later one (priming), which would reveal memory beyond the stimulus.",,
persona_2_2,persona,2,Control Theorist,Perturbing the feedback loops: break-the-loop interventions,"AP-1 autoregulates (c-Jun induces its own transcription, and Fos/Jun feed back on DUSPs and other negative regulators). Open each loop using CRISPRi on the c-Jun promoter, dominant-negative TAM67, or a synthetic constitutive replacement of the endogenous promoter. Then test whether memory is lost, which would show the loop is necessary. Add a synthetic positive feedback to test whether it is sufficient to create memory in naive cells.",,
persona_2_3,persona,2,Control Theorist,Single-cell live imaging with lineage tracking and state-estimation,"Image endogenously tagged Fos/Jun (or AP-1 reporters) in single cells over multiple divisions after transient stimulation. Quantify heritability of the state across mother-daughter pairs, bimodality, and switching rates. Apply observer/Kalman-style state estimation on the reporter time series to infer hidden states, such as chromatin-bound AP-1 versus nuclear abundance. This tests whether the hidden state is observable and persistent.",,
persona_2_4,persona,2,Control Theorist,Chromatin-level readout of the stored state (ATAC/CUT&Tag/Hi-C time courses),"After transient stimulation, profile AP-1 motif accessibility, AP-1 occupancy, and histone marks (H3K27ac, H3K4me1) at enhancers over time, comparing naive, primed, and recovered cells. Then perturb AP-1 binding acutely, for example with degron-tagged Jun or Fos, at different delays after the stimulus. If memory is stored in the enhancer state and needs AP-1 to be maintained, then late removal should erase it. If AP-1 only writes the state, then late removal should leave it intact, which separates writer from maintainer roles.",,
persona_3_0,persona,3,Evolutionary Biologist,Transient-stimulus hysteresis assay with chromatin accessibility readout,"Expose cells to a defined, brief AP-1-activating stimulus (e.g., serum, TPA, or stress), wash out, and track AP-1 binding (CUT&RUN for FOS/JUN) and ATAC-seq accessibility over days to weeks. Memory is supported if AP-1-dependent enhancers stay open and primed after TF levels return to baseline, and if a second challenge gives a faster or stronger transcriptional response than the first, which indicates path-dependence.",,
persona_3_1,persona,3,Evolutionary Biologist,Causal necessity/sufficiency tests with acute degradation and optogenetic pulses,"Use degron-tagged FOS/JUN or a dominant-negative (A-FOS) at different times (during priming, during the memory window, or at recall) to ask whether AP-1 is needed to establish versus maintain the memory. Pair this with optogenetic or chemogenetic AP-1 pulses of varied duration, amplitude and frequency to map the input–memory function, and test whether sufficiency alone can write the state.",,
persona_3_2,persona,3,Evolutionary Biologist,Single-cell lineage-resolved memory and heritability measurements,Combine live-cell AP-1 reporters with lineage tracing or barcoding and multiome (scRNA and scATAC) to measure how long the primed state persists across divisions and how correlated it is between sister cells. Compare the decay time and heritability with those of the noise-driven state fluctuations expected without memory. This separates true epigenetic memory from fixed cell-state differences or clonal selection.,,
persona_3_3,persona,3,Evolutionary Biologist,Enhancer-level mutational scanning of the memory landscape,"Run saturating mutagenesis or CRISPR-edited variants of AP-1 motifs (TRE sites) and their spacing or cooperative partners at primed enhancers, using a reporter that records the response to the first and second stimulus. This gives a fitness-landscape view of which motif sequence and grammar features set memory strength, how robust the memory is to mutation, and whether the trade-offs between sensitivity, memory persistence and noise are constrained.",,
persona_3_4,persona,3,Evolutionary Biologist,Comparative evolutionary analysis of AP-1 memory sites across species and cell types,"Compare AP-1-primed enhancers across mammals or other lineages with ATAC, ChIP and conservation scores, and test whether motif turnover and constraint are stronger at sites showing memory than at sites showing transient responses. Add population-level variant data (eQTL/caQTL) to test whether memory-linked elements are under purifying selection, which would show that memory has fitness value. Examine trade-offs such as faster re-response against the cost of maladaptive persistence in chronic inflammation or cancer.",,
persona_4_0,persona,4,Pharmacologist,Priming dose-response hysteresis curves,"Prime cells with a graded range of AP-1 activating stimuli (e.g., PMA, TNF, anisomycin, or optogenetic c-Fos/c-Jun induction), wash out, then challenge with a fixed second stimulus after varying delays. Plot the secondary response against the priming dose and the washout interval. This gives EC50 shifts, Emax changes, and decay half-lives of memory, with hysteresis and a persistent left-shift of the curve as the pharmacological signature of memory.",,
persona_4_1,persona,4,Pharmacologist,Time-windowed AP-1 inhibition (therapeutic window for memory),"Apply a selective AP-1 inhibitor (e.g., T-5224 or dominant-negative A-Fos) at defined windows: during priming only, during the rest period only, or during the challenge only. Run full concentration-response curves, and include inactive analogs and off-target controls for selectivity. If memory needs AP-1 during the rest period, it is maintained actively rather than just set at priming. The separation between memory-specific and acute-response IC50s defines the window.",,
persona_4_2,persona,4,Pharmacologist,Chromatin accessibility and AP-1 occupancy longitudinal profiling,"Use ATAC-seq or CUT&RUN for c-Jun, c-Fos, and H3K27ac at multiple times after stimulus washout. Look for AP-1 motif-containing enhancers that stay open after the stimulus is gone and respond faster or more strongly on restimulation. Correlate the persistence of each site with the magnitude of the recall response per locus, as a dose-dependent biochemical readout of memory.",,
persona_4_3,persona,4,Pharmacologist,Single-cell reporter tracking of bistability and heritability,"Use live-cell AP-1 reporters or endogenous tagged Fos/Jun to follow single cells and their lineages through priming, rest and rechallenge. Measure whether the primed state is all-or-none and whether it passes through divisions. Dose-response curves showing a sharp, switch-like Hill coefficient and bimodal distributions would support a self-sustaining memory circuit over a graded carryover.",,
persona_4_4,persona,4,Pharmacologist,Synergy analysis of AP-1 with co-regulators and epigenetic modifiers,"Test combinations of AP-1 perturbation with inhibitors of chromatin regulators (BAF/SWI-SNF, p300, HDACs, DNMTs) in a dose-matrix. Analyze with Bliss and Loewe synergy models to see whether they act in the same pathway for memory maintenance. Synergy or antagonism patterns, plus Jun/Fos paralog-specific knockdown, help place AP-1 as an initiator, maintainer, or reader of memory.",,
persona_5_0,persona,5,Causal Inference Researcher,Transient-stimulus do-intervention with acute degron removal,"Define memory as an effect of past exposure (S_t0) on later response (R_t1) after S has vanished, with AP-1 binding/chromatin accessibility as the mediator M. Deliver a pulse (e.g., TNF, EGF, or optogenetic ERK), then use a dTAG/AID degron to remove FOS/JUN either before the pulse, during the memory window, or only at restimulation. If memory persists when AP-1 is removed after the pulse, AP-1 isn't required for maintenance. If it vanishes, AP-1 is necessary. This separates establishment from maintenance, which is the key causal distinction.",,
persona_5_1,persona,5,Causal Inference Researcher,Mediation analysis with single-cell multiome and lineage-tracked cells,"Run paired scRNA+scATAC (or CUT&Tag) on clonally barcoded cells before and after priming and restimulation. Estimate natural direct and indirect effects of priming on secondary transcription through AP-1 motif accessibility (chromVAR), adjusting for cell cycle, cell state, and clone as confounders. Sibling-cell concordance within clones then separates heritable memory from shared microenvironment. Add sensitivity analyses (E-values) for unmeasured confounding of the mediator–outcome link.",,
persona_5_2,persona,5,Causal Inference Researcher,Locus-specific causal perturbation of AP-1 sites with CRISPR editing and dCas9 tools,"Mutate or CRISPRi/dCas9-block AP-1 motifs at selected primed enhancers, or tether a dominant-negative (A-FOS) there, then test whether the faster or stronger secondary response is lost at that gene only. Compare against matched control motifs to rule out off-target accessibility effects. This yields site-level interventional evidence, rather than correlational ChIP, and tests whether memory is cis-encoded.",,
persona_5_3,persona,5,Causal Inference Researcher,Positive-feedback and bistability test via synthetic circuits and mathematical modeling,"Memory mechanisms predict hysteresis and self-sustaining states. Quantify AP-1 (FOS/JUN) levels with live reporters across a dose-ramp up and down, and test for path dependence, bimodality, and decay time. Then cut candidate feedback edges, such as the JUN autoregulation promoter or the AP-1–BAF/p300 accessibility loop, in the DAG-informed model to see which edges are necessary for persistence. Fit competing models, including AP-1-independent ones like histone-mark memory, and compare them with held-out perturbations.",,
persona_5_4,persona,5,Causal Inference Researcher,Natural-experiment and instrument-based designs using genetic variation and cell-type contrasts,"Use allele-specific analysis of AP-1 motif-altering variants (caQTL/ASE in heterozygous cells, or MPRA) as instruments for AP-1 occupancy. Test whether the allele with stronger binding shows greater retention of accessibility and enhanced secondary response after stimulus withdrawal. Complement with natural contrasts such as trained immunity or senescence, where priming histories differ, using difference-in-differences on accessibility across primed and naive states. This gives randomization-like, within-individual, confounder-robust evidence.",,
persona_6_0,persona,6,Ecologist,Hysteresis test of AP-1 state after stimulus removal (priming/succession),"Expose cells to a transient stimulus (e.g., TPA, TNF, or wounding), then withdraw it and track AP-1 factor composition (FOS/JUN family), chromatin accessibility (ATAC-seq), and re-challenge transcriptional response over days to weeks. Like ecological succession, memory means the post-stimulus state differs from naive and shows a faster or larger response, or path dependence on stimulus history.",,
persona_6_1,persona,6,Ecologist,AP-1 family 'community composition' and diversity indices across time and cell states,"Use single-cell multiome (RNA + ATAC) and CUT&RUN or ChIP for each FOS/JUN/ATF member to quantify the relative abundance of AP-1 dimers at enhancers. Compute Shannon/Simpson diversity and beta-diversity (turnover) of AP-1 composition between naive, stimulated, and recovered cells to see whether a persistent compositional shift (a new stable community) marks memory.",,
persona_6_2,persona,6,Ecologist,Competitive niche occupancy at shared enhancers by AP-1 versus other pioneer factors,"Map footprinting and motif occupancy of AP-1 relative to competing factors (e.g., CTCF, lineage TFs, NF-κB, glucocorticoid receptor) at memory-associated enhancers, and perturb AP-1 dosage using degron or dominant-negative (A-FOS) to see if niches are lost or taken over. Competitive release or displacement would show whether AP-1 holds the site open and excludes rivals, thereby maintaining memory.",,
persona_6_3,persona,6,Ecologist,Acute degron removal after the priming window (keystone-removal experiment),"Deplete AP-1 (dTAG/auxin degron on FOS, JUN, or by A-FOS) either during priming or only during the memory interval, then re-stimulate. If memory persists after AP-1 loss in the interval, AP-1 is only an initiator. If it collapses, AP-1 actively maintains memory, much like removing a keystone species. Pair this with ATAC and histone marks (H3K27ac, H3K4me1) to separate chromatin-based from TF-based persistence.",,
persona_6_4,persona,6,Ecologist,Lineage-tracked single-cell heritability and mathematical model of state persistence,"Use barcoded lineage tracing or live reporters (AP-1 activity reporter, FOS-GFP) to measure whether AP-1 state is inherited across divisions versus rewired by noise. Compare sister-cell correlation to random pairs. Fit bistability or positive-feedback population models (analogous to alternative stable states in ecology) to estimate persistence half-life, and test predictions by perturbing feedback loops such as FOS/JUN autoregulation.",,
persona_7_0,persona,7,Economist / Game Theorist,Hysteresis and bistability test (path-dependence of equilibrium),"Expose cells to graded doses of a transient AP-1-activating stimulus (e.g., PMA, stress, or optogenetic c-Fos/c-Jun), then measure AP-1 target accessibility and expression after washout. Hysteresis, bimodal single-cell distributions, and a persistent high state at identical final conditions would indicate multiple stable equilibria, the game-theoretic signature of memory rather than a transient response.",,
persona_7_1,persona,7,Economist / Game Theorist,Time-resolved ATAC/CUT&Tag with AP-1 occupancy through stimulus and washout,"Track chromatin accessibility, AP-1 (FOS/JUN) binding, and histone marks (H3K27ac, H3K4me1) at defined time points after a stimulus ends. Test whether AP-1 sites stay open and primed (a 'committed investment' in regulatory state) and whether the memory-bearing loci are enriched for AP-1 motifs relative to matched controls.",,
persona_7_2,persona,7,Economist / Game Theorist,Necessity/sufficiency via acute degradation and optogenetic timing (mechanism-design intervention),"Use degron-tagged (dTAG/AID) or dominant-negative AP-1 (A-FOS) to remove AP-1 either during priming, during the memory interval, or at re-challenge, and optogenetically pulse it in naive cells. If depletion only during priming erases memory while depletion during the interval or re-challenge has different effects, you can separate AP-1 as the writer, the maintainer, or the reader of memory.",,
persona_7_3,persona,7,Economist / Game Theorist,Re-stimulation response assay with single-cell readouts (primed vs. naive payoff),"Apply a first and second stimulus separated by variable delays, and measure the speed, amplitude, and cell-to-cell variability of transcriptional response (scRNA-seq, live reporters) versus naive cells. Fit decay kinetics of the primed advantage to estimate memory half-life, and test whether it depends on AP-1 dosage or motif integrity.",,
persona_7_4,persona,7,Economist / Game Theorist,Motif-level perturbation and feedback-loop modeling,"Edit AP-1 motifs at candidate enhancers with CRISPR base editing, or run a massively parallel reporter assay, to test whether memory is locus-intrinsic. In parallel, build a dynamical model with AP-1 positive autoregulation (c-Jun autoinduction) and chromatin feedback, fit it to the data, and test whether it predicts when memory is stable, using inhibition of feedback components as the falsification step.",,
poem_0_0,poem,0,,Transient stimulus with long-term chromatin accessibility tracking,"Expose cells to a brief inflammatory or stress stimulus (e.g., TNF, wound signal), then run ATAC-seq and AP-1 (FOS/JUN) CUT&RUN at multiple time points, including days to weeks after withdrawal. Persistent AP-1-motif-enriched accessible regions after the signal is gone would indicate AP-1-dependent memory, and these can be compared to naive cells.",,
poem_0_1,poem,0,,Acute AP-1 degradation at defined times (degron/dominant-negative),"Use an inducible degron (e.g., dTAG on c-JUN/FOS) or dominant-negative A-FOS to remove AP-1 either during the priming stimulus or after it has ended. If memory needs AP-1 only for establishment, depletion during priming abolishes memory, while if it needs AP-1 for maintenance, depletion after priming erases it. This separates initiation from maintenance.",,
poem_0_2,poem,0,,Re-stimulation response assay with enhancer-level readouts,"Prime cells, rest them, then restimulate and measure faster or stronger transcription (nascent RNA-seq such as PRO-seq, or scRNA-seq) at AP-1-bound loci versus unprimed controls. Pair this with H3K27ac and chromatin accessibility profiling to link a heightened response to AP-1-marked enhancers, and test whether AP-1 binding site mutation (CRISPR) removes the effect.",,
poem_0_3,poem,0,,Single-cell multiome lineage tracing of memory inheritance,"Combine single-cell ATAC and RNA with lineage barcodes or sister-cell pairing to test whether AP-1 activity states and accessibility are inherited through divisions. High sister-cell concordance that persists after the signal ends, and that exceeds what current AP-1 levels explain, supports epigenetic heritability rather than ongoing signaling.",,
poem_0_4,poem,0,,Live-cell AP-1 dynamics and synthetic locus perturbation,"Image AP-1 reporters or endogenously tagged FOS/JUN with single-molecule tracking over days, measuring bimodality and persistence of activity after transient input. Complement this with optogenetic or dCas9-based recruitment of AP-1 (or its motif deletion) at a reporter locus to test whether AP-1 binding alone is sufficient to create a self-sustaining active state, and whether that depends on cofactors like BAF/SWI-SNF or histone marks.",,
poem_1_0,poem,1,,Transient stimulus with delayed re-challenge,"Expose cells (e.g., fibroblasts, macrophages, or T cells) to a defined stimulus such as TPA, TNF, or TCR signaling, then wash out and rest for days to weeks. Re-challenge them and compare transcriptional kinetics and amplitude with naive cells by RNA-seq, to test whether a persistent, AP-1-dependent altered response exists.",,
poem_1_1,poem,1,,Longitudinal chromatin accessibility and AP-1 footprinting,"Run time-course ATAC-seq or CUT&Tag for JUN/FOS family members and H3K27ac before, during, and long after stimulus withdrawal. Test whether AP-1 motif-containing enhancers opened by the stimulus stay accessible and bound once AP-1 activity has returned to baseline. This separates a memory-like chromatin state from continued AP-1 occupancy.",,
poem_1_2,poem,1,,Acute degradation of AP-1 during maintenance versus establishment,"Use degron tags (dTAG/AID) or dominant-negative A-FOS to remove AP-1 either during the initial stimulus or only during the rest period before re-challenge. If AP-1 is needed for establishing memory but not for maintaining it, it acts as an initiator. If it is needed for both, it is a true maintenance mechanism. Measure memory genes by accessibility and nascent transcription.",,
poem_1_3,poem,1,,Single-cell multiome and live-cell reporters of memory heritability,"Pair single-cell RNA and ATAC profiling with live imaging of AP-1 activity reporters or endogenous tagged JUN/FOS. Track lineages through divisions to test whether memory states are heritable and bistable, and whether they correlate with AP-1 level, dynamics, or a positive feedback loop. Model the results to look for hysteresis.",,
poem_1_4,poem,1,,Targeted synthetic perturbation of AP-1 sites at memory loci,"Use CRISPR base editing or deletion of AP-1 motifs, together with dCas9-based recruitment or blocking of AP-1 at specific enhancers. Test whether memory at a given gene needs local AP-1 binding, and whether forced AP-1 occupancy alone is enough to create memory without a prior stimulus. Add measurements of nucleosome remodeling (BAF recruitment) and histone marks to define the mechanism.",,
poem_2_0,poem,2,,Transient stimulus with delayed re-challenge,"Expose cells to a defined, transient AP-1-activating stimulus (e.g., TPA, TNF, or injury signal), let AP-1 activity return to baseline, then re-stimulate days to weeks later. Compare transcriptional output (RNA-seq, nascent RNA) and kinetics against naive cells to test for primed or enhanced responses.",,
poem_2_1,poem,2,,Time-resolved chromatin accessibility and AP-1 occupancy,"Run ATAC-seq, CUT&Tag/ChIP-seq for FOS/JUN family members, and H3K27ac/H3K4me1 profiling before, during, and long after stimulation. Test whether AP-1-dependent enhancers remain open or poised after AP-1 binding disappears, indicating a persistent epigenetic trace.",,
poem_2_2,poem,2,,Acute AP-1 perturbation to test necessity and sufficiency,"Use dominant-negative FOS (A-FOS), degron-tagged JUN/FOS, or CRISPRi/KO to remove AP-1 at different times, and optogenetic or inducible expression to pulse it. Determine whether AP-1 is needed only to establish the memory, or also to maintain it, and whether a pulse alone is sufficient to create it.",,
poem_2_3,poem,2,,Single-cell live imaging and multiome tracking of lineages,"Use live reporters of AP-1 activity (e.g., FOS-GFP or AP-1 response element reporters) with lineage tracing, plus single-cell multiome (RNA+ATAC) over time. Quantify whether the memory persists through cell divisions, how heterogeneous it is, and whether prior AP-1 dynamics (amplitude, duration, pulsing) predict later responses.",,
poem_2_4,poem,2,,Locus-specific causal editing of AP-1 motifs and chromatin state,"Mutate or delete AP-1 motifs at candidate memory enhancers, or recruit dCas9 effectors (writers/erasers of H3K27ac or DNA methylation) to them. Measure whether the primed state, and the enhanced re-response of nearby genes, depends on those sites and on partner pioneer factors or chromatin remodelers, such as SWI/SNF.",,
poem_3_0,poem,3,,Prime-rest-restimulate time course with chromatin profiling,"Expose cells (e.g., fibroblasts or macrophages) to a transient stimulus (TPA, TNF, or wounding cues), let them rest for days to weeks, then restimulate. Measure ATAC-seq, AP-1 (FOS/JUN) CUT&RUN, and RNA-seq to see whether primed cells show faster or stronger transcription and retained accessibility at AP-1 motif sites compared with naive cells.",,
poem_3_1,poem,3,,Acute AP-1 degradation at different memory phases,"Use degron-tagged (dTAG/AID) FOS, JUN, or ATF family members. Deplete them (a) during priming only, (b) during the rest period, or (c) during restimulation, and see which window is needed to establish versus maintain the primed response. This separates AP-1 as an initiator of memory from AP-1 as a continuous maintainer.",,
poem_3_2,poem,3,,Single-cell multiome lineage-tracked memory,"Combine single-cell ATAC and RNA with barcoded lineage tracing, so sister cells can be compared after priming. Test whether AP-1 motif accessibility and target-gene expression states are inherited across divisions and heterogeneous among clones, in line with a heritable cell-state memory.",,
poem_3_3,poem,3,,Live-cell AP-1 reporters and dynamics imaging,"Image endogenously tagged FOS/JUN, or AP-1 transcriptional reporters, with single-molecule tracking and optogenetic or pulsed stimulation. Quantify whether past stimulus history alters the amplitude, duration, or dimer composition of later AP-1 responses, and whether this predicts the memory state of single cells.",,
poem_3_4,poem,3,,Locus-specific causal perturbation of AP-1 sites,"Use CRISPR base editing or dCas9 perturbation to mutate or block AP-1 motifs at primed enhancers. Pair this with measurements of pioneer-like opening (with or without SWI/SNF/BAF inhibition) and histone marks (H3K27ac, H3K4me1). Test whether those motifs are necessary and sufficient for stable accessibility and enhanced re-induction after a transient signal.",,
poem_4_0,poem,4,,Transient stimulus with long-term chromatin accessibility tracking,"Give cells a brief pulse of a stimulus that activates AP-1 (e.g., TPA, a growth factor, or an inflammatory cue). Then run time-resolved ATAC-seq and CUT&RUN for AP-1 factors (FOS, JUN) and histone marks (H3K27ac, H3K4me1) over days to weeks after the signal is removed. Memory predicts that a subset of AP-1 motif-containing enhancers stays open or marked after AP-1 itself returns to baseline.",,
poem_4_1,poem,4,,Re-stimulation (priming) assays with transcriptional readouts,"Compare primed and naive cells by RNA-seq or single-cell RNA-seq after a second stimulus given at varying intervals. Look for faster, stronger, or qualitatively different induction of AP-1 target genes in primed cells. The decay kinetics of this priming effect quantify how long the memory lasts.",,
poem_4_2,poem,4,,Acute AP-1 loss-of-function during the memory phase,"Use degron-tagged FOS/JUN or dominant-negative A-FOS, and time the depletion to different phases: during the initial stimulus, or only after it has ended. If AP-1 is needed only to establish memory, depleting it later should leave accessibility and primed responses intact. If it is needed to maintain memory, they should be lost. Pair this with ATAC-seq and re-stimulation readouts.",,
poem_4_3,poem,4,,Optogenetic or synthetic AP-1 activation with sufficiency tests,"Use a light- or drug-inducible FOS/JUN to give pulses of defined amplitude, duration, and dynamics in cells with no prior history. Measure whether the pulses alone cause lasting enhancer opening and stable target-gene priming. Then mutate the AP-1 motifs at selected loci with CRISPR, or use dCas9 effectors, to show that the memory depends on those specific sites.",,
poem_4_4,poem,4,,Single-cell multiome and lineage tracing of memory inheritance,"Use single-cell multiome (RNA plus ATAC) on cells that have been through several divisions after the stimulus, and tag clones with barcodes. Test whether sister cells share accessibility states and primed responses, and whether the memory persists in a heritable, clone-specific way. Live reporters of AP-1 activity could also show whether the memory is carried by AP-1 self-reinforcing loops (e.g., FOS/JUN autoregulation) or by chromatin states that persist without AP-1.",,
poem_5_0,poem,5,,Transient stimulus with delayed chromatin accessibility readout,"Expose cells to a defined pulse of AP-1-activating stimulus (e.g., TPA, injury, or cytokine), then wash out and profile ATAC-seq/CUT&RUN for AP-1 (FOS/JUN) binding and H3K27ac at days to weeks later. Persistent accessibility at AP-1 motif sites after Fos/Jun levels return to baseline would indicate a memory-like state.",,
poem_5_1,poem,5,,Acute degron depletion of AP-1 during maintenance phase,"Use an inducible degron (dTAG/AID) on JUN/FOS or a dominant-negative (A-FOS) after the initiating stimulus has ended. If primed enhancers close and the enhanced secondary response is lost only when AP-1 is removed during the maintenance window, AP-1 is required for maintaining memory, not just establishing it.",,
poem_5_2,poem,5,,Secondary-stimulus response assay (priming test),"Compare transcriptional output (RNA-seq, single-cell) of naive versus previously stimulated cells upon restimulation, with and without AP-1 perturbation at the priming stage. Faster or stronger induction of AP-1 target genes in primed cells, dependent on AP-1 binding at those loci, directly tests memory function.",,
poem_5_3,poem,5,,Live-cell AP-1 reporter and lineage tracking across divisions,"Image single-cell AP-1 activity (e.g., FOS-GFP knock-in or AP-1 transcriptional reporter) with lineage tracing through cell divisions after a pulse stimulus. Heritable reporter states in daughter cells, and their dependence on feedback loops, would show whether memory is cell-autonomous and mitotically propagated.",,
poem_5_4,poem,5,,Pioneer function and mitotic bookmarking tests,Perform CUT&RUN/ChIP on mitotic-arrested versus interphase cells and use motif-mutant (CRISPR-edited) enhancers or dCas9-based AP-1 site recruitment/blocking to ask whether AP-1 retention at specific sites is necessary and sufficient to reopen chromatin and sustain gene expression after division. Pair with ordering of AP-1 relative to SWI/SNF (BAF) recruitment and histone marks to define the mechanism.,,
poem_6_0,poem,6,,Transient stimulus with delayed re-challenge,"Expose cells to a brief, defined stimulus (e.g., TNF, EGF, or PMA pulse), wash out, then re-stimulate after hours to days. Compare the response magnitude and kinetics of AP-1 target genes (RNA-seq, nascent transcription by PRO-seq) with those of naive cells to quantify primed or memory-like responses.",,
poem_6_1,poem,6,,Longitudinal chromatin accessibility and AP-1 occupancy,"Run ATAC-seq, CUT&RUN or ChIP-seq for FOS, JUN and H3K27ac at time points before, during and long after stimulus withdrawal. Identify enhancers that stay open or acetylated after AP-1 levels return to baseline, and test whether motif-containing sites carry the persistent changes.",,
poem_6_2,poem,6,,Acute AP-1 degradation to separate initiation from maintenance,"Use degron tags (dTAG/AID) or dominant-negative A-FOS to remove AP-1 either during the priming stimulus or after memory has formed. If memory requires AP-1 only at establishment, the epigenetic state persists after removal. If memory requires AP-1 at maintenance, it decays.",,
poem_6_3,poem,6,,Single-cell live imaging of AP-1 dynamics and heritability,"Track AP-1 reporters, or endogenous FOS/JUN tagged with fluorescent proteins, in single cells over multiple divisions. Test whether activity states are inherited by daughter cells and whether the state depends on the history of past pulses, using lineage-resolved analysis and mathematical modeling of bistability or hysteresis.",,
poem_6_4,poem,6,,Targeted perturbation of specific AP-1 sites,"Use CRISPR to delete or mutate AP-1 motifs at candidate memory enhancers. Use dCas9-based activation or repression to impose or erase accessibility at the same sites. Then measure whether the primed response and chromatin state follow the edit, which tests causality at individual loci.",,
poem_7_0,poem,7,,Transient stimulus with delayed re-challenge,"Expose cells (e.g., fibroblasts, macrophages, or keratinocytes) to a defined stimulus such as TPA, TNF, or wounding. After a washout of days to weeks, re-challenge them and compare transcriptional kinetics and amplitude with naive cells by RNA-seq. A faster or stronger response that depends on AP-1 would indicate memory.",,
poem_7_1,poem,7,,Longitudinal ATAC-seq/CUT&RUN of AP-1 occupancy,"Profile chromatin accessibility, AP-1 (FOS/JUN) binding, and histone marks (H3K27ac, H3K4me1) before stimulation, after it, and after a long washout. Look for AP-1 motif-enriched regions that stay open or primed once the signal is gone, and check whether those regions are the ones that respond more strongly on re-challenge.",,
poem_7_2,poem,7,,Acute AP-1 perturbation at different time windows,"Use inducible dominant-negative AP-1 (A-FOS), degron-tagged JUN/FOS, or CRISPRi to remove AP-1 either during the initial stimulus or only during the memory (washout) phase. If memory requires AP-1 only for establishment, or also for maintenance, the effects on later responses and on accessibility will differ. This separates a role in writing memory from a role in maintaining it.",,
poem_7_3,poem,7,,Single-cell multiome and live-cell reporters of AP-1 history,"Pair scRNA/scATAC multiome with live imaging of AP-1 activity reporters or FOS-GFP knock-ins to track individual cells and their lineages. Test whether a cell's past AP-1 activity predicts its later accessibility and responsiveness, and whether this persists through cell divisions, which would show heritable memory beyond a population average.",,
poem_7_4,poem,7,,Targeted motif and site-specific causal editing,"Mutate or delete specific AP-1 motifs at candidate memory enhancers with CRISPR base editing, or use dCas9 to block them. Alternatively, use a massively parallel reporter assay or an integrated reporter to test whether enhancer priming and the memory response depend on those motifs. This tests whether the effect is local and sequence-specific, and whether it requires cofactors such as BAF/SWI-SNF, which can be tested by inhibiting them.",,
distant_paragraph_0_0,distant_paragraph,0,,"Transient stimulus with AP-1 degron, then re-challenge","Expose cells to a defined transient stimulus (e.g., TNF, wounding, or growth factor pulse), then acutely deplete AP-1 (FOS/JUN family) with a degron at different times after the stimulus. Re-challenge weeks later and measure whether the primed transcriptional response persists without AP-1 present, separating AP-1 as a maintainer from AP-1 as an initiator.",,
distant_paragraph_0_1,distant_paragraph,0,,Longitudinal ATAC-seq/CUT&RUN of AP-1 occupancy and accessibility,"Profile chromatin accessibility, AP-1 motif footprints, JUN/FOS binding, and H3K27ac/H3K4me1 at time points from during stimulus to many cell divisions after it is removed. Test whether AP-1-bound enhancers stay open or become 'latent' after stimulus, and whether AP-1 binding is required to keep them so.",,
distant_paragraph_0_2,distant_paragraph,0,,Single-cell multiome lineage tracing of memory inheritance,"Combine single-cell RNA/ATAC with clonal barcodes or live-cell reporters to compare memory states in sister cells and across divisions. If AP-1-dependent states are heritable, sister cells should show correlated accessibility and re-activation kinetics beyond what is expected from shared environment.",,
distant_paragraph_0_3,distant_paragraph,0,,Locus-specific perturbation with dCas9 tools,"Use dCas9-based recruitment or blocking of AP-1 motifs, plus CRISPR deletion/mutation of specific motifs at candidate memory enhancers. Check whether altering a single AP-1 site abolishes or creates memory at that gene (faster re-induction, retained accessibility) in cis, independent of global AP-1 levels.",,
distant_paragraph_0_4,distant_paragraph,0,,"Dose, duration, and composition sweeps with live reporters and modeling","Vary the strength, duration, and frequency of stimuli and AP-1 dimer composition (e.g., FOS vs. JUNB vs. ATF3 overexpression) while tracking AP-1 activity and target gene reporters live. Fit mathematical models (hysteresis, bistability, positive feedback) to test whether AP-1 dynamics show the signatures of a self-sustaining memory circuit versus a purely transient signal-following response.",,
distant_paragraph_1_0,distant_paragraph,1,,Longitudinal chromatin accessibility after transient stimulus,"Stimulate cells (e.g., macrophages, fibroblasts, or neurons) with a transient signal that induces AP-1, then run ATAC-seq and CUT&RUN for AP-1 (FOS/JUN), H3K27ac, and H3K4me1 at multiple time points after washout. Test whether AP-1-bound enhancers stay open and primed long after AP-1 activity returns to baseline, and whether a second stimulus gives a faster or stronger transcriptional response at those sites.",,
distant_paragraph_1_1,distant_paragraph,1,,Acute AP-1 degradation during memory maintenance,"Use degron tags (dTAG/AID) or dominant-negative A-FOS to remove AP-1 at different stages: before priming, during the rest period, and at restimulation. If AP-1 is needed only to establish memory, accessibility should persist after removal. If it is needed to maintain memory, accessibility and the faster secondary response should decay.",,
distant_paragraph_1_2,distant_paragraph,1,,Single-cell multiome tracking of priming and response,"Perform paired scRNA/scATAC-seq on naive, primed, and restimulated cells to link each cell's AP-1 motif accessibility to its secondary response. Test whether memory is heritable and graded (clonal, tracked with lineage barcodes across divisions) or an all-or-none state. Compare this against cells that were never primed.",,
distant_paragraph_1_3,distant_paragraph,1,,Live-cell AP-1 reporters and dynamics,"Use endogenous tagging of FOS/JUN and AP-1 transcriptional reporters, with optogenetic or pulsatile stimulation, to record single-cell dynamics over days. Test whether prior pulse history predicts later response amplitude or kinetics after AP-1 levels have returned to baseline. Also test whether the memory is carried by a self-sustaining feedback loop with bistable or hysteretic behavior.",,
distant_paragraph_1_4,distant_paragraph,1,,Site-specific causal perturbation of AP-1 motifs,"Use CRISPR editing of AP-1 motifs, or dCas9-based recruitment and blocking, at selected memory-associated enhancers. Then test whether priming-induced accessibility, histone marks, and faster re-induction of nearby genes are lost. Include pioneer-factor cooperation with SWI/SNF (BAF) and lineage factors such as PU.1 to separate AP-1 as the memory carrier from AP-1 as only one input to a broader chromatin state. Complement this with in vivo tests, for example tracking trained-immunity or injury-primed tissues after the stimulus is gone.",,
distant_paragraph_2_0,distant_paragraph,2,,Transient stimulus with delayed re-challenge,"Expose cells to a brief stimulus (e.g., TNF, EGF, or PMA), let it wash out for hours to days, then re-stimulate and measure the transcriptional response (RNA-seq, nascent RNA) relative to naive cells. Compare the memory-linked response in wild-type cells and cells with AP-1 (FOS/JUN) knocked out or acutely degraded to see whether AP-1 is needed for the primed or altered response.",,
distant_paragraph_2_1,distant_paragraph,2,,Longitudinal chromatin accessibility and AP-1 occupancy profiling,"Run ATAC-seq or scATAC-seq, plus CUT&RUN for JUN/FOS, before, during, and after stimulation and after long washout. Look for enhancers that stay open and keep AP-1 motifs or binding after the signal is gone, and test whether these sites carry H3K27ac or H3K4me1 and predict enhanced re-induction of nearby genes.",,
distant_paragraph_2_2,distant_paragraph,2,,Acute degron perturbation at defined time windows,"Use dTAG or auxin-inducible degradation of AP-1 components during the initial stimulus, during the memory (washout) phase, or during re-challenge. This separates AP-1's role in establishing memory from its role in maintaining it and from its role in executing the recall response.",,
distant_paragraph_2_3,distant_paragraph,2,,Single-cell live imaging of AP-1 dynamics and heritability,"Track endogenously tagged FOS/JUN and AP-1 reporters in single cells through stimulation, washout, division, and re-stimulation. Quantify whether pulse history, level, or duration is retained and passed to daughter cells, and whether it predicts later reporter output beyond cell-to-cell noise.",,
distant_paragraph_2_4,distant_paragraph,2,,Targeted enhancer editing and synthetic AP-1 recruitment,"Mutate AP-1 motifs at candidate memory enhancers with CRISPR, and in separate experiments recruit AP-1 or its cofactors with dCas9 fusions at those sites. Test whether motif loss abolishes memory and whether forced AP-1 binding is sufficient to create a lasting accessible, primed state. Add perturbation of chromatin partners such as BAF/SWI-SNF to probe mechanism.",,
distant_paragraph_3_0,distant_paragraph,3,,Transient stimulus with delayed re-challenge,"Expose cells to a defined, transient AP-1-activating stimulus (e.g., TPA, TNF, or injury), let signaling return to baseline, then re-stimulate days to weeks later. Compare transcriptional output (RNA-seq) and chromatin accessibility against naive cells to test whether prior exposure leaves a lasting, AP-1-dependent change in response.",,
distant_paragraph_3_1,distant_paragraph,3,,Time-resolved ATAC-seq/CUT&RUN of AP-1 occupancy and motif accessibility,"Track chromatin accessibility, H3K27ac, and JUN/FOS binding at AP-1 motif-containing enhancers before, during, and long after the stimulus. Persistent opening or retained binding after AP-1 activity decays would indicate an epigenetic memory footprint, and ChromVAR-style motif analysis can quantify it.",,
distant_paragraph_3_2,distant_paragraph,3,,Acute AP-1 depletion during memory maintenance phase,"Use degron-tagged (dTAG/AID) or dominant-negative (A-FOS) AP-1 factors to remove AP-1 either only during the initial stimulus or only during the maintenance/recall phase. This separates AP-1 as the initiator of memory from AP-1 as the maintainer, and shows whether enhancer accessibility and primed responses persist without it.",,without
distant_paragraph_3_3,distant_paragraph,3,,Single-cell multiome and lineage tracing of memory states,"Perform single-cell RNA plus ATAC on stimulated and naive populations over time, combined with heritable barcodes or live reporters of AP-1 activity. This reveals whether memory is carried by cell-autonomous states inherited through divisions, and whether it correlates with prior AP-1 dynamics in individual cells.",,
distant_paragraph_3_4,distant_paragraph,3,,Synthetic optogenetic AP-1 activation with sufficiency testing,"Drive AP-1 factors (e.g., FOS/JUN) with light-inducible or pulsed expression at varied dose, duration, and frequency, then measure persistence of target gene expression and chromatin changes. Testing whether AP-1 alone is sufficient to create a lasting state, and how pulse patterns affect it, tests its causal role and tunability as a memory mechanism.",,
distant_paragraph_4_0,distant_paragraph,4,,Stimulus-then-washout chromatin accessibility time course,"Expose cells to a transient AP-1-activating stimulus (e.g., TPA, injury, or cytokine), then track ATAC-seq, CUT&RUN for FOS/JUN, and H3K27ac at multiple timepoints after washout. Persistent AP-1 motif-containing accessible regions, after AP-1 protein levels return to baseline, indicate a memory-like chromatin state.",,
distant_paragraph_4_1,distant_paragraph,4,,Re-stimulation response assay (primed vs naive),"Compare transcriptional output (RNA-seq, nascent PRO-seq) of previously stimulated versus naive cells upon a second challenge days to weeks later. Faster or stronger induction of AP-1 target genes in primed cells, with kinetics quantified, tests functional memory.",,
distant_paragraph_4_2,distant_paragraph,4,,Acute AP-1 perturbation with degron/dominant-negative,"Use dTAG/auxin-inducible degradation or dominant-negative A-FOS during different windows (during priming, during the memory interval, or at re-challenge). Loss of memory only when AP-1 is removed during specific windows distinguishes AP-1 as the establishing versus maintaining mechanism.",,
distant_paragraph_4_3,distant_paragraph,4,,Single-cell multiome and lineage-tracing of memory persistence,Perform paired scRNA/scATAC-seq on primed cells and track clones through division with barcoding or live reporters. This reveals whether AP-1 accessibility states are heritable across cell divisions and how heterogeneous memory is among individual cells.,,
distant_paragraph_4_4,distant_paragraph,4,,Synthetic sufficiency test with optogenetic or CRISPR-targeted AP-1 sites,"Pulse AP-1 activity with optogenetic FOS/JUN, or use dCas9-based recruitment or deletion of specific AP-1 motifs at candidate enhancers. Then measure whether accessibility, pioneer-factor cooperation (e.g., with BAF), and gene responsiveness persist after the pulse, testing sufficiency and locus-specific necessity.",,
distant_paragraph_5_0,distant_paragraph,5,,Longitudinal chromatin accessibility after transient stimulus,"Stimulate cells (e.g., with TNF, wounding cues, or EGF), then perform ATAC-seq and CUT&Tag for AP-1 factors (FOS, JUN) and H3K27ac at multiple time points after withdrawal, including weeks later. Persistent AP-1 motif-containing open regions that outlast the stimulus, and that are not in naive cells, would indicate an epigenetic memory footprint.",,
distant_paragraph_5_1,distant_paragraph,5,,Acute AP-1 degradation to test necessity for maintenance,"Use degron tags (dTAG/auxin) or dominant-negative A-FOS to remove AP-1 either during priming or only after the stimulus has ended. Then measure whether memory accessibility and faster or stronger transcriptional re-induction on restimulation are lost. Removal during maintenance but not priming would show that AP-1 is needed to sustain memory, not only to establish it.",,
distant_paragraph_5_2,distant_paragraph,5,,Re-stimulation response assay at single-cell resolution,"Prime cells, rest them for varying durations, then restimulate and compare naive and primed cells by scRNA-seq or live reporters of AP-1 target genes. Quantify response magnitude, speed, and the fraction of responding cells, and track the decay of the memory with time and cell division. This tests whether the memory is heritable and whether it is graded or binary.",,
distant_paragraph_5_3,distant_paragraph,5,,Sufficiency test via synthetic AP-1 induction and locus-specific recruitment,"Transiently express FOS/JUN, or recruit them with dCas9 to a defined enhancer, in naive cells. Then test whether chromatin opening, pioneer-like nucleosome remodeling (BAF recruitment), and later enhanced gene responses persist after the factor is removed. Comparing this with a DNA-binding or transactivation mutant controls for specificity.",,
distant_paragraph_5_4,distant_paragraph,5,,Live imaging of AP-1 dynamics with lineage tracking,"Image endogenously tagged FOS/JUN or AP-1 activity reporters in single cells through priming, rest and restimulation, and follow daughter cells. Correlate pulse history, dynamics and dimer composition with later responsiveness. This shows whether memory is stored in AP-1 levels, persistent feedback loops, or chromatin state that is inherited across divisions.",,
distant_paragraph_6_0,distant_paragraph,6,,Transient stimulus with delayed re-challenge (priming assay),"Expose cells to a brief inflammatory or growth-factor stimulus, let them rest for days to weeks, then re-stimulate and measure faster or stronger induction of AP-1 target genes (RNA-seq, nascent transcription via PRO-seq) relative to naive cells. Persistence beyond the decay of FOS/JUN protein and mRNA would distinguish true memory from lingering signaling.",,
distant_paragraph_6_1,distant_paragraph,6,,Longitudinal chromatin accessibility and AP-1 occupancy profiling,"Use ATAC-seq, CUT&RUN/CUT&Tag for FOS/JUN family members, and H3K27ac/H3K4me1 ChIP at time points before, during and long after stimulation to find enhancers that stay open or bound after the stimulus is gone. Motif analysis and footprinting would test whether AP-1 binding marks the retained 'memory' regions, and whether the regions overlap with those showing enhanced re-induction.",,
distant_paragraph_6_2,distant_paragraph,6,,Acute AP-1 degradation during the memory phase,"Use degron-tagged (dTAG/AID) or dominant-negative (A-FOS) AP-1 factors to deplete AP-1 either only during the initial stimulus or only during the rest period, then re-challenge. If memory needs AP-1 only for establishment, versus for maintenance, the timing of loss will show which, and whether chromatin accessibility persists without it.",,
distant_paragraph_6_3,distant_paragraph,6,,Sufficiency test via synthetic AP-1 pulse and site-specific recruitment,Induce a transient pulse of an AP-1 factor (optogenetic or chemically inducible c-Jun/FOS) in the absence of the natural stimulus and test whether it alone leaves lasting accessibility and enhanced responsiveness. Complement with dCas9-targeted recruitment or motif mutation by CRISPR at individual enhancers to test whether AP-1 sites at a locus are necessary and sufficient for its memory.,,
distant_paragraph_6_4,distant_paragraph,6,,Single-cell and lineage tracking of memory inheritance,"Combine live-cell reporters of AP-1 activity or target genes with single-cell multiome (RNA + ATAC) and lineage barcoding to ask whether memory is carried through cell divisions and is heterogeneous across clones. Comparing sister cells, and the number of divisions after the stimulus, would show if memory is stable, heritable and cell-autonomous, versus a population-level or paracrine effect.",,
distant_paragraph_7_0,distant_paragraph,7,,"Transient stimulus with delayed re-challenge, mapped by ATAC/CUT&RUN","Expose cells to a brief stimulus (e.g., TPA, TGF-β, or inflammatory signal), withdraw it for days to weeks, then re-stimulate. Compare chromatin accessibility, AP-1 (FOS/JUN) binding, and transcription at primed versus naive cells to see whether AP-1-bound sites stay open and give a faster or stronger second response.",,
distant_paragraph_7_1,distant_paragraph,7,,Acute AP-1 degradation during the memory phase,"Use inducible degron or dominant-negative (A-FOS) systems to remove AP-1 either during the initial stimulus or only after stimulus withdrawal. If memory needs AP-1 to be established but not maintained, or needs it throughout, the two timings will show that and separate initiation from maintenance.",,
distant_paragraph_7_2,distant_paragraph,7,,Single-cell multiome with lineage tracing of memory persistence,"Run paired scRNA/scATAC on primed cells across time and through cell divisions, with barcodes or clonal tracking. This tests whether AP-1 motif accessibility and target expression are inherited by daughter cells and whether memory is heterogeneous (bimodal) or graded.",,
distant_paragraph_7_3,distant_paragraph,7,,Site-specific perturbation of AP-1-dependent enhancers,"Use CRISPR deletion of AP-1 motifs, or dCas9-KRAB/dCas9-p300 at candidate memory enhancers. Measure whether disabling a motif abolishes the primed response and whether forced activation can substitute for the priming stimulus, which would show that the sites themselves carry the memory.",,
distant_paragraph_7_4,distant_paragraph,7,,Live-cell AP-1 dynamics and reporter readout,"Image endogenously tagged FOS/JUN, or an AP-1 transcriptional reporter, in single cells across repeated stimuli. Test whether the memory shows up as a persistent protein level, a change in dynamics, or a faster reporter induction, and whether it depends on cooperating factors or histone marks (H3K27ac, H3K4me1) checked by ChIP or CUT&Tag.",,
random_tokens_0_0,random_tokens,0,,Stimulus-memory chromatin accessibility time course,"Stimulate cells (e.g., fibroblasts or macrophages) with a transient signal, then run ATAC-seq and CUT&RUN for AP-1 factors (FOS, JUN) and H3K27ac at multiple time points after washout. Persistent AP-1-bound enhancers that stay open after the signal ends, and that prime a faster or stronger response to restimulation, would support a memory role.",,
random_tokens_0_1,random_tokens,0,,Acute AP-1 degradation during priming versus recall,"Use degron-tagged (dTAG/AID) FOS or JUN, or a dominant-negative A-FOS, to remove AP-1 either during the initial priming stimulus or only during the memory (washout) phase. If depleting it only during the washout phase erases enhanced re-induction, AP-1 is needed to maintain memory, not just to establish it.",,
random_tokens_0_2,random_tokens,0,,Single-cell multiome tracking of history-dependent responses,"Perform paired scRNA/scATAC-seq on naive, primed and re-stimulated cells, and correlate AP-1 motif accessibility with each cell's transcriptional response. Include live reporters of AP-1 activity to link individual cells' stimulation history to their later response and to test whether memory is heritable across divisions.",,
random_tokens_0_3,random_tokens,0,,Optogenetic or synthetic AP-1 pulse-encoding experiments,"Drive AP-1 with controlled pulses of different duration, frequency and amplitude, using optogenetic or chemically inducible FOS/JUN. Measure target-gene output and enhancer state after later challenges to determine whether AP-1 dynamics are integrated and stored, and whether the memory is dose- or timing-dependent.",,
random_tokens_0_4,random_tokens,0,,Pioneer-like function and locus-specific causal tests,"Use CRISPR deletion or dCas9 perturbation of AP-1 motifs at candidate memory enhancers. Pair this with in vitro nucleosome-binding assays and Hi-C or Micro-C to test whether AP-1 binding opens chromatin, recruits SWI/SNF (BAF) and sustains looping after the signal is gone. Compare the effects with those of non-AP-1 memory mechanisms, such as histone marks or DNA methylation.",,
random_tokens_1_0,random_tokens,1,,Transient stimulus with delayed re-challenge,"Expose cells to a defined AP-1-activating stimulus (e.g., TPA, TNF, or injury signals), wash it out, then re-stimulate after varying delays (hours to weeks). Measure whether transcriptional output and kinetics of AP-1 targets differ from naive cells, and whether the effect depends on prior AP-1 activity.",,
random_tokens_1_1,random_tokens,1,,Longitudinal chromatin accessibility and AP-1 binding profiling,"Use ATAC-seq, CUT&RUN/CUT&Tag for FOS/JUN family members, and H3K27ac at time points before, during, and long after the stimulus. Test whether AP-1-dependent enhancers stay open or primed after AP-1 levels return to baseline, and whether motif-containing sites show persistent accessibility.",,
random_tokens_1_2,random_tokens,1,,Acute AP-1 perturbation to separate initiation from maintenance,"Use inducible dominant-negative (A-FOS), degron-tagged JUN/FOS, or CRISPRi to remove AP-1 either during the initial stimulus or only after it. If memory requires AP-1 only for establishment, it should persist after late removal; if AP-1 is also needed for maintenance, the memory should be lost.",,
random_tokens_1_3,random_tokens,1,,Single-cell live imaging of AP-1 dynamics with lineage tracking,"Image endogenous fluorescent reporters of FOS/JUN activity and target-gene transcription (e.g., MS2) in single cells through stimulus, rest, and division. Test whether the history of a cell's AP-1 pulses predicts its later response, and whether the state is inherited by daughter cells in a heritable, bistable manner.",,
random_tokens_1_4,random_tokens,1,,Targeted enhancer editing and epigenome manipulation,"Mutate AP-1 motifs at candidate memory enhancers, or use dCas9 to recruit or block chromatin modifiers there. Then measure the effect on persistent accessibility, histone marks, and the enhanced secondary response. This tests whether AP-1 binding at specific loci is causally required for memory, rather than merely correlated with it.",,
random_tokens_2_0,random_tokens,2,,Transient stimulus with delayed re-challenge,"Expose cells to a defined pulse of AP-1-activating signal (e.g., TPA, TNF, or injury), wait days to weeks after AP-1 activity returns to baseline, then re-stimulate and measure whether transcriptional output (RNA-seq, target gene induction kinetics) is faster or stronger than in naive cells. Include dose and duration series to define the memory window.",,
random_tokens_2_1,random_tokens,2,,Longitudinal chromatin accessibility and AP-1 occupancy profiling,"Use ATAC-seq, CUT&RUN/ChIP-seq for FOS/JUN family members, and H3K27ac across a time course (before, during, and long after stimulation) to test whether AP-1-bound enhancers stay open or primed after AP-1 itself is no longer active. Motif footprinting and single-cell multiome data can reveal whether persistent accessibility is AP-1-dependent and heterogeneous across cells.",,
random_tokens_2_2,random_tokens,2,,Acute degron or dominant-negative perturbation at distinct phases,"Use an inducible degron (e.g., dTAG/AID on JUN/FOS) or dominant-negative A-FOS to remove AP-1 either during the initial stimulus (to test for establishment) or after stimulation but before re-challenge (to test for maintenance). Comparing the two shows whether AP-1 is required to write the memory, to keep it, or both.",,
random_tokens_2_3,random_tokens,2,,Single-cell live imaging of AP-1 dynamics and reporters,Track endogenous FOS/JUN with fluorescent knock-ins and AP-1 target reporters over many days in single cells and their lineages to ask whether past activity history predicts later response and whether states are inherited through division. Lineage-correlation and mother–daughter analyses separate cell-autonomous heritable memory from persistent external signaling.,,
random_tokens_2_4,random_tokens,2,,Targeted enhancer editing and epigenetic perturbation,"Use CRISPR to mutate AP-1 motifs at candidate memory enhancers, or dCas9-based writers or erasers (e.g., KRAB, p300, TET) to alter their chromatin state. Then test whether memory of the prior stimulus is lost or conferred. This establishes causal links between specific AP-1 sites, chromatin changes, and the memory phenotype, while controlling for cell cycle and for other transcription factors using cell-cycle-synchronized and parallel-lineage controls.",,
random_tokens_3_0,random_tokens,3,,Transient stimulus with delayed recall of chromatin accessibility,"Expose cells (e.g., fibroblasts or macrophages) to a brief AP-1-activating stimulus (TPA, EGF, or injury cue), wash out, and after days to weeks profile ATAC-seq and H3K27ac CUT&Tag. Then restimulate and test whether the sites that stayed open or were primed show faster or stronger transcription (nascent RNA-seq) than naive cells.",,
random_tokens_3_1,random_tokens,3,,Acute degron-based AP-1 depletion at different time windows,"Use dTAG/auxin degrons on FOS, JUN or the pioneer-like AP-1 factors to remove AP-1 either during the initial stimulus, after it, or only during recall. If memory needs ongoing AP-1, removal after the priming phase should erase it. If AP-1 is needed only to establish memory, removal at that point should have no effect.",,
random_tokens_3_2,random_tokens,3,,Single-cell multiome tracking of lineage-linked memory,"Perform paired scRNA/scATAC-seq, with lineage barcodes or live reporters, on cells at several times after a transient stimulus. Test whether AP-1 motif accessibility and target expression are inherited across cell divisions in clonal families, and whether they are bimodal, as expected for epigenetic memory.",,
random_tokens_3_3,random_tokens,3,,Live-cell imaging of AP-1 dynamics and target reporters,"Image endogenously tagged FOS/JUN and a transcriptional reporter of a target gene (MS2/PP7) through repeated pulses of stimulation. Quantify whether the history of pulses, such as their number or spacing, changes later binding dwell times or burst frequency, which would indicate a memory beyond simple signaling.",,
random_tokens_3_4,random_tokens,3,,Targeted epigenome editing at AP-1-dependent enhancers,"Use dCas9 tools to either block AP-1 motifs or force chromatin opening or closing (dCas9-p300, dCas9-KRAB) at selected primed enhancers, with and without prior stimulation. Measure whether the enhancer's state is sufficient to reproduce or abolish the memory response, which separates the contribution of AP-1 binding from that of downstream chromatin marks.",,
random_tokens_4_0,random_tokens,4,,Transient stimulus with delayed re-challenge,"Expose cells to a defined, transient AP-1-activating stimulus (e.g., TPA, TNF, or stress), wash out, then re-challenge after days to weeks. Compare transcriptional output and AP-1 occupancy with naive cells to test whether a persistent, stimulus-independent change in responsiveness exists.",,
random_tokens_4_1,random_tokens,4,,Longitudinal chromatin accessibility and AP-1 binding profiling,"Use ATAC-seq, CUT&Tag/ChIP-seq for FOS/JUN family members, and histone marks (H3K27ac, H3K4me1) at multiple time points before, during, and long after stimulation. Test whether AP-1-dependent accessible 'memory' regions stay open after AP-1 itself returns to baseline, and whether motif-bearing sites predict this.",,
random_tokens_4_2,random_tokens,4,,Acute AP-1 perturbation (degron/dominant-negative) at different phases,"Use an inducible degron or dominant-negative (e.g., A-FOS) to remove AP-1 either during the initial stimulus or only during the memory/maintenance phase. Distinguish AP-1 as an initiator of memory (needed only early) from a maintainer (needed continuously) by assessing chromatin state and re-challenge response.",,
random_tokens_4_3,random_tokens,4,,Single-cell live imaging of AP-1 dynamics with lineage tracking,"Image fluorescent reporters of endogenous FOS/JUN levels or AP-1 activity in single cells through stimulation and division, tracking lineages. Test whether history-dependent AP-1 dynamics are inherited by daughter cells and correlate with future response heterogeneity, beyond what is explained by noise.",,
random_tokens_4_4,random_tokens,4,,Targeted motif editing and epigenome manipulation at memory loci,"Use CRISPR to mutate AP-1 motifs at specific enhancers, or dCas9-based recruitment of AP-1 factors or chromatin modifiers, and measure the effect on retained accessibility and faster re-induction of nearby genes. This tests sufficiency and necessity of AP-1 binding at individual loci for encoding memory, and extends to in vivo contexts such as wound-healing or immune-trained cells.",,
random_tokens_5_0,random_tokens,5,,"Transient stimulus, then long-term chromatin accessibility tracking","Expose cells (e.g., fibroblasts, macrophages, or keratinocytes) to a brief stimulus such as TNF, TPA, or injury signals, then run ATAC-seq and AP-1 (FOS/JUN) CUT&RUN at multiple time points after washout. Persistence of AP-1 motif-enriched accessible sites and H3K27ac long after AP-1 activity returns to baseline would indicate a memory imprint.",,
random_tokens_5_1,random_tokens,5,,Acute AP-1 degradation or dominant-negative block during priming versus recall,"Use degron-tagged (dTAG/AID) c-JUN/FOS or dominant-negative A-FOS to remove AP-1 either only during the initial priming stimulus or only during the later restimulation. If depletion at priming abolishes the enhanced secondary response but depletion at recall does not, AP-1 is needed to write the memory rather than just to read it.",,
random_tokens_5_2,random_tokens,5,,Single-cell multiome with live AP-1 reporters,"Combine single-cell RNA and ATAC profiling with a live-cell AP-1 activity reporter or FOS/JUN imaging to link each cell's history of AP-1 dynamics to its later chromatin state and transcriptional response. This tests whether the memory is cell-autonomous, heritable across divisions, and dependent on the dose or duration of the earlier AP-1 signal.",,
random_tokens_5_3,random_tokens,5,,Motif editing and synthetic AP-1 site perturbation at candidate memory enhancers,"Use CRISPR base editing or deletion to mutate AP-1 motifs at enhancers that stay accessible after priming, and use dCas9-based activators or repressors to manipulate those loci. Then measure whether faster or stronger gene reactivation upon restimulation depends on the sites, which would show that they are causally required for memory.",,
random_tokens_5_4,random_tokens,5,,Pioneer and cofactor dependence plus mitotic inheritance of AP-1 binding,"Test whether AP-1 together with partners such as the BAF/SWI-SNF complex maintains accessibility through DNA replication and mitosis. Use synchronized cell cycles, mitotic bookmarking assays (mitotic-chromosome CUT&RUN or imaging), and BAF inhibitors or degraders to determine whether the memory is epigenetically inherited and depends on AP-1 recruiting remodelers.",,
random_tokens_6_0,random_tokens,6,,Stimulus-history chromatin accessibility time course,"Expose cells (e.g., fibroblasts or macrophages) to a transient stimulus such as TPA, serum, or LPS, then profile ATAC-seq and AP-1 (FOS/JUN) CUT&RUN at multiple times after washout and re-stimulation. Persistent accessibility at AP-1 motif-containing enhancers after AP-1 levels return to baseline would indicate a memory-like imprint.",,
random_tokens_6_1,random_tokens,6,,Acute AP-1 degradation after priming,"Use dTAG/auxin-inducible degrons or dominant-negative A-FOS to deplete AP-1 either during priming or after priming but before the second stimulus. If the primed state needs AP-1 only during establishment, it is a trigger. If it needs AP-1 during maintenance and recall, AP-1 is a continuing memory component.",,
random_tokens_6_2,random_tokens,6,,Single-cell multiome tracking of memory,"Run paired scRNA-seq and scATAC-seq on primed versus naive cells before and after a second challenge, and relate AP-1 motif accessibility (chromVAR) to the strength of the secondary transcriptional response in each cell. Test whether memory is cell-autonomous, heritable across divisions, and graded or binary.",,
random_tokens_6_3,random_tokens,6,,Live-cell AP-1 reporter with lineage tracing,"Image a FOS/JUN endogenous-tagged or AP-1 transcriptional reporter in single cells through repeated stimulation and cell divisions, using lineage tracking. Measure whether prior activation history, and its inheritance by daughter cells, predicts the amplitude or kinetics of later responses.",,
random_tokens_6_4,random_tokens,6,,Targeted enhancer perturbation and epigenetic editing,"Mutate AP-1 motifs at candidate memory enhancers by CRISPR base editing, or use dCas9-based writers and erasers of H3K27ac and H3K4me1 at those sites. Then measure how primed accessibility, cofactor recruitment (BAF, p300), and the faster secondary transcription change, to show whether AP-1 binding is necessary and sufficient for the retained state.",,
random_tokens_7_0,random_tokens,7,,Transient stimulus with delayed re-challenge,"Expose cells to a transient AP-1-activating stimulus (e.g., TPA, TNF, or injury), let signaling return to baseline, then re-stimulate days to weeks later. Compare transcriptional output and chromatin accessibility to naive cells to test for primed, enhanced responses.",,
random_tokens_7_1,random_tokens,7,,Longitudinal ATAC-seq/CUT&RUN of AP-1 occupancy and chromatin state,"Track AP-1 factor binding (FOS, JUN, FOSL) and accessibility plus H3K27ac/H3K4me1 at AP-1 motif-containing enhancers before, during, and long after stimulation. Persistent accessibility or histone marks after AP-1 binding is lost would indicate AP-1 establishes a lasting epigenetic memory.",,
random_tokens_7_2,random_tokens,7,,Acute degradation of AP-1 during stimulus versus memory phase,Use dTAG/auxin-degron or dominant-negative A-FOS to remove AP-1 either during the initial stimulus or only during the later maintenance period. This separates AP-1's role in writing memory (needed only initially) from maintaining it (needed continuously).,,
random_tokens_7_3,random_tokens,7,,Single-cell live imaging of AP-1 dynamics and heritability,"Use fluorescent reporters of AP-1 activity and endogenously tagged FOS/JUN to follow single cells and their lineages through stimulation and division. Quantify whether activity history predicts later responses and whether the state is inherited across cell divisions, indicating bistability or feedback.",,
random_tokens_7_4,random_tokens,7,,Motif mutation and synthetic enhancer tests with in vivo validation,"Use CRISPR to edit or delete AP-1 motifs at candidate memory enhancers, or use dCas9-based tethering of AP-1/chromatin modifiers, and measure the effect on memory-associated accessibility and re-stimulation response. Complement with in vivo models such as epidermal wound or inflammation paradigms with lineage tracing to test relevance in tissue.",,
self_designed_0_0,self_designed,0,,Pheromone-trail decay: AP-1 occupancy half-life after stimulus withdrawal,"Pulse cells with a stimulus (e.g., TPA, injury cytokines, or optogenetic ERK), then track AP-1 (FOS/JUN) binding, chromatin accessibility and enhancer H3K27ac by time-course CUT&Tag/ATAC over days to weeks. Memory is supported if AP-1-marked sites persist well beyond the decay of AP-1 protein and transcription, and the persistence is selective for previously stimulated sites rather than a general slow decay.",,pheromone;trail
self_designed_0_1,self_designed,0,,Slightly-wrong-key test: dose and dominant-negative titration of AP-1 at the priming and recall steps,"Use degron-tagged JUN/FOS or inducible dominant-negative A-FOS (or partial-affinity motif variants) to deplete or weaken AP-1 only during priming, only during the rest period, or only at re-challenge. If AP-1 is needed only at priming to establish the memory but not at recall, it is an initiator, while a requirement at recall means it is a reader. Partial or mismatched motif variants should show whether graded AP-1 input produces graded memory.",,slightly;wrong
self_designed_0_2,self_designed,0,,Moiré test: combinatorial dimer and cofactor composition of memory sites,"Profile which FOS/JUN/ATF dimers and partner factors (e.g., pioneer factors such as BAF or lineage TFs) occupy primed versus naive enhancers using sequential ChIP (re-ChIP) or CUT&RUN with single-molecule footprinting. Test whether memory is carried by the specific combinations that emerge on chromatin after priming, which neither AP-1 nor the partners show alone.",,neither
self_designed_0_3,self_designed,0,,Single-cell lineage-tracked memory inheritance,"Combine live reporters of AP-1 activity with barcoded lineage tracing and multiome (scRNA and scATAC) so sister cells can be compared after priming and several divisions. High sister-cell concordance of recall-response magnitude, and of accessibility at AP-1 sites, that exceeds that of unrelated cells would show heritable, cell-autonomous memory, while discordance would indicate transient signaling states.",,
self_designed_0_4,self_designed,0,,Sufficiency by site-specific rewriting and erasure,"Use dCas9-based tools to deposit or remove AP-1 motifs or AP-1 recruitment at chosen enhancers (e.g., motif deletion by base editing, or dCas9-FOS recruitment) in naive and primed cells. Test whether deleting motifs erases the faster or stronger re-response at that locus, and whether artificially recruiting AP-1 to a naive locus is enough to install a memory-like response without the original stimulus.",,
self_designed_1_0,self_designed,1,,Rope-style distributed memory: single-site vs. combinatorial AP-1 motif disruption,"Borrowing the rope that is strong because no fiber spans the whole length: test whether memory is held by overlapping, partially redundant AP-1 sites rather than any single enhancer. Use CRISPR base-editing of AP-1 motifs singly and in combinations at stimulus-primed loci, then measure the decay time of the enhanced re-response after the stimulus is withdrawn, to see whether persistence scales with the number of sites instead of depending on any one.",,because;fiber;length;scales;strong;whole
self_designed_1_1,self_designed,1,,Starter-culture transfer: inherited AP-1 state without the original stimulus,"Following the sourdough starter that is inherited and never started, ask whether the AP-1 chromatin state can propagate without the original signal. Sort primed cells, withdraw the stimulus, and track the AP-1 occupancy, accessibility (ATAC) and H3K27ac of cell-line daughters over many divisions. Then test sufficiency by transplanting or co-culturing primed nuclei, or by nuclear transfer, into naive cells to see whether the primed response is transferred.",,never;sourdough;started;starter
self_designed_1_2,self_designed,1,,Noise as ingredient: single-cell variability in AP-1 pulses predicts memory strength,"Treat the noise as the signal: live-image fluorescent FOS/JUN reporters and measure the pulse amplitude, frequency and duration in single cells during priming. Test whether the stochastic dynamics, and not the mean level, predict each cell's later hyper-responsiveness, using optogenetic AP-1 induction with matched means but different noise structures.",,ingredient
self_designed_1_3,self_designed,1,,Slime-mold abandonment: tracking which AP-1-opened sites are later retracted,"Inspired by the slime mold abandoning a tunnel it just built, map the full lifecycle of AP-1-dependent enhancers with time-resolved CUT&RUN and ATAC after priming, and separate sites that persist (memory candidates) from those that are opened and then abandoned. Then ask whether the persistent subset has distinctive motif spacing, pioneer partners (e.g., BAF/SWI-SNF) or histone marks, and test it with degron-mediated (dTAG) AP-1 removal at different times after priming to determine when AP-1 is required to maintain the site versus only to establish it.",,built;slime;tunnel
self_designed_1_4,self_designed,1,,Negative results in a bottle: delayed re-challenge and AP-1 loss after long intervals,"Borrowing the negative result mailed to the wrong decade, run re-stimulation at intervals from hours to months, in vitro and in vivo (e.g., skin or immune stem cells), after acute AP-1 inhibition or degradation during the quiescent interval. If AP-1 is a memory mechanism, loss of AP-1 at the time of re-challenge but not in the interval, and vice versa, should dissociate storage from recall. Record also the cases where the memory does not appear, as bounds on its duration and cell-type specificity.",,bottle;decade;mailed;result;wrong
self_designed_2_0,self_designed,2,,"Lip-shaving the memory: tuning AP-1 at enhancer edges, not the core factor","Inspired by tuning a bell at its lip rather than its crown: instead of knocking out FOS/JUN (the crown), use CRISPR base-editing or dCas9 perturbation of individual AP-1 motifs and their flanking sequence at stimulus-primed enhancers, then re-stimulate after a rest period. If memory resides in specific sites, edits there should alter the secondary response (faster/stronger re-induction) without changing the primary response.",,crown;shaving;tuning
self_designed_2_1,self_designed,2,,Negative-space footprinting of the 'key' after the signal is gone,"After a transient stimulus (e.g., TNF, injury, or neuronal activity) and washout, run time-course ATAC/CUT&Tag/DNase footprinting for AP-1 occupancy, together with H3K27ac and H3K4me1, to map sites that stay open or marked once AP-1 itself has left. Combine this with acute degron depletion (dTAG) of JUN/FOS at different times to test whether AP-1 is needed to establish, to maintain, or only to read out the memory.",,space
self_designed_2_2,self_designed,2,,Dead-reckoning reporters: single-cell lineage-tracked history of AP-1 dynamics,"Live-image AP-1 activity (FOS/JUN reporters or optogenetic input) in single cells with lineage tracking through a first stimulus, a rest period spanning several divisions, and a second stimulus. Regress the second response on the cell's own past pulse history and on its relatives' histories, to separate heritable memory from cell-to-cell noise or a persistent signal.",,reckoning
self_designed_2_3,self_designed,2,,Optogenetic pulse-code writing and erasing of memory,"Drive AP-1 with light-controlled FOS/JUN or an upstream kinase using defined pulse frequency, duration, and number, then measure the second response after varying delays. Mapping which input codes leave a durable trace, and which patterns (e.g., opposing inputs or chromatin-opener inhibitors) erase it, gives a causal input-output test with a built-in null of identical total dose delivered as one continuous pulse.",,
self_designed_2_4,self_designed,2,,Cross-context natural experiments: AP-1 memory in primed vs naive cells in vivo,"Compare AP-1 motif accessibility and transcriptional response in cells with documented history, such as trained-immunity macrophages, post-injury epithelial 'wound memory' stem cells, and activity-experienced neurons, against naive counterparts with matched age and cell type. Use single-cell multiome data and AP-1 dependency (e.g., dominant-negative A-FOS) to ask whether the memory is consistently AP-1-dependent across tissues or specific to some.",,
self_designed_3_0,self_designed,3,,Shaken-ratchet pulse-history test,"Use optogenetic or chemically gated AP-1 (e.g., FOS/JUN) activation with identical total dose but different pulse frequencies, noise levels and spacing, then measure ATAC-seq accessibility and enhancer-gene output after a washout of weeks. If AP-1 acts as a memory mechanism, the retained chromatin state should depend on pulse pattern and history rather than on total dose, and should show a threshold or ratchet-like response.",,ratchet;shaken
self_designed_3_1,self_designed,3,,Acute degron removal after the stimulus (maintenance vs. initiation),"After a priming stimulus (e.g., inflammation, injury, or differentiation cue), deplete JUN/FOS/ATF with a dTAG or auxin degron at staggered times and measure whether primed accessibility and the faster secondary transcriptional response persist. Memory that is stored in chromatin should persist after AP-1 is removed, whereas memory that needs continuous AP-1 occupancy should decay at a rate that tracks its depletion.",,
self_designed_3_2,self_designed,3,,Dead-layer footprinting: AP-1 motif sites that stay open without AP-1,"Compare primed and naive cells by CUT&Tag/ChIP for AP-1, pioneer-like partners (e.g., BAF), H3K27ac and H3K4me1, together with ATAC and footprinting, at various times after the stimulus. Classify the sites where AP-1 binding is lost but accessibility or histone marks remain as an inherited 'scaffold' layer, then test with CRISPRi or motif mutation whether those sites cause the faster re-response.",,layer
self_designed_3_3,self_designed,3,,Single-cell lineage-barcoded inheritance of AP-1 state,"Combine clonal barcoding with multiome (scRNA and scATAC) sequencing and live AP-1 reporters, and compare sister cells and clones across several divisions after the stimulus. Heritability of the AP-1 accessibility state, estimated from the correlation within clones relative to random pairs, together with its decay half-life in generations rather than time, would separate true mitotic memory from persistent signaling.",,
self_designed_3_4,self_designed,3,,Cheap-noise perturbation of the AP-1 circuit to map memory basins,"Inject controlled noise (variable dose of stimulus, or tunable expression of a dominant-negative such as A-FOS) into primed cells, then quantify the bimodality and hysteresis of the AP-1 target response using flow or imaging reporters in a dose-up versus dose-down sweep. A hysteresis loop, with cells that stay in the primed basin at identical input, would show bistable self-reinforcement. Fitting the data with a model would tell us whether AP-1 positive feedback (JUN autoregulation) is sufficient or whether chromatin must be included.",,cheap
self_designed_4_0,self_designed,4,,Shave the inside: degron-titrated AP-1 removal after the stimulus ends,"Instead of perturbing the inducing signal (the 'outside'), use an acute degron (dTAG/AID) on FOS/JUN family members at graded times after a transient stimulus (e.g., wound, cytokine, or stress) and ask whether chromatin accessibility and the enhanced re-response persist without AP-1. If AP-1 is truly a memory mechanism, there should be a window where it is needed to write the memory but dispensable to maintain it, or the reverse; the shape of that window distinguishes memory writer from maintainer.",,inside;outside
self_designed_4_1,self_designed,4,,Kintsugi test: AP-1 motif edits at sites made accessible by prior stimulation,"Use CRISPR base editing or saturating mutagenesis at enhancers that gain accessibility after a first stimulus (ATAC-seq/CUT&RUN for FOS/JUN) to ablate single AP-1 motifs, then re-stimulate after rest and measure transcription (PRO-seq/reporter). Sites where a motif break abolishes faster/stronger secondary induction while leaving the naive first response intact identify the 'fracture' that is load-bearing for memory, not for response.",,bearing;fracture;kintsugi
self_designed_4_2,self_designed,4,,Auction where the loser pays: competition between AP-1 dimers and pioneer/other factors at memory loci,"Titrate the levels of different AP-1 dimer compositions (FOS/JUN/ATF, with dominant-negative A-FOS as a decoy) and measure occupancy competition with other factors (e.g., nucleosome, STAT, NF-κB) by single-molecule footprinting or Fiber-seq on the same DNA molecules. Memory should show up as sites where the 'loser' state (a factor-displaced or nucleosome-occluded state) leaves a lasting cost, i.e., a persistent footprint after AP-1 itself leaves.",,auction;leaves;loser
self_designed_4_3,self_designed,4,,Moiré readout: single-cell multiome lineage-tracked comparison of two stimulus histories,"Subject clonal cells (barcoded) to two regular stimulus trains (e.g., pulses with different periods) and use paired scRNA/ATAC plus live AP-1 reporters (FOS-HaloTag/JUN) to see whether the emergent third pattern, a clone-specific response not predictable from either train alone, is inherited across divisions. Heritability of the interference pattern within clones versus between clones, with AP-1 occupancy as the mediator, tests whether memory is carried by AP-1 state rather than by lineage noise.",,emergent;pattern;regular;third
self_designed_4_4,self_designed,4,,"Mycelial-delay test: the lag is the computation, so measure slow AP-1 dynamics and nucleosome turnover","Perform time-resolved CUT&Tag for AP-1 factors, H3K27ac, and a nucleosome-turnover/histone-age label (e.g., SNAP-tag pulse-chase) across days after a transient stimulus, then fit models in which the delay between AP-1 loss and enhancer decay is the memory timescale. Then test causality by optogenetically or chemically prolonging AP-1 activity for a short window and checking whether the persistence time scales with it, which would show that the delay encodes the history.",,computation;delay;mycelial
self_designed_5_0,self_designed,5,,"Self-repelling ""I was here"" footprint: AP-1 accessibility after stimulus washout","Expose cells to a transient stimulus (e.g., TPA, TNF, or wounding), then track chromatin accessibility (ATAC-seq/CUT&Tag for AP-1 motif sites, H3K27ac) over days to weeks after Fos/Jun levels return to baseline. Persistence of AP-1-dependent accessible 'scars' at the same loci, which then give faster or stronger transcription on restimulation, would show memory is stored in the chromatin footprint rather than in ongoing AP-1 activity.",,
self_designed_5_1,self_designed,5,,"Acute degradation timing: is AP-1 needed to write, hold, or read the memory?","Use dTAG/auxin degrons or dominant-negative A-Fos to remove AP-1 at three distinct times: during priming, during the rest interval, and during restimulation. If loss during priming abolishes the memory but loss during rest or recall does not, AP-1 is a writer only. If loss during rest erases it, AP-1 must keep maintaining it.",,three
self_designed_5_2,self_designed,5,,Single-cell lineage tracing of primed vs naive response with live AP-1 reporters,"Combine live Fos/Jun reporters or a FosTRAP-style recombinase label with barcoded lineages, so sister cells can be compared after a first stimulus and a later challenge. High sister-cell concordance of the second response, which persists through division, would indicate heritable memory and separate it from noise or persistent signaling.",,
self_designed_5_3,self_designed,5,,Site-specific motif editing and dCas9 perturbation at memory enhancers,"Identify loci that show primed responses, then mutate individual AP-1 motifs by base editing, or recruit dCas9-KRAB or dCas9-p300, and test whether the memory of the loci is lost or created without altering the global AP-1 level. Doing this across many motifs (e.g., a massively parallel reporter assay in primed vs naive cells) tests whether the memory is sequence-encoded and whether AP-1 cooperates with partners such as BAF or pioneer factors.",,
self_designed_5_4,self_designed,5,,"Dose, interval and decay-curve mapping with mathematical modeling of memory kinetics","Vary the number, spacing and strength of stimulus pulses (including irregular intervals), and measure response amplitude and AP-1 binding at each. Fit models comparing a mechanism with no memory, one with a slowly decaying chromatin state, and one with bistability. The model that is best supported, such as hysteresis or a half-life much longer than AP-1 protein turnover, would show whether AP-1 behaves like a memory device and over what timescale.",,slowly
self_designed_6_0,self_designed,6,,Selective subtraction test (inner-lip shaving),"Mechanism borrowed from bell tuning: the state is set by removing material, not adding it. Instead of overexpressing AP-1, use acute degron-mediated removal (dTAG/AID of FOS/JUN family members, or dominant-negative A-Fos) at defined times after a transient stimulus, and measure whether the primed transcriptional response and chromatin accessibility at AP-1 sites persist, decay, or collapse. This tests whether AP-1 is required to maintain the memory or only to establish it.",,adding;shaving;tuning
self_designed_6_1,self_designed,6,,Memory read out from the 'failed' sites (losing-bid information),"Mechanism borrowed from auctions: the information is in the bids that lose. After a first stimulus, use ATAC/CUT&RUN for AP-1 and pioneer-factor co-binding to identify motifs that were occupied or opened but did NOT lead to transcription (poised or non-productive sites). Test whether these silent-but-marked sites predict the magnitude of a second-stimulus response better than the sites that were active, using held-out genes and a predictive model.",,information;losing
self_designed_6_2,self_designed,6,,Misalignment interference test (moiré),"Mechanism borrowed from moiré: a pattern emerges only from slight offset between two regular structures, so it reveals offsets invisible in either alone. Present two stimuli with varied timing and dose offsets (e.g., pulsed ERK/JNK inputs with different periods) while live-imaging AP-1 reporters and FOS/JUN dynamics at single-cell level. Look for beat-like interference in the second response that depends on the offset, which would show history-dependent encoding in AP-1 dynamics rather than simple state.",,pattern;regular
self_designed_6_3,self_designed,6,,Single-cell lineage-tracked memory persistence,"Barcode or live-track cells through a stimulus, and let them divide without stimulus. Use sister-cell concordance of AP-1 target expression and accessibility, versus random pairs, over several divisions to quantify heritability and half-life. Pair with mitotic bookmarking assays (live imaging and CUT&RUN on mitotic chromosomes) to see whether AP-1 stays bound through mitosis.",,
self_designed_6_4,self_designed,6,,Sufficiency by site-specific rewriting,"Use CRISPR to mutate individual AP-1 motifs (or dCas9-based recruitment and displacement of AP-1) at a few endogenous enhancers whose primed state is known. Then test whether memory of the prior stimulus at that locus is lost while neighbouring loci keep it. Combine with an orthogonal epigenetic readout (H3K27ac, nucleosome remodeling by BAF) to determine whether AP-1 itself or downstream chromatin marks carry the memory.",,carry
self_designed_7_0,self_designed,7,,Prior-stimulus ATAC/CUT&Tag time course with AP-1 degron,"Stimulate cells (e.g., macrophages or fibroblasts with LPS, TNF, or wounding signals), wash out, and track chromatin accessibility, AP-1 (FOS/JUN) binding and H3K27ac at 'latent' enhancers for days to weeks. Test necessity by acutely degrading (dTAG/AID) AP-1 factors at different times: before the first stimulus (is it needed to write memory?) versus after it (is it needed to maintain memory?).",,
self_designed_7_1,self_designed,7,,Re-stimulation response kinetics as a memory readout,"Challenge primed versus naive cells with a second stimulus after varying rest intervals, and measure the transcriptional response (bulk or scRNA-seq, nascent RNA via PRO-seq) for faster, stronger or qualitatively different induction. Compare AP-1 site mutants (CRISPR editing of motifs at specific enhancers) or dominant-negative A-FOS with wild type to show that the primed response depends on AP-1 and to measure the memory half-life.",,
self_designed_7_2,self_designed,7,,Single-cell live imaging of AP-1 dynamics with heritability analysis,"Use endogenously tagged FOS/JUN and an AP-1 reporter to follow lineages through divisions, quantifying pulse frequency, amplitude and the dynamics of a reporter gene. Treat cell-to-cell variability as signal: test whether sister cells' AP-1 history correlates with each other's re-response beyond what shared lineage alone predicts. Comparing correlation decay over generations to that of shuffled controls estimates mitotic heritability.",,
self_designed_7_3,self_designed,7,,Sufficiency test by synthetic AP-1 pulses and optogenetic writing,"Drive AP-1 activity with optogenetic or chemogenetic control (e.g., light-gated JUN/FOS, or a stimulus-free dCas9-activator at AP-1 sites), varying pulse duration, frequency and dose in the absence of any natural stimulus. Then measure whether chromatin opening and enhanced re-response persist after AP-1 is turned off, and which pulse patterns are encoded, to separate AP-1 as a writer of memory from a passive reader of other marks.",,
self_designed_7_4,self_designed,7,,Cooperating-factor and chromatin-remodeler dependency mapping,"Combine CUT&RUN/ChIP-seq, Micro-C or Hi-C and proteomics (BioID) for AP-1 and its partners (BAF/SWI-SNF, pioneer factors, ATF/CEBP/ETS) at memory-bearing enhancers, then perturb the partners with CRISPR screens or inhibitors. Determine whether memory persists via AP-1 occupancy itself, via remodeler-deposited nucleosome changes or histone marks that outlast AP-1, or via self-reinforcing feedback such as AP-1 inducing its own genes (FOS, JUN), by testing which layer is lost first after AP-1 loss.",,
word_salad_0_0,word_salad,0,,Prime-and-rechallenge with chromatin accessibility tracking,"Expose cells (e.g., fibroblasts, macrophages, or keratinocytes) to a transient stimulus such as TPA, wounding cytokines, or EGF, then wash out and rechallenge days to weeks later. Use ATAC-seq/CUT&RUN for FOS/JUN and H3K27ac to test whether AP-1-dependent enhancers stay open after the stimulus ends and whether they drive faster or stronger transcription on the second exposure.",,
word_salad_0_1,word_salad,0,,Acute AP-1 degradation at defined time points,"Use degron tags (dTAG/AID) on FOS, JUN, or FOSL family members, or a dominant-negative A-FOS, to remove AP-1 either during priming or only during the memory (post-stimulus) phase. If memory needs AP-1 only to establish it, loss during priming would abolish it, while loss during the memory phase would show whether AP-1 must also maintain it. Compare the outcome by RNA-seq and accessibility.",,
word_salad_0_2,word_salad,0,,Single-cell multiome lineage-resolved memory tracking,"Run paired scRNA/scATAC-seq on primed and naive populations over time, with barcoded lineage tracing, to see whether AP-1 motif accessibility and target gene expression persist in daughter cells through divisions. Heritability of the state within clones, compared with the variance between clones, would show whether it is truly mitotically stable memory or only long-lived signaling.",,
word_salad_0_3,word_salad,0,,Live-cell reporters of AP-1 activity and dynamics,"Combine AP-1 transcriptional reporters, endogenous tagging of FOS/JUN, and optogenetic or pulsed stimulation with time-lapse imaging. Measure how long activity persists, whether it shows hysteresis or bistability, and whether the response to a second pulse depends on the interval and history of the first.",,
word_salad_0_4,word_salad,0,,Causal enhancer perturbation and pioneer-factor tests,"Use dCas9-based epigenome editing, motif mutation, or CRISPR deletion of specific AP-1-bound memory enhancers to test whether they are required for faster re-induction of nearby genes. Pair this with ectopic AP-1 recruitment or induction at naive loci, and with measures of cooperating pioneer factors and histone modifiers (e.g., BAF/SWI-SNF, p300), to determine whether AP-1 is sufficient to establish a heritable open state rather than just correlating with it.",,
word_salad_1_0,word_salad,1,,Transient stimulus with long-term chromatin accessibility tracking,"Expose cells to a brief AP-1-activating stimulus (e.g., TPA, injury, or cytokine), then run longitudinal ATAC-seq/CUT&RUN for AP-1 factors (FOS, JUN) and H3K27ac at days to weeks after withdrawal. Persistent AP-1 motif-enriched accessible regions after the stimulus has cleared, and not in naive cells, would indicate AP-1-dependent epigenetic memory.",,
word_salad_1_1,word_salad,1,,Acute degron-based depletion at distinct time windows,"Use auxin- or dTAG-inducible degradation of AP-1 components (e.g., FOS, JUNB, or dominant-negative A-FOS) during the priming phase versus the maintenance phase, then challenge cells with a second stimulus. If depletion during priming abolishes the enhanced secondary response but depletion during maintenance does not, AP-1 is needed to establish but not maintain memory, and the reverse pattern would show it is needed for maintenance.",,
word_salad_1_2,word_salad,1,,Primed vs. naive re-stimulation transcriptional response,"Compare RNA-seq and nascent transcription (PRO-seq/TT-seq) after a first versus second stimulus, with varying rest intervals between them, in wild-type and AP-1-perturbed cells. Faster or stronger induction of the same genes on re-challenge, with a decay constant that depends on AP-1 dosage, would quantify memory strength and duration.",,
word_salad_1_3,word_salad,1,,Single-cell multiome and live-cell reporter of AP-1 dynamics and heritability,"Combine single-cell RNA+ATAC with live imaging of fluorescent AP-1 activity reporters (or endogenously tagged FOS/JUN) and lineage tracing, to follow primed cells through divisions. Heritable inheritance of AP-1 state and accessibility in daughter cells, and correlation between a cell's past AP-1 activity and its later response, would show whether memory is cell-autonomous and mitotically stable.",,
word_salad_1_4,word_salad,1,,Site-specific causal perturbation of AP-1 motifs at memory loci,"Use CRISPR base editing or deletion of AP-1 motifs at candidate memory enhancers, along with dCas9-based recruitment or blockade of AP-1 or chromatin remodelers like BAF, then test whether accessibility persistence and enhanced re-induction are lost. Also test sufficiency by inserting AP-1 sites into a naive locus and examining whether it retains accessibility after transient AP-1 activation, to separate AP-1 as a driver from AP-1 as a passive marker.",,
word_salad_2_0,word_salad,2,,"Transient stimulus, delayed re-challenge with chromatin profiling","Expose cells to a defined stimulus (e.g., TNF, serum, or wounding), let them rest until AP-1 (FOS/JUN) levels return to baseline, then re-stimulate and compare transcription and ATAC-seq accessibility with naive cells. Test whether AP-1 motif-containing enhancers stay open, and whether the primed genes respond faster or more strongly.",,
word_salad_2_1,word_salad,2,,CUT&RUN/ChIP-seq time course of AP-1 occupancy and enhancer marks,"Map FOS/JUN/FOSL binding, H3K27ac, H3K4me1 and BAF (SWI/SNF) complex occupancy before, during, and long after stimulation. If AP-1 acts as memory, residual accessible 'latent' enhancers should persist after AP-1 itself has left, and the sites that remain should be enriched for AP-1 motifs.",,
word_salad_2_2,word_salad,2,,Acute degradation of AP-1 at different phases,"Use degron tags (dTAG/AID) or dominant-negative A-FOS to remove AP-1 either during the initial stimulus or only during the memory/maintenance period. If AP-1 is needed to establish memory but not to maintain it, you would see lost priming only with early depletion. Maintenance dependence would show up as loss of the memory response with late depletion.",,
word_salad_2_3,word_salad,2,,Single-cell multiome tracking of memory and heterogeneity,"Do paired scRNA/scATAC-seq, or live imaging of AP-1 reporters, across stimulation, rest and restimulation. Test whether individual cells that had high AP-1 activity retain accessibility and respond more strongly, and whether the state is inherited through cell divisions in lineage-traced clones.",,
word_salad_2_4,word_salad,2,,Motif-specific synthetic perturbation of enhancers,"Use CRISPR to mutate or delete AP-1 motifs at specific memory-associated enhancers, or use dCas9 to recruit or block AP-1 there. Test the effect on retained accessibility and on the faster secondary response at the linked genes. Combine with reporter assays to show that the AP-1 site is necessary, and that adding it to a naive enhancer is sufficient, to produce memory.",,
word_salad_3_0,word_salad,3,,Longitudinal chromatin accessibility after transient stimulus,"Stimulate cells (e.g., TNF, EGF, or wounding) transiently, then perform ATAC-seq/CUT&Tag for AP-1 factors (FOS, JUN), H3K27ac, and H3K4me1 at days 0, 1, 7, and 28 after washout. Persistent AP-1-motif-enriched accessible regions in the absence of ongoing signaling, versus naive cells, would indicate memory.",,
word_salad_3_1,word_salad,3,,Acute AP-1 degradation to separate maintenance from initiation,"Use degron tags (dTAG/AID) on JUN/FOS or ATF family members, or a dominant-negative like A-FOS, at different times: before the priming stimulus, during the memory phase, and before re-stimulation. Compare chromatin state and transcriptional response to determine whether AP-1 is required to establish memory, to maintain it, or to execute faster re-induction.",,
word_salad_3_2,word_salad,3,,Re-stimulation kinetics and single-cell heterogeneity,"Compare primed versus naive cells upon second stimulus using time-resolved scRNA-seq, nascent RNA (PRO-seq/TT-seq), and live reporters of AP-1 target genes. Faster, stronger, or more frequent induction in primed cells that depends on AP-1 binding site integrity would show memory, and single-cell data can distinguish stable bistable states from graded changes.",,
word_salad_3_3,word_salad,3,,Targeted enhancer editing and synthetic AP-1 recruitment,"Use CRISPR to mutate AP-1 motifs at candidate memory enhancers, and conversely use dCas9-based tethering of FOS/JUN to a naive locus. Test if motif loss abolishes retained accessibility and primed response, and whether forced AP-1 recruitment alone is sufficient to create a lasting, heritable open state after the tether is removed.",,
word_salad_3_4,word_salad,3,,Mitotic retention and inheritance across divisions,"Track AP-1 occupancy and accessibility through mitosis and across multiple cell divisions using mitotic-synchronized CUT&Tag, live-cell imaging of tagged JUN/FOS, and lineage-tracked sister cells. Mitotic bookmarking by AP-1 and similar memory in sister cells would show it is heritable, and in vivo tests such as inflammation-primed epithelial or stem cells could test physiological relevance.",,
word_salad_4_0,word_salad,4,,Transient stimulus with longitudinal chromatin accessibility tracking,"Expose cells to a defined, transient stimulus (e.g., TPA, TNF, or wounding-like signals), then run ATAC-seq and AP-1 (FOS/JUN) CUT&RUN at multiple time points, including long after the stimulus is gone. Sites that stay open and AP-1 bound after the signal clears, and that give a faster or stronger response on restimulation, would indicate a memory function.",,
word_salad_4_1,word_salad,4,,Acute AP-1 degradation at defined windows (degron),"Use dTAG or auxin-inducible degradation of FOS, JUN, or a dominant-negative such as A-FOS, and deplete AP-1 either during the priming stimulus or only after it, during the memory period. If depletion during priming blocks later enhanced responses but depletion during the memory period does not, AP-1 is needed to establish the memory. If depletion during the memory period also erases it, AP-1 is needed to maintain it.",,
word_salad_4_2,word_salad,4,,Single-cell multiome with lineage/clonal tracking,"Perform paired scRNA/scATAC-seq on primed and naive populations, with barcoded lineages, to relate AP-1 motif accessibility to transcriptional output across cell divisions. This tests whether the primed state is heritable through mitosis in clonal sisters and whether it depends on AP-1 motif activity.",,
word_salad_4_3,word_salad,4,,Enhancer mutagenesis and CRISPR perturbation of AP-1 sites,"Use CRISPRi/dCas9 or base editing to disrupt specific AP-1 motifs at candidate memory enhancers. Then measure whether the primed accessibility, histone marks (H3K27ac, H3K4me1), and the enhanced re-induction of nearby genes are lost. Reporter or endogenous readouts would show whether the sites are causal rather than merely correlated.",,
word_salad_4_4,word_salad,4,,Live-cell AP-1 dynamics and optogenetic priming,"Track AP-1 activity in single cells with live reporters or imaging of FOS/JUN levels and binding. Combine this with optogenetic or pulsatile stimulation using different durations and frequencies, then record later responses. This shows whether the dose, duration, and history of AP-1 activity predict the strength of a later response, and whether the memory is stored in the cell state or in ongoing AP-1 signaling.",,
word_salad_5_0,word_salad,5,,Longitudinal ATAC-seq/CUT&RUN after transient stimulus,"Stimulate cells (e.g., macrophages, fibroblasts, or keratinocytes) with a transient signal, then profile chromatin accessibility and AP-1 (FOS/JUN) binding at baseline, during stimulation, and after weeks of washout. Test whether AP-1 motif-containing enhancers stay open or primed, and whether AP-1 stays bound, after the stimulus is gone.",,
word_salad_5_1,word_salad,5,,Acute AP-1 degradation to test necessity for maintenance,"Use a degron (dTAG/AID) on JUN/FOS or a dominant-negative (A-FOS) either during the priming phase or only during the memory phase. Measure whether the enhanced secondary transcriptional response and the accessibility at primed sites are lost, which separates AP-1's role in establishing memory from its role in maintaining it.",,
word_salad_5_2,word_salad,5,,Single-cell multiome with live reporter lineage tracing,"Combine single-cell RNA and ATAC with an AP-1 activity reporter (e.g., a TRE-driven fluorescent protein) to follow clones through stimulation and rest. Test whether the memory state is heritable across divisions and whether it is bimodal or graded, and whether the reporter history predicts the strength of the recall response.",,
word_salad_5_3,word_salad,5,,Synthetic AP-1 recruitment sufficiency test,"Use dCas9-based recruitment of FOS/JUN, or insert AP-1 motifs, at a naive locus, with and without pioneer factor co-binding. Test whether transient AP-1 occupancy alone creates persistent accessibility, histone marks (H3K27ac/H3K4me1), and a faster re-induction, and whether motif mutations at endogenous memory enhancers abolish it.",,
word_salad_5_4,word_salad,5,,Epigenetic-mechanism coupling and mathematical modeling,"Measure histone modifications, DNA methylation and BAF/SWI-SNF occupancy at AP-1 memory sites, and inhibit these factors (e.g., BRG1 or p300 inhibitors) during the rest period. Then fit kinetic models of AP-1 binding, nucleosome remodeling and feedback to the time-course data to test whether AP-1 itself carries memory or depends on a downstream chromatin state.",,
word_salad_6_0,word_salad,6,,Longitudinal ATAC/CUT&Tag after transient stimulus,"Expose cells (e.g., fibroblasts, macrophages, or keratinocytes) to a transient stimulus such as TPA, TNF, or wounding. Then map AP-1 (FOS/JUN) binding and chromatin accessibility at days to weeks after washout, and test whether AP-1-motif enhancers remain open or primed, and whether they drive faster transcription on restimulation than in naïve cells.",,
word_salad_6_1,word_salad,6,,Acute AP-1 degradation during the memory phase,"Use dTAG/auxin-inducible degrons or dominant-negative A-FOS to remove AP-1 either during the initial stimulus or only after it ends. If memory requires AP-1 only for establishment, degradation in the maintenance phase should leave it intact. If AP-1 is needed for maintenance, memory should decay. Read out restimulation response, accessibility, and H3K27ac.",,
word_salad_6_2,word_salad,6,,Single-cell live imaging of AP-1 dynamics and memory,"Track AP-1 reporters or endogenously tagged FOS/JUN in single cells through repeated stimulation pulses. Quantify whether the history of past pulses predicts later response amplitude and kinetics, and whether the response is heritable across cell divisions in sister cells, to separate true memory from cell-to-cell heterogeneity.",,
word_salad_6_3,word_salad,6,,Sufficiency test with synthetic AP-1 induction and optogenetics,Drive AP-1 activity with a controlled optogenetic or chemogenetic c-Jun/c-Fos system without upstream signaling. Then test whether a pulse alone creates durable accessibility and a primed transcriptional response at endogenous loci. Vary pulse duration and frequency to define the dose and timing thresholds for memory.,,
word_salad_6_4,word_salad,6,,Perturbing chromatin cofactors and in vivo memory models,"Test whether AP-1 memory depends on partner factors such as BAF/SWI-SNF, p300, or pioneer factors. Inhibit or deplete them after the initial stimulus, and use CUT&Tag and Micro-C to track enhancer-promoter contacts. Validate in vivo, for example with repeated skin injury or inflammatory challenge, by lineage tracing and by comparing a primary to a secondary response.",,
word_salad_7_0,word_salad,7,,Stimulus-then-washout chromatin accessibility time course,"Expose cells (e.g., fibroblasts or macrophages) to a transient AP-1-activating stimulus such as TPA, TNF, or wounding. After washout, run ATAC-seq and CUT&Tag for AP-1 (FOS/JUN), H3K27ac and H3K4me1 over days to weeks to see whether newly opened enhancers stay open after AP-1 binding has decayed.",,
word_salad_7_1,word_salad,7,,Acute AP-1 degradation at different times after the stimulus,"Use degron-tagged FOS, JUN or a dominant-negative (A-FOS) to remove AP-1 either during the stimulus or well after it. Measure whether accessibility and the faster secondary transcriptional response persist without continuing AP-1 activity. Persistence means the memory is independent of AP-1, and loss means AP-1 maintains it.",,
word_salad_7_2,word_salad,7,,Functional re-stimulation assay of primed vs. naive cells,"Give a first stimulus, rest the cells, then give a second stimulus. Compare nascent RNA (PRO-seq or SLAM-seq) and gene induction kinetics against naive cells. Repeat with AP-1 perturbed during only the priming phase to test whether AP-1 is necessary for the enhanced or faster response.",,
word_salad_7_3,word_salad,7,,Single-cell multiome lineage-tracked memory persistence,"Run paired scATAC and scRNA-seq with live reporters of AP-1 activity, using barcoded lineage tracing across cell divisions. This tests whether accessibility states are inherited clonally, whether memory is heterogeneous or bimodal, and whether it correlates with past AP-1 activity levels.",,
word_salad_7_4,word_salad,7,,Targeted synthetic AP-1 site manipulation at memory loci,"At candidate memory enhancers, use CRISPR to mutate AP-1 motifs, or use dCas9-based recruitment or blocking of AP-1 and chromatin remodelers (e.g., BAF). Test whether the motif is needed to establish memory, to maintain it, or both. Read this out with allele-specific accessibility, histone marks and reporter induction after a delay. Add in vivo validation, such as epidermal stem cell wound memory in mice.",,
semi_random_0_0,semi_random,0,,Longitudinal ATAC-seq/CUT&RUN after transient stimulus,"Expose cells to a transient stimulus (e.g., TNF, PMA, or wounding signals). Track AP-1 (FOS/JUN) binding and chromatin accessibility at AP-1 motifs at multiple times after washout, out to days or weeks and through cell divisions. Persistent accessibility or binding after AP-1 levels return to baseline would indicate memory.",,
semi_random_0_1,semi_random,0,,Acute degron depletion at memory vs. naive stages,"Use an auxin-inducible degron or dTAG on c-JUN/c-FOS or a dominant-negative (A-FOS). Deplete AP-1 either during priming or only after priming, before the re-challenge. If priming-phase loss abolishes the enhanced secondary response but later loss does not, AP-1 is needed to establish memory. If later loss also abolishes it, AP-1 is needed to maintain it.",,
semi_random_0_2,semi_random,0,,Single-cell live imaging of AP-1 dynamics and reporter output,Image endogenously tagged FOS/JUN together with an AP-1 reporter across repeated stimulations and lineage tracking. Test whether prior pulse history predicts the amplitude of the next response in individual cells and in their daughters. Compare with the history dependence of non-AP-1 reporters.,,
semi_random_0_3,semi_random,0,,Enhancer-targeted epigenome editing and motif mutation,"Use CRISPR to mutate AP-1 motifs, or dCas9-based editing, at candidate primed enhancers. Measure whether this removes the faster or stronger transcriptional response on re-stimulation, and whether the accessibility and H3K27ac changes persist. This separates AP-1 as the cause of memory from AP-1 merely marking it.",,
semi_random_0_4,semi_random,0,,Multiome profiling with pioneer-factor and cofactor perturbation,"Run single-cell RNA plus ATAC (multiome) on primed and naive cells, and link persistent accessible regions to the response on re-challenge. Perturb the AP-1 partners and chromatin remodelers that could provide the persistence, such as BAF/SWI-SNF, and test which are required for memory. Include Hi-C or Micro-C to see whether looping is kept.",,
semi_random_1_0,semi_random,1,,Transient stimulus with longitudinal chromatin accessibility tracking,"Give cells a brief pulse of a stimulus that activates AP-1 (e.g., TPA, TNF, or injury), then run ATAC-seq and CUT&RUN for AP-1 factors (FOS/JUN), H3K27ac and H3K4me1 at days to weeks after washout. Persistent accessibility at AP-1 motif-containing enhancers after AP-1 levels return to baseline would indicate a memory state.",,
semi_random_1_1,semi_random,1,,Acute AP-1 degradation during the memory phase,"Use degron-tagged (dTAG/AID) JUN, FOS or ATF family members, or a dominant-negative such as A-FOS. Deplete AP-1 either during the priming stimulus or only after it, then measure whether the primed accessibility and the enhanced transcriptional response to a second stimulus persist. This separates a role for AP-1 in establishing memory from a role in maintaining it.",,
semi_random_1_2,semi_random,1,,Primed versus naive re-stimulation response assay,"Compare nascent transcription (PRO-seq or SLAM-seq) and gene induction kinetics between primed and naive cells after a second challenge. Include a gradient of rest periods and mutate or CRISPRi-silence specific AP-1 binding sites at candidate enhancers. This tests whether memory is encoded at specific AP-1-dependent loci, and how long it lasts.",,
semi_random_1_3,semi_random,1,,Single-cell multiome and live-cell AP-1 reporter lineage tracing,"Use live imaging of an AP-1 activity reporter or tagged FOS/JUN, with lineage tracking through divisions. Follow with matched single-cell RNA and ATAC to link past AP-1 dynamics (pulse duration, amplitude) to later accessibility and responsiveness. This tests whether memory is heritable through mitosis and whether it is graded or all-or-none at the single-cell level.",,
semi_random_1_4,semi_random,1,,Sufficiency test with synthetic AP-1 activation and chromatin-state perturbation,"Drive AP-1 optogenetically or chemogenetically in naive cells, and in parallel use dCas9-based recruitment of AP-1 to a target locus. Then test whether this alone leaves lasting accessibility and enhanced responsiveness. Combine with inhibition of SWI/SNF (BAF) or of histone-modifying enzymes to determine which chromatin cofactors convert transient AP-1 binding into stable memory.",,
semi_random_2_0,semi_random,2,,Transient stimulus with delayed re-challenge,"Expose cells to a defined pulse of AP-1-activating signal (e.g., TPA, TNF, or injury), let activity return to baseline, then re-stimulate days to weeks later. Compare transcriptional output (RNA-seq) and kinetics against naive cells to see whether prior exposure primes a faster or stronger response.",,
semi_random_2_1,semi_random,2,,Longitudinal ATAC-seq/CUT&Tag of AP-1 occupancy and chromatin accessibility,"Profile AP-1 (FOS/JUN) binding, motif accessibility, and histone marks (H3K27ac, H3K4me1) before, during, and long after stimulation. Persistent open or primed enhancers after AP-1 levels fall would indicate a chromatin-encoded memory footprint.",,
semi_random_2_2,semi_random,2,,Acute AP-1 loss-of-function with timed degradation,"Use degron-tagged (dTAG/AID) FOS or JUN, or dominant-negative A-FOS, to remove AP-1 either during the initial stimulus or only during the memory interval. This separates AP-1's role in establishing memory from maintaining it, and tests whether enhancer accessibility and the primed response are lost.",,
semi_random_2_3,semi_random,2,,Live-cell single-cell reporters and lineage tracking,"Image AP-1 activity with fluorescent reporters or tagged FOS/JUN in single cells after a pulse, following them and their daughters over several divisions. Test whether heterogeneous or persistent activity states are heritable and correlate with later response strength, distinguishing cell-intrinsic memory from ongoing signaling.",,
semi_random_2_4,semi_random,2,,Synthetic AP-1 site editing and in vivo injury model,"Use CRISPR to mutate or insert AP-1 motifs at candidate memory enhancers, and test the effect on primed responses in cells. Parallel in vivo repeat-injury or repeat-inflammation experiments, such as skin wounding, with AP-1 perturbation would test whether memory is functionally relevant in tissue.",,
semi_random_3_0,semi_random,3,,Longitudinal ATAC/CUT&RUN after transient stimulus,"Expose cells to a defined, transient AP-1-activating stimulus (e.g., TPA, injury, or cytokine), then map chromatin accessibility and AP-1 (FOS/JUN) binding at timepoints from hours to weeks after washout. Persistent accessibility at AP-1 motif sites after AP-1 levels return to baseline would indicate a memory-like chromatin state.",,
semi_random_3_1,semi_random,3,,Acute degron depletion to separate initiation from maintenance,"Use auxin- or dTAG-inducible degradation of FOS/JUN family members at different times: before, during, and after the priming stimulus. If depletion only during priming erases later hyper-responsiveness but depletion after priming does not, AP-1 is needed for establishing memory; if post-priming depletion also erases it, AP-1 is needed for maintenance.",,
semi_random_3_2,semi_random,3,,Secondary-challenge transcriptional response assay,"Prime cells, rest them, then re-stimulate and measure RNA-seq or nascent transcription (PRO-seq/TT-seq) versus naive cells. Compare the magnitude and kinetics of gene induction at AP-1-dependent loci, and test whether the enhanced response is lost with AP-1 motif mutation or dominant-negative AP-1 (A-FOS).",,
semi_random_3_3,semi_random,3,,CRISPR editing of AP-1 motifs at memory enhancers,"Mutate or delete specific AP-1 motifs at candidate primed enhancers, or use dCas9 to recruit or block AP-1 there, and then test the persistence of H3K27ac, accessibility, and re-stimulation response. This tests whether AP-1 binding at those sites is causally required for the stored state, rather than merely correlated with it.",,
semi_random_3_4,semi_random,3,,Single-cell multiome and lineage tracing of memory inheritance,"Pair single-cell ATAC plus RNA with clonal barcoding or live reporters of AP-1 activity to follow primed cells through divisions. Test whether AP-1-linked accessibility and responsiveness are inherited by daughter cells and decay at a measurable rate, and whether memory is heterogeneous or bimodal across cells.",,
semi_random_4_0,semi_random,4,,"Transient stimulus with delayed re-challenge, mapping AP-1 chromatin accessibility","Expose cells to a brief stimulus (e.g., TNF, wounding, or PMA), let them rest for days to weeks, then profile ATAC-seq and AP-1 (FOS/JUN) CUT&RUN/ChIP. Persistent accessibility and AP-1 motif occupancy at 'memory' enhancers, along with faster or stronger transcription on re-challenge, would indicate memory.",,
semi_random_4_1,semi_random,4,,Acute AP-1 degradation during priming versus during memory maintenance,"Use degron-tagged (dTAG/AID) FOS, JUN, or ATF3 to remove AP-1 either only during the priming stimulus or only after priming. If depletion at priming prevents memory but depletion afterward does not, AP-1 is needed for establishment. If depletion afterward erases memory, it is needed for maintenance.",,
semi_random_4_2,semi_random,4,,Single-cell multiome tracking of memory-state heritability,"Run paired scRNA/scATAC-seq, or live imaging with AP-1 reporters, across cell divisions after priming. Lineage barcoding or sister-cell comparison would show whether AP-1-linked accessibility and expression states are inherited clonally and how long they last.",,
semi_random_4_3,semi_random,4,,Pioneer-like activity and chromatin-mark analysis at AP-1 sites,"Measure H3K27ac, H3K4me1, nucleosome positioning, and BAF/SWI-SNF recruitment (e.g., BRG1 CUT&Tag) at AP-1 sites before, during, and after the stimulus. Use motif-mutated or dCas9-blocked enhancers to test whether AP-1 binding is required to leave a lasting epigenetic mark.",,
semi_random_4_4,semi_random,4,,Synthetic AP-1 activation sufficiency test,"Use optogenetic or chemogenetic AP-1 activation (e.g., inducible FOS/JUN or a light-controlled version) in naive cells. Varying the dose and duration, then testing the response to a later stimulus, would show whether AP-1 activity alone is sufficient to create a persistent primed state. Compare the result with a non-AP-1 transcription factor control.",,
semi_random_5_0,semi_random,5,,Longitudinal ATAC-seq/CUT&RUN after transient stimulus,"Stimulate cells (e.g., macrophages or fibroblasts with LPS, TNF, or wounding), then profile chromatin accessibility and AP-1 (FOS/JUN) binding at days to weeks after washout. Test whether AP-1 motif-containing enhancers stay open or primed, and whether AP-1 occupancy persists, compared with naive cells.",,
semi_random_5_1,semi_random,5,,Acute AP-1 degradation at different timepoints (dTAG/AID),"Use degron-tagged FOS/JUN to remove AP-1 either during the initial stimulus or only during the later memory phase. If the memory is encoded by AP-1, depleting it during the stimulus should prevent the memory. If AP-1 maintains the memory, depleting it later should erase it. Readouts are accessibility and the faster secondary-response transcription.",,
semi_random_5_2,semi_random,5,,Secondary-challenge transcriptional response assay,"Give cells a primary stimulus, rest them, then re-challenge them. Measure nascent transcription (PRO-seq/TT-seq) and RNA-seq to quantify faster or stronger induction of genes at AP-1-bound loci. Correlate the size of the memory effect with the level of retained AP-1 binding and chromatin marks (H3K27ac, H3K4me1).",,
semi_random_5_3,semi_random,5,,Single-cell multiome tracking of lineage-traced memory,"Use single-cell RNA+ATAC with AP-1 motif activity inference (chromVAR) and clonal barcoding or live reporters (AP-1 activity reporter) to follow whether AP-1 history is inherited by daughter cells. Test whether past AP-1 activity predicts future accessibility and response across divisions, separating heritable states from transient noise.",,
semi_random_5_4,semi_random,5,,Targeted epigenome editing and site-specific perturbation,"Mutate or CRISPR-block individual AP-1 motifs at candidate memory enhancers, or use dCas9 to recruit AP-1 or chromatin remodelers (BAF) to naive loci. Test whether the site is necessary and sufficient for establishing persistent accessibility and primed responses, and whether remodeler inhibition (BRG1) uncouples AP-1 binding from the memory.",,
semi_random_6_0,semi_random,6,,Transient stimulus with delayed recall of chromatin accessibility,"Expose cells to a defined pulse of a stimulus (e.g., TPA, wounding cytokines, or mechanical stress), then wash out and let them rest for days to weeks. Re-stimulate and use ATAC-seq/CUT&RUN for AP-1 (FOS/JUN) occupancy and accessibility to test whether AP-1-bound enhancers stay open and show faster or stronger transcriptional responses than in naive cells.",,
semi_random_6_1,semi_random,6,,Acute AP-1 degradation during priming versus recall,"Use degron-tagged (dTAG/AID) JUN, FOS or a dominant-negative such as A-FOS, and deplete AP-1 either only during the initial priming or only during the memory (rest) phase. This separates AP-1 as the initiator of memory from AP-1 as the maintainer, as shown by whether accessibility and enhanced recall persist without it.",,
semi_random_6_2,semi_random,6,,Single-cell multiome tracking of memory states,"Perform paired scRNA-seq and scATAC-seq (with lineage barcodes) before, during, and long after stimulation to link AP-1 motif accessibility to later gene expression in the same cells and clonal lineages. This tests whether the memory is heritable across divisions and whether it is heterogeneous (bimodal) or graded.",,
semi_random_6_3,semi_random,6,,Live-cell imaging of AP-1 dynamics and reporters,"Tag endogenous FOS/JUN and use enhancer or target-gene reporters in live cells to measure AP-1 levels, binding residence time (single-molecule tracking), and reporter activity through stimulation, rest, and re-stimulation. This reveals whether memory is carried by persistent AP-1 protein or feedback loops, or by a changed chromatin state that outlasts AP-1 presence.",,
semi_random_6_4,semi_random,6,,Targeted enhancer manipulation and sufficiency tests,"Mutate or delete AP-1 motifs at specific memory-associated enhancers with CRISPR base editing or CRISPRi/dCas9 recruitment of AP-1 or chromatin remodelers (e.g., BAF), and ectopically recruit AP-1 to naive loci. Test whether these changes abolish or induce primed accessibility and faster re-induction of the linked gene, which establishes necessity and sufficiency at individual loci.",,
semi_random_7_0,semi_random,7,,Longitudinal ATAC-seq/CUT&RUN after transient stimulus,"Expose cells to a transient stimulus (e.g., TNF, wounding, or growth factor), then track AP-1 (FOS/JUN) binding and chromatin accessibility at defined times after washout, including weeks later. Persistence of AP-1-dependent open regions after the stimulus and AP-1 levels have returned to baseline would indicate a memory-like state.",,
semi_random_7_1,semi_random,7,,Acute AP-1 degradation to test maintenance versus initiation,"Use degron-tagged (dTAG/AID) FOS, JUN, or the BATF family to remove AP-1 either during priming or after memory is established. Then measure accessibility and the secondary-stimulus transcriptional response. If depletion during priming blocks memory but depletion afterward does not, AP-1 is needed only for initiation. Loss of memory after later depletion would show it is also needed for maintenance.",,
semi_random_7_2,semi_random,7,,Secondary-challenge response assays (primed versus naive),"Compare the RNA-seq and nascent transcription (PRO-seq) response of primed and naive cells to a second stimulus, and relate the strength of the enhanced response to AP-1 motif content at the affected genes. Include dose and time-gap titrations to define how long the memory lasts and whether it is AP-1-dependent.",,
semi_random_7_3,semi_random,7,,Single-cell multiome with lineage tracing across divisions,Do paired scRNA/scATAC-seq together with a heritable barcode or clonal tracking in primed cells across several divisions. This tests whether AP-1-associated accessibility states are inherited by daughter cells and whether clonal sister cells share the memory more than random cells do.,,
semi_random_7_4,semi_random,7,,Targeted epigenome editing and AP-1 site perturbation,"Use CRISPR to mutate or block specific AP-1 motifs at candidate memory enhancers, and use dCas9-based tools to force AP-1 recruitment or histone-mark changes at them without a stimulus. Then check whether accessibility, H3K27ac, and enhanced re-induction are lost or created. This tests whether AP-1 binding at those sites is sufficient and necessary for memory, and whether it works through cooperating factors or chromatin remodelers such as BAF.",,
poem_required_0_0,poem_required,0,,Persistence after stimulus withdrawal (the song that never stops),"Expose cells to a transient stimulus (e.g., TNF, serum, or a stress signal) and then withdraw it. Track AP-1 (FOS/JUN) occupancy by CUT&RUN and chromatin accessibility by ATAC-seq at days to weeks afterward. If AP-1 sites stay open and bound after the signal is gone, that supports AP-1 as a memory mechanism.",,never;stops
poem_required_0_1,poem_required,0,,Sensitivity to the second stimulus (the sweetest tune in the gale),"Give a primed and a naive population the same second challenge. Measure the transcriptional response by RNA-seq and nascent-RNA assays, and compare the kinetics and magnitude of induction at AP-1-marked genes. Faster or stronger induction that depends on AP-1 would be the functional signature of memory.",,sweetest
poem_required_0_2,poem_required,0,,Necessity and sufficiency by acute perturbation,"Use a dominant-negative AP-1 (A-FOS), degron-tagged JUN/FOS, or CRISPRi of specific enhancers. Apply it either during priming or only during the memory (maintenance) phase, then test whether the memory response is lost. Compare with ectopic AP-1 expression alone to see if it can write memory without the original signal. Separating the establishment and maintenance phases shows whether AP-1 is needed continuously or only to start the memory.",,without
poem_required_0_3,poem_required,0,,Single-cell tracking of AP-1 activity and heritability,"Use live-cell AP-1 reporters or FOS/JUN imaging, combined with lineage tracing or single-cell multiome (RNA + ATAC) of sister cells. Test whether the primed state is bistable, is inherited across divisions, and decays with a measurable half-life. Heritability and a stable, all-or-none state would distinguish memory from a simple lingering response.",,
poem_required_0_4,poem_required,0,,Chromatin mechanism and the independence test,"Test whether AP-1 maintains memory through chromatin remodeling (BAF/SWI-SNF), histone marks (H3K27ac, H3K4me1) and pioneer-like opening of closed sites. Perturb these factors after priming, and use optogenetic or inducible AP-1 pulses to ask whether a transient AP-1 input leaves a lasting epigenetic mark. Retained marks that persist when AP-1 is removed would show that the memory is carried by chromatin rather than by continuous AP-1 presence.",,
poem_required_1_0,poem_required,1,,Trunkless legs: chromatin scars after AP-1 loss,"Transiently induce AP-1 (e.g., FOS/JUN pulse or stimulus), then remove it by degron-mediated degradation or dominant-negative A-FOS, and at time points of days to weeks profile ATAC-seq, H3K27ac and CUT&RUN for residual open enhancers. Persistent accessibility at AP-1 motif sites after the factor is gone, as with the legs that remain after the king, would indicate a memory imprint, and the question is whether it needs continued AP-1 binding.",,trunkless
poem_required_1_1,poem_required,1,,Inscription vs. sand: reversibility and decay kinetics,"Track AP-1 binding (CUT&RUN), accessibility and target transcription at repeated time points after the stimulus ends, and fit decay half-lives. Compare them with the cell division number, using synchronized or arrested cells to separate passive dilution from active maintenance, to test whether the memory is stable or erodes like the sand-covered statue.",,decay
poem_required_1_2,poem_required,1,,Re-stimulation (primed response) assay,"Give naive cells and previously stimulated cells (for example, fibroblasts or macrophages after injury or inflammatory exposure) a second stimulus after a rest period, and measure the faster or stronger transcriptional response by RNA-seq or nascent-RNA (PRO-seq). Compare the effect of AP-1 perturbation (CRISPRi on FOS/JUN, or loss of specific enhancers) during the first versus the second exposure to see whether AP-1 is needed to write the memory, to read it, or both.",,
poem_required_1_3,poem_required,1,,Single-cell lineage-linked memory tracing,"Use live reporters of AP-1 activity (FOS promoter or AP-1 response element reporters) with barcoded lineage tracing, and record each cell's history of AP-1 activity, then ask whether sister cells inherit similar states and similar future responsiveness. Co-measure single-cell multiome (RNA and ATAC) to show that AP-1 history predicts the chromatin state better than the current signal does, like a sculptor's reading of a passion that persists in a lifeless thing.",,lifeless;sculptor
poem_required_1_4,poem_required,1,,Synthetic imprinting by targeted AP-1 recruitment,"Use dCas9 or a synthetic AP-1 (a tethered or optogenetic JUN/FOS) to bring AP-1 to a chosen locus for a limited time, and then test whether the locus keeps its accessibility and expression after the tool is removed. Compare wild-type motifs with motif mutants and with pioneer or SWI/SNF (BAF) recruitment-deficient variants, to show sufficiency and the mechanism of AP-1-dependent memory.",,
poem_required_2_0,poem_required,2,,Stipple-map of single-cell AP-1 history (dappled lineage tracing),"Use a FOS/JUN knock-in fluorescent or recombinase-based reporter (e.g., Fos-CreER-style tagging) to permanently mark cells that experienced a stimulus, then follow the marked and unmarked 'dappled' mosaic through divisions. Re-challenge and compare transcriptional response and chromatin state between marked and unmarked sister lineages to test whether past AP-1 activity predicts altered future responses.",,dappled;stipple
poem_required_2_1,poem_required,2,,Paired-stimulus priming with washout time course,"Expose cells to a first AP-1-activating stimulus (e.g., TPA, TNF, or wounding), wash out, and re-stimulate after variable delays (hours to many cell divisions). Measure the second-response magnitude by RNA-seq and nascent transcription, and test whether AP-1 dose, delay, and motif-linked gene sets quantitatively predict memory duration, using JUN/FOS dominant-negative (A-FOS) to show necessity.",,
poem_required_2_2,poem_required,2,,Single-cell multiome of AP-1 motif accessibility persistence,"Run scATAC+RNA-seq before, during, and long after stimulation. Track whether AP-1-motif (chromVAR) accessible regions stay open after AP-1 protein levels return to baseline, and whether this heterogeneity (fast/slow, sweet/sour-like cell states) maps onto subsequent responsiveness at the single-cell level.",,sweet
poem_required_2_3,poem_required,2,,Acute degradation to separate initiation from maintenance,"Tag endogenous AP-1 factors (JUN, FOSL, BATF) with a degron and deplete them either during the priming stimulus or only after the memory state has formed. If memory sites (ChIP/CUT&RUN, ATAC, H3K27ac) persist and the enhanced response remains after AP-1 loss at later times, AP-1 is only an initiator. If memory decays, AP-1 is required for maintenance.",,
poem_required_2_4,poem_required,2,,Synthetic AP-1 enhancer perturbation and live reporting,"Use CRISPR dCas9 tools to edit or mutate specific AP-1 motifs at memory-associated enhancers (CRISPRi or base editing), while using live-cell imaging of a reporter at the locus. Test whether the motif is causally needed for faster or stronger reactivation after a prior stimulus, and whether ectopic AP-1 motifs can install memory at a naive locus.",,
poem_required_3_0,poem_required,3,,Filament-launch time course: transient stimulus then washout with chromatin accessibility profiling,"Give cells a brief stimulus (e.g., TPA or a cytokine), wash it out, and run ATAC-seq and AP-1 (FOS/JUN) CUT&RUN at several times from hours to weeks. Like the spider's thread that stays in place after launch, this tests whether AP-1-dependent accessible sites persist after the signal and AP-1 levels have fallen.",,filament;launch;spider;thread
poem_required_3_1,poem_required,3,,Acute AP-1 degradation to separate establishment from maintenance,"Use a dTAG or auxin-inducible degron on JUN/FOS or a dominant-negative A-FOS, applied either during stimulation or after it. If accessibility and transcriptional priming persist when AP-1 is removed after the memory is set, AP-1 is an initiator but not a maintainer. If they collapse, AP-1 is needed continuously, as a thread needs an anchor to hold.",,anchor;thread
poem_required_3_2,poem_required,3,,Secondary-challenge assay with single-cell multiomics,"Give a primary stimulus, rest the cells, then give a second stimulus. Use scRNA-seq plus scATAC-seq to compare the faster or stronger gene induction in primed cells against naive cells. Link this to AP-1 motif accessibility and binding at the same loci, and test causality with AP-1 site mutations or CRISPRi at selected enhancers.",,
poem_required_3_3,poem_required,3,,Live-cell AP-1 dynamics and lineage tracking,"Image endogenously tagged FOS/JUN and a reporter of AP-1 target activity in single cells across divisions, following lineages after a pulse. Measure how long the state is inherited and whether it is heritable through mitosis, with mitotic bookmarking checked by imaging and mitotic-chromosome ChIP. Each cell sends a filament forward to its daughters, so the tracing asks whether the signal reaches them.",,filament
poem_required_3_4,poem_required,3,,Synthetic enhancer-memory reporter and sufficiency test,"Insert AP-1-motif-only synthetic enhancers driving a reporter into a neutral locus, with motif variants that differ in number, spacing and affinity. Pulse the cells, then measure persistence of reporter activity, accessibility and histone marks (H3K27ac, H3K4me1) at the locus. This tests whether AP-1 binding alone is sufficient to make a self-sustaining state, and whether it needs cooperating factors or positive feedback loops. Adding an AP-1 recruitment-only control separates binding from a pioneer-like chromatin-remodelling function (BAF recruitment).",,
poem_required_4_0,poem_required,4,,Decay-kinetics time course of AP-1 chromatin accessibility after transient stimulus,"Like the 'first green' that fades to ordinary leaf, test whether the early AP-1 state persists or decays: apply a brief stimulus (e.g., TPA, injury, or cytokine), then run ATAC-seq/CUT&RUN for FOS/JUN and motif-accessibility (chromVAR) at hours, days, and weeks after washout. Persistent AP-1-dependent open sites after signal removal, with measured half-lives, would indicate memory rather than transient response.",,early;green
poem_required_4_1,poem_required,4,,Primed vs. naive re-stimulation challenge with acute AP-1 degradation,"Prime cells with a first stimulus, rest them, then restimulate and compare transcriptional output (RNA-seq, nascent PRO-seq) to naive cells; repeat with a degron (dTAG/AID) or dominant-negative (A-FOS) of FOS/JUN applied only during priming versus only during recall. If AP-1 is needed at priming to produce faster/stronger recall but not at recall, it acts as a memory-writing factor.",,
poem_required_4_2,poem_required,4,,Single-cell multiome lineage tracing of memory vs. 'subsiding' states,"Use paired scRNA/scATAC with barcoded lineage tracing to follow clones after a transient stimulus and see whether AP-1 motif accessibility is heritably maintained in daughter cells or reverts to baseline ('leaf subsides to leaf'). Clonal correlation of AP-1 state across divisions, versus random sister-cell divergence, quantifies heritability.",,subsides
poem_required_4_3,poem_required,4,,Live-cell AP-1 reporter and imaging of dynamics and bistability,"Engineer knock-in FOS/JUN fluorescent reporters or AP-1 activity reporters and track single cells with time-lapse microscopy through pulse-and-washout protocols with varied pulse durations and doses. Hysteresis, bimodality, or sustained activity after the stimulus ends suggests a self-sustaining feedback memory; rapid return to baseline suggests none.",,
poem_required_4_4,poem_required,4,,Ordering test of AP-1 against epigenetic marks with synthetic recruitment,"At AP-1-dependent loci, map H3K27ac, H3K4me1, and DNA methylation over time after stimulus, and perform motif-mutation CRISPR edits or dCas9-based forced AP-1 recruitment (transient) to ask whether AP-1 binding is necessary and sufficient to establish enhancer marks that outlast its presence. Marks that persist after AP-1 removal indicate AP-1 initiates memory handed off to chromatin, versus AP-1 occupancy itself being the maintained state.",,
poem_required_5_0,poem_required,5,,Fearful symmetry: paired-daughter lineage tracking of AP-1 state,"Live-image AP-1 reporters (e.g., FOS/JUN endogenous tags plus a TRE-driven reporter) in single cells after a transient stimulus, then compare sister cells across several divisions. Like the tiger's symmetry, high sister-sister correlation that exceeds that of unrelated cells and persists after the stimulus ends would indicate heritable memory rather than ongoing signaling.",,fearful;symmetry
poem_required_5_1,poem_required,5,,Seizing the fire: transient pulse then chromatin accessibility and AP-1 occupancy time course,"Give a defined stimulus pulse (e.g., TPA or a cytokine), wash it out, and run ATAC-seq, CUT&RUN for JUN/FOS and H3K27ac at days to weeks. Persistent AP-1 motif-enriched accessible sites that stay open after AP-1 levels fall back to baseline indicate that AP-1 left a lasting epigenetic imprint.",,
poem_required_5_2,poem_required,5,,Burnt fire: acute degron depletion at different times after priming,"Use an auxin- or dTAG-degradable AP-1 subunit (e.g., c-JUN or FOSL1) and remove it either during priming or after it, then restimulate and measure the transcriptional response by RNA-seq. If depletion after priming still leaves the enhanced response, AP-1 is only needed to establish memory. If depletion abolishes the response, AP-1 is needed to maintain it.",,burnt
poem_required_5_3,poem_required,5,,Burning bright in the forest: single-cell multiome of primed vs naive populations,"Run joint scRNA/scATAC on primed, naive and re-stimulated cells, then infer motif activity with tools like chromVAR and SCENIC. Compare the faster or stronger gene induction at AP-1-dependent loci in primed cells, and test whether the primed subpopulation is a discrete, stable state.",,bright;burning
poem_required_5_4,poem_required,5,,What immortal hand: synthetic AP-1 sufficiency test with dCas9 and mutated motifs,"Delete or mutate AP-1 motifs at candidate memory enhancers by CRISPR, and in parallel tether AP-1 or a pioneer-capable domain to naive loci using dCas9. Loss of memory after motif deletion, and induction of persistent accessibility and heightened response by tethering, would show necessity and sufficiency at specific loci.",,immortal
poem_required_6_0,poem_required,6,,"Transient stimulus, persistent AP-1 chromatin occupancy (the 'deep heart's core' echo)","Pulse cells (e.g., fibroblasts or macrophages) with a stimulus such as TNF, PMA or wounding, then wash out and track AP-1 (FOS/JUN) binding by CUT&RUN and chromatin accessibility by ATAC-seq at days 0, 1, 7 and 21. Like the lake water still heard on grey pavements long after leaving the shore, memory would show up as retained accessible AP-1 motif sites after the stimulus and the FOS/JUN transcripts have decayed.",,heart;pavements;shore;water
poem_required_6_1,poem_required,6,,Acute degron depletion to separate initiation from maintenance,"Use auxin-inducible degradation of FOS or JUN (or dominant-negative A-FOS) at different times: before, during, or after the priming stimulus. If AP-1 is only needed during priming but memory persists, it initiates memory. If depleting it after priming erases accessibility and the faster secondary response, it maintains memory.",,
poem_required_6_2,poem_required,6,,Primed-versus-naive re-stimulation response with motif-site mutagenesis,"Measure the transcriptional response (nascent RNA, PRO-seq) to a second stimulus in primed and naive cells, and identify the genes with enhanced responses. Then use CRISPR to mutate or dCas9-block the AP-1 motifs at selected enhancers to test whether those sites are necessary for the enhanced response. Add a reporter-based test of whether the primed state is cis-encoded.",,
poem_required_6_3,poem_required,6,,Single-cell live imaging of AP-1 dynamics and heritability across divisions,"Track endogenous FOS/JUN with fluorescent knock-in tags and AP-1 reporters in single cells through time, lineage-tracing after stimulus. Test whether state is inherited by daughter cells and decays over a characteristic number of divisions, as expected for epigenetic memory, rather than reflecting continued signaling. Relate the dynamics, such as pulsatile versus sustained, to the memory outcome.",,
poem_required_6_4,poem_required,6,,"Chromatin-state coupling: AP-1 with BAF and histone marks, plus in vivo test","Test whether AP-1 recruits BAF remodelers and deposits H3K27ac or H3K4me1 that persist, using BRG1 inhibition, ChIP/CUT&Tag and sequential perturbation. Then check in vivo, for example in skin or after inflammation, whether tissue cells retain AP-1-dependent accessible regions weeks after injury and respond faster on re-challenge.",,
poem_required_7_0,poem_required,7,,"Lone cloud, then crowd: single-cell AP-1 history tracking","Live-image endogenous FOS/JUN with knock-in fluorescent reporters (and a stable lineage tracker) in single cells through a first stimulus, a rest period, and a second stimulus. Test whether prior activation history predicts the amplitude or kinetics of the second response, as a wanderer's earlier path predicts where they meet the crowd.",,cloud;crowd
poem_required_7_1,poem_required,7,,Daffodil field mapping: ATAC/CUT&RUN of AP-1 bound latent enhancers,"Profile AP-1 binding (JUN/FOS CUT&RUN), chromatin accessibility and H3K27ac before, after and long after stimulus withdrawal. Identify enhancers that stay open or primed after AP-1 levels return to baseline, and test whether they are the sites that drive faster or stronger reactivation.",,
poem_required_7_2,poem_required,7,,Breeze-off test: acute AP-1 degradation after priming,"Prime cells, then use degron-tagged (dTAG/auxin) JUN/FOS or a dominant-negative such as A-FOS to remove AP-1 at defined times: during priming only, during the rest period only, or at restimulation. Compare enhancer accessibility and transcriptional memory to separate AP-1 as the initiator of memory from AP-1 as its maintainer.",,breeze
poem_required_7_3,poem_required,7,,Dancing in sync: dynamics-encoded memory via optogenetic pulse patterns,"Drive AP-1 with optogenetic or chemogenetic input using varied pulse number, frequency and duration, then measure target gene output and chromatin state after a delay. Fit a model, such as a bistable or hysteresis model, to ask whether AP-1 dynamics encode a persistent state that depends on the history of the input.",,dancing
poem_required_7_4,poem_required,7,,Lineage inheritance across divisions with sister-cell and single-cell multiome,"Track primed cells through mitosis with time-lapse imaging, or barcode them, then run paired scRNA/scATAC on sisters and distant relatives. Test whether the primed AP-1 target state is inherited, decays at a measurable rate, and is shared more by clonally related cells than by random cells, which would show cell-autonomous heritable memory and not just a persistent external signal.",,
distant_paragraph_required_0_0,distant_paragraph_required,0,,Partial-by-partial 'shaving' of AP-1 subunits with degron tools,"Like tuning a bell by removing metal from specific partials, acutely degrade individual AP-1 family members (FOS, FOSB, JUN, JUNB, ATF3) with dTAG/auxin degrons after a priming stimulus and measure which ones are needed to maintain versus establish the primed response upon restimulation. Irreversible loss of response after degradation versus recovery after degron washout distinguishes a maintained memory from a transient one.",,metal;partials
distant_paragraph_required_0_1,distant_paragraph_required,0,,Chromatin accessibility and AP-1 occupancy time course after priming (ATAC-seq/CUT&RUN),"Prime cells (e.g., with cytokine, wounding signal, or growth factor), then profile accessibility and AP-1 binding at days to weeks after stimulus removal to test whether AP-1-dependent enhancers remain open ('cast' into the chromatin) once AP-1 levels have returned to baseline. Motif-footprint analysis and comparison with naive cells reveal whether AP-1 sites are the persistent memory elements.",,
distant_paragraph_required_0_2,distant_paragraph_required,0,,Single-cell multiome with lineage-tracked clonal memory,Use barcoded clones and paired scRNA/scATAC to test whether primed AP-1 activity states and target gene responsiveness are inherited across cell divisions in sister cells more than in unrelated cells. Heritability estimates of AP-1 activity and faster re-induction of target genes indicate cell-intrinsic memory rather than persistent signalling.,,
distant_paragraph_required_0_3,distant_paragraph_required,0,,Optogenetic/CRISPR perturbation of AP-1 sites with live reporters,"Deliver defined pulses of light-controlled AP-1 activation (or dCas9 activation of FOS/JUN) while imaging an AP-1 reporter and endogenous target loci, varying pulse number, duration, and rest interval. A memory mechanism predicts a history-dependent, faster or stronger second response, and mutating specific AP-1 motifs in enhancers by CRISPR tests whether those sites carry the memory.",,
distant_paragraph_required_0_4,distant_paragraph_required,0,,Pioneer-like function and epigenetic mark causality tests,"Measure H3K27ac, H3K4me1 and nucleosome remodeling (BAF recruitment) at AP-1 sites after priming, and test whether blocking BAF activity or deacetylation erases memory while forced retention of marks preserves it. Combining this with an in vivo model (e.g., skin inflammatory memory) tests whether AP-1-dependent accessibility is necessary and sufficient for faster secondary responses.",,
distant_paragraph_required_1_0,distant_paragraph_required,1,,Sequence-order decoding of AP-1 dimer history,"Like a bridge auction where the meaning depends on the order of calls, stimulate cells with ordered pulses (e.g., growth factor then stress, versus the reverse) and measure FOS/JUN/ATF family composition and chromatin accessibility (ATAC-seq, CUT&RUN for each subunit). Test whether the same stimuli in different orders leave distinct, persistent AP-1 binding and transcriptional states.",,auction;bridge;calls;leave;order;sequence
distant_paragraph_required_1_1,distant_paragraph_required,1,,Pioneer-like priming and persistence of AP-1 sites after stimulus removal,"Time-course ATAC-seq, H3K27ac and AP-1 CUT&Tag at days to weeks after a transient stimulus, tracking whether AP-1-bound enhancers stay open or primed after AP-1 itself returns to baseline. Pair with acute degron depletion (dTAG) of FOS/JUN at different times to determine if AP-1 is needed to maintain the memory or only to establish it.",,
distant_paragraph_required_1_2,distant_paragraph_required,1,,Memory-dependent secondary-response test via AP-1 perturbation,"Give primed and naive cells a second stimulus and compare faster or stronger induction of target genes (RNA-seq, nascent transcription). Use CRISPRi or mutation of specific AP-1 motifs at memory-associated enhancers, plus dominant-negative A-FOS, to test if the enhanced second response requires those sites.",,
distant_paragraph_required_1_3,distant_paragraph_required,1,,Single-cell multiome lineage tracing of AP-1 states,Use single-cell multiome (RNA + ATAC) with heritable barcodes or sister-cell pairs to test whether AP-1 activity states are inherited through cell division. Correlate sister-cell similarity in AP-1 motif accessibility and target expression versus random pairs to quantify heritability beyond shared environment.,,
distant_paragraph_required_1_4,distant_paragraph_required,1,,Decoy-resistance: minimal-signature versus redundant encoding,"Since a mark that is hard for outside perturbation to disrupt is more useful as memory, challenge primed cells with competing signals, inhibitors of kinases (JNK/ERK) or chromatin writers, and paralog knockouts (e.g., FOSL1/FOSL2 compensation). Measure how robust the memory is and which AP-1 members, cofactors (BAF, p300) or feedback loops stabilize it, using live reporters of an AP-1 target for longitudinal readout.",,
distant_paragraph_required_2_0,distant_paragraph_required,2,,Differential decay of ridge vs. body: component turnover half-lives,"Like a roof whose ridge wears out far faster than the body, AP-1 memory may persist in some layers (chromatin accessibility at AP-1 motifs) but decay fast in others (FOS/JUN protein, phosphorylation). Time-course after a transient stimulus measuring FOS/JUN protein and mRNA, JUN phosphorylation, ATAC-seq accessibility at AP-1 motifs, and enhancer H3K27ac, and then fitting decay rates to show which layer carries the memory beyond AP-1 protein levels.",,ridge;wears
distant_paragraph_required_2_1,distant_paragraph_required,2,,Course-by-course ordering: pioneer-like priming by AP-1 in stimulus history,"Thatch is laid in successive courses where each depends on the one below. Do sequential stimulation (primary then secondary challenge, with variable rest intervals) and use single-cell multiome (scATAC + scRNA) to test whether first-pass AP-1 binding (CUT&RUN for FOS/JUN/JUNB) opens enhancers that enable faster or larger transcriptional responses to the second stimulus, and whether this is lost when AP-1 is removed.",,below;courses
distant_paragraph_required_2_2,distant_paragraph_required,2,,Acute degron removal after the priming stimulus,"Use dTAG/auxin-degron alleles of FOS, JUN, or dominant-negative A-FOS induced either during priming, or only after priming during the rest period. If memory persists after AP-1 is degraded post-priming, AP-1 is only an initiator. If the memory decays, AP-1 is needed for maintenance. Read out via secondary response magnitude, chromatin accessibility and nascent RNA (PRO-seq).",,
distant_paragraph_required_2_3,distant_paragraph_required,2,,Pitch threshold: dose and duration dependence of memory (bistability),"In thatch, the pitch relative to a threshold determines whether the roof sheds water or rots. Test for similar threshold behaviour by titrating stimulus strength and duration, using live-cell AP-1 reporters (FOS-GFP, AP-1 motif reporter) tracked over days in single cells. Look for a bimodal, hysteretic response where cells above a threshold stay ON after stimulus removal, and cells below it return to baseline. Do mathematical modeling of positive feedback (JUN autoregulation) to predict the threshold, then perturb to test it.",,below;pitch;water
distant_paragraph_required_2_4,distant_paragraph_required,2,,Locus-specific causal test by motif editing and dCas9 recruitment,"Like the hazel spars that fix individual bundles, specific AP-1 sites may anchor memory at particular enhancers. Use CRISPR to mutate AP-1 motifs at candidate memory enhancers, or recruit dCas9-FOS or dCas9-repressors, and then measure whether the memory of that gene (faster re-induction, retained accessibility, cell-division inheritance across passages) is lost or can be installed ectopically without a stimulus.",,hazel;spars
distant_paragraph_required_3_0,distant_paragraph_required,3,,"Transient stimulus, delayed re-challenge (hysteresis test)","Expose cells (e.g., fibroblasts or macrophages) to a defined pulse of AP-1-activating signal (TPA, TNF, or injury), wash out, then re-stimulate after days to weeks and measure transcriptional response by RNA-seq and nascent-transcript assays. Memory predicts faster or stronger induction of specific genes than in naive cells, and the effect should be lost if c-Jun/c-Fos is knocked out (e.g., degron) only during the first pulse.",,
distant_paragraph_required_3_1,distant_paragraph_required,3,,Case-switching chromatin accessibility: 'upper vs lower case' states,"Use ATAC-seq/CUT&Tag for AP-1 factors (FOS, JUN), H3K27ac and H3K4me1 before, immediately after, and long after stimulus to find enhancers that stay open or primed once AP-1 has left, like type that stays set after the hand moves on. Test causality by showing those enhancers are AP-1 motif-dependent via CRISPR motif mutation or dCas9 perturbation and that persistent accessibility predicts the enhanced re-response.",,lower;upper
distant_paragraph_required_3_2,distant_paragraph_required,3,,Single-cell tracking of AP-1 dynamics with live reporters,"Tag endogenous FOS/JUN (or use a synthetic AP-1 reporter) and image single cells over days to determine whether memory is stored as sustained AP-1 activity, a self-sustaining feedback loop, or as heritable chromatin marks after AP-1 returns to baseline. Correlating prior pulse history with later per-cell response and lineage inheritance across divisions separates cell-autonomous memory from population effects.",,
distant_paragraph_required_3_3,distant_paragraph_required,3,,Acute degron-based necessity and sufficiency with timing control,"Use inducible degradation of AP-1 (e.g., dTAG on JUN/FOS or dominant-negative A-FOS) at different windows: during priming, during the memory interval, and during re-challenge. If AP-1 is needed only to establish memory, removal during the interval will have no effect, whereas needing it to maintain memory implies ongoing presence; also test sufficiency by transient ectopic expression of AP-1 in naive cells.",,
distant_paragraph_required_3_4,distant_paragraph_required,3,,Tightness metric: dose-dependence and decay kinetics of memory,"Quantify how memory scales with pulse strength, duration and number of repeats, and measure its half-life and persistence across cell divisions, forming a quantitative model (e.g., bistable vs graded) of how much 'spacing' is needed to lock the state. Fit the data with a dynamical model and verify its predictions, such as bistability with a threshold, by sorting cells and checking for bimodal, heritable states.",,
distant_paragraph_required_4_0,distant_paragraph_required,4,,Slip-style sequential occupancy mapping of AP-1 co-binding,"After a transient stimulus (e.g., TPA, serum, or a stress signal), profile FOS/JUN family members, the pioneer partner, and chromatin accessibility (CUT&RUN/ATAC) over days to weeks. The aim is to see whether AP-1 'signatories' accumulate on the same enhancers and whether the lead factor's early binding predicts later accessibility and H3K27ac, as in a slip where followers join the lead underwriter. Persistence of sites after AP-1 levels return to baseline would indicate a memory-like state.",,underwriter
distant_paragraph_required_4_1,distant_paragraph_required,4,,Acute degron depletion at defined times after stimulus,"Use dTAG/AID degrons on c-Jun, c-Fos, or JunB to remove AP-1 either during the stimulus or after it has ended, then measure the primed transcriptional response to a second stimulus. If memory requires AP-1 only at induction, the enhancer state persists after removal. If it requires AP-1 continuously, the memory collapses once AP-1 is removed. This separates AP-1 as the writer of memory from AP-1 as the carrier of memory.",,
distant_paragraph_required_4_2,distant_paragraph_required,4,,Single-cell paired readout of AP-1 dynamics and re-stimulation response,"Combine live-cell reporters for FOS/JUN activity (or a knock-in fluorescent tag) with a prime–rest–restimulate protocol, followed by single-cell multiome (RNA + ATAC). Test whether the history of AP-1 activity in each cell, such as its amplitude and duration, predicts that cell's secondary response, and whether the memory is binary across cells (like the all-at-once bell signal) or graded.",,followed
distant_paragraph_required_4_3,distant_paragraph_required,4,,Enhancer-specific causal perturbation of AP-1 motifs,"Use CRISPR base editing or saturation mutagenesis of AP-1 motifs at primed enhancers, together with dCas9-KRAB or dCas9-based eviction, applied before or after priming. Measure whether the motif is required for establishing the open state, for keeping it, and for faster re-induction of the linked gene. Compare with other motifs to show that the memory is attributable to AP-1 sites specifically.",,
distant_paragraph_required_4_4,distant_paragraph_required,4,,Memory kinetics and heritability across cell divisions,"Track primed chromatin state (accessibility, histone marks, nascent transcription by PRO-seq) in lineages after stimulus washout, with time-lapse lineage tracing or sorted daughter cells across multiple divisions. Fit decay models and test whether AP-1-dependent states are inherited through mitosis (by mitotic-chromatin CUT&RUN for AP-1 bookmarking) or are rebuilt each cycle. Compare half-lives with and without AP-1 perturbation to quantify its contribution to memory.",,
distant_paragraph_required_5_0,distant_paragraph_required,5,,Trimmed-consensus scoring of AP-1 occupancy across independent assays,"Like discarding the highest and lowest judges, profile AP-1 (FOS/JUN) binding and accessibility after a transient stimulus using several independent assays (CUT&RUN, ATAC-seq, ChIP-seq with different antibodies, footprinting) and labs/replicates. Drop the extreme scores per locus and average the rest, so that only sites with robust, reproducible persistence long after the stimulus is gone are called memory sites, not artifacts of one antibody or batch.",,highest;judges;lowest;scores
distant_paragraph_required_5_1,distant_paragraph_required,5,,Base value vs. execution: separating priming potential from realized response,"For each AP-1-bound enhancer, define a fixed 'base value' (motif strength, prior accessibility, baseline binding) and a separate 'execution grade' (transcriptional output, e.g., nascent RNA/PRO-seq, upon re-stimulation). Model whether prior exposure increases execution beyond what the base value predicts, to test if AP-1 history adds information beyond sequence and chromatin state.",,execution;fixed;grade;value
distant_paragraph_required_5_2,distant_paragraph_required,5,,Completed-rotation test: acute AP-1 degradation after the stimulus ends,"Like the technical panel checking whether a rotation was fully completed, test whether memory is fully established and maintained without ongoing AP-1. Use degron-tagged FOS/JUN (dTAG/AID) or dominant-negative A-FOS added at defined times (during priming, after priming, before restimulation) and measure whether accessibility and faster re-induction are lost, to distinguish AP-1 as initiator versus maintainer of memory.",,completed;panel;rotation;technical
distant_paragraph_required_5_3,distant_paragraph_required,5,,Quarter-turn sensitivity: motif mutation and dose-titration at single enhancers,"Small deviations can cost a lot, so make precise perturbations: CRISPR base-editing of single AP-1 motifs (partial vs. full disruption) and titration of stimulus dose/duration. Measure the effect on persistent accessibility and re-stimulation response to find threshold-like (nonlinear) behavior, indicating AP-1 sites as discrete memory switches.",,quarter
distant_paragraph_required_5_4,distant_paragraph_required,5,,Single-cell lineage tracing of memory inheritance through division,"Use single-cell multiome (RNA + ATAC) with lineage barcodes or sister-cell pairing after transient stimulation, and live imaging of AP-1 reporters or endogenously tagged FOS/JUN. Test whether primed AP-1 target states are inherited by daughter cells and correlate with AP-1 binding retained through mitosis (mitotic bookmarking), compared with unstimulated controls.",,
distant_paragraph_required_6_0,distant_paragraph_required,6,,Angled-tesserae: single-cell ATAC/CUT&Tag of AP-1 motif accessibility after transient stimulus,"Stimulate cells (e.g., epithelial or immune cells with a wound/inflammatory cue), remove the stimulus, and track at single-cell resolution which AP-1 (FOS/JUN) motif-bearing enhancers stay open for days to weeks. Like tesserae whose tilt persists after the candle moves, persistent accessibility at specific sites, heterogeneous between cells, would indicate stored state; compare to unstimulated and to cells re-challenged later.",,tesserae;whose
distant_paragraph_required_6_1,distant_paragraph_required,6,,Re-stimulation 'flicker' test of primed response,"Give a first pulse of stimulus, rest for variable intervals, then a second pulse, and measure transcription (RNA-seq, nascent PRO-seq) and AP-1 binding kinetics versus naive cells. Faster or stronger induction at AP-1-dependent genes that decays with rest time quantifies memory duration; the response varying with 'viewing angle' (pulse timing, dose) maps the memory's dependence on history.",,flicker
distant_paragraph_required_6_2,distant_paragraph_required,6,,"Acute AP-1 degradation to separate establishment, maintenance, and recall","Use degron-tagged (dTAG/AID) or dominant-negative (A-FOS) AP-1 factors, depleting them before the first stimulus, during the rest period, or only at re-challenge. If depletion only at establishment erases memory while depletion during the rest period doesn't, AP-1 initiates but doesn't maintain it; loss at maintenance or recall shows AP-1 is itself the memory carrier.",,
distant_paragraph_required_6_3,distant_paragraph_required,6,,Site-specific perturbation of AP-1 motifs at memory enhancers,"Use CRISPR base editing or motif deletion at individual AP-1 sites, plus dCas9-based tethering of AP-1 or chromatin remodelers (e.g., BAF), to test whether single sites are necessary and sufficient for retained accessibility and faster re-induction. Following the 'outline row' idea, a few key boundary sites guiding the larger pattern should show disproportionate effects, which can be tested by ranking sites by effect size.",,
distant_paragraph_required_6_4,distant_paragraph_required,6,,Live-cell imaging of AP-1 dynamics and lineage-tracked memory,"Image endogenously tagged FOS/JUN (and a reporter of target genes) in single cells across stimulation, rest, and re-stimulation, tracking cell lineages through division. Correlating a mother cell's AP-1 history with daughters' reporter responses tests heritability, and resolution depends on 'viewing distance': single-cell traces look noisy but population-level patterns resolve into distinct memory states.",,distance;image
distant_paragraph_required_7_0,distant_paragraph_required,7,,Stimulus-washout chromatin accessibility time course,"Expose cells (e.g., macrophages or fibroblasts) to a transient stimulus such as TNF, LPS, or wounding cues, then wash out and profile ATAC-seq, AP-1 (FOS/JUN) CUT&RUN and H3K27ac at multiple timepoints out to weeks. Persistent AP-1-motif-containing accessible sites after AP-1 binding itself has decayed would indicate a memory that outlasts the signal; this is analogous to a crease that stays after the paper is unfolded.",,crease;paper
distant_paragraph_required_7_1,distant_paragraph_required,7,,Acute AP-1 degradation at defined windows (induction vs maintenance),"Use degron-tagged (dTAG/AID) or dominant-negative (A-FOS) AP-1 components to remove AP-1 either only during the initial stimulus or only after washout, then restimulate and measure transcriptional response by RNA-seq and accessibility. If depletion during the priming phase prevents memory but depletion in the maintenance phase does not, AP-1 acts as an initiator; the converse implies it actively maintains the memory.",,
distant_paragraph_required_7_2,distant_paragraph_required,7,,Vertex-style combinatorial constraint analysis of AP-1 motif grammar,"Map memory-associated enhancers and quantify AP-1 motif number, spacing, orientation, and co-occurrence with partner TFs (e.g., ETS, CEBP, NFAT) using massively parallel reporter assays with systematically varied motif arrangements. Like flat-fold rules that require angle sums and fold counts to balance at each vertex, this tests whether specific rules of motif combination predict which sites retain memory and which return to baseline.",,angle;vertex
distant_paragraph_required_7_3,distant_paragraph_required,7,,Single-cell multiome lineage-tracing of memory inheritance,"Combine single-cell RNA plus ATAC with barcode lineage tracing or sister-cell pairing after stimulation to test whether AP-1 activity states and accessibility are shared among sister cells across divisions more than expected by chance. High sister concordance that persists for generations, and that predicts the magnitude of secondary response, would support heritable memory rather than transient signaling.",,
distant_paragraph_required_7_4,distant_paragraph_required,7,,Targeted epigenome editing of AP-1-dependent memory loci,"Use dCas9-based tools (CRISPRi/KRAB, or motif mutation by base editing) at individual AP-1-bound enhancers that stay open after stimulation, and test the effect on faster or stronger reinduction of the nearby gene. Packing analogy: each enhancer is a circle that must be placed individually, so loci-specific perturbation shows which sites are necessary and sufficient, and whether the memory is cis-encoded or depends on global AP-1 levels.",,
random_tokens_required_0_0,random_tokens_required,0,,Barcoded lineage tracing of AP-1 state,"The material looks like a series of short, distinct random tokens, which suggests using unique heritable barcodes. Barcode individual cells, give a transient AP-1 stimulus, and use single-cell RNA-seq with an AP-1 target signature to test whether sister cells share AP-1 activity states after washout more than unrelated cells do. Shared states across divisions would indicate heritable memory.",,
random_tokens_required_0_1,random_tokens_required,0,,Scrambled-motif enhancer editing,"In the material, scrambling the characters destroys the message while the overall composition stays the same. Likewise, use CRISPR to scramble or delete AP-1 (TRE) motifs at candidate enhancers while leaving the surrounding sequence intact. Then test whether those enhancers lose primed accessibility and faster re-induction, which would show that the AP-1 motif itself carries the memory.",,
random_tokens_required_0_2,random_tokens_required,0,,Optogenetic pulse-history encoding,"Drive AP-1 activity with optogenetic or chemogenetic control using different pulse patterns (single long, several short, and spaced pulses) that deliver the same total dose. Measure later target gene output to see whether the response depends on the stimulus history and not only on the current AP-1 level. History-dependent output is a functional signature of memory.",,
random_tokens_required_0_3,random_tokens_required,0,,Time-resolved chromatin profiling after washout,"After a transient stimulus, collect ATAC-seq and CUT&Tag data (FOS/JUN, H3K27ac) at several time points, from hours to multiple cell divisions. Identify sites that keep their accessibility or occupancy after AP-1 protein returns to baseline, and test whether the persistence predicts stronger re-induction of nearby genes.",,
random_tokens_required_0_4,random_tokens_required,0,,Hysteresis and maintenance test by acute depletion,"Ramp the stimulus dose up and then down and look for hysteresis, which indicates bistability. In parallel, use an inducible degron on AP-1 factors during the priming phase or only during the later memory phase. If depletion in the memory phase does not erase the primed response, AP-1 is needed for establishing memory but not for maintaining it. If it does erase the response, AP-1 is needed for maintenance.",,
random_tokens_required_1_0,random_tokens_required,1,,Transient stimulus with delayed re-challenge (hysteresis test),"Expose cells to a brief stimulus (e.g., TPA, growth factor, or stress) that activates AP-1 (Fos/Jun), let activity return to baseline, then re-stimulate after varying intervals and measure target gene transcription and AP-1 occupancy. Faster or stronger secondary responses that depend on the first exposure would indicate memory, as would a decay time constant longer than the half-lives of the Fos/Jun proteins. Like the material's random token stream, where only a pattern recurring across the sequence counts as signal, a response counts as memory only if it recurs in a history-dependent way and isn't a one-off burst.",,
random_tokens_required_1_1,random_tokens_required,1,,Chromatin accessibility and AP-1 footprinting over time,"Run ATAC-seq or CUT&RUN for AP-1 factors, along with H3K27ac and H3K4me1, before, during and long after stimulation. Look for AP-1-dependent enhancers that stay open or primed after AP-1 levels have fallen, which would show the stimulus left a lasting chromatin mark. Motif-level footprinting across the time course can separate persistent occupancy from persistent accessibility.",,
random_tokens_required_1_2,random_tokens_required,1,,Acute degradation of AP-1 after the priming phase,"Use a degron (dTAG/auxin) or a dominant-negative such as A-Fos to remove AP-1 either during priming or only after it, then test whether the primed state persists. If the memory survives AP-1 loss after priming, AP-1 acts as an initiator that sets epigenetic marks. If the memory is lost, AP-1 is needed continuously to maintain it. Comparing the two timings separates these two mechanisms.",,
random_tokens_required_1_3,random_tokens_required,1,,Single-cell live imaging of AP-1 dynamics and reporters,"Track endogenously tagged c-Fos/c-Jun or an AP-1 reporter in single cells across repeated stimulations to see whether activity states are heritable through division. Compare sister-cell correlation and lineage trees against shuffled controls to find whether the response states are inherited, as would be expected for memory, or arise from independent noise.",,
random_tokens_required_1_4,random_tokens_required,1,,Motif mutation and synthetic enhancer test of sufficiency,"Use CRISPR to mutate AP-1 motifs at candidate memory enhancers, and separately insert a synthetic AP-1 site at a neutral locus, then measure whether transient AP-1 signalling is enough to produce lasting accessibility and primed transcription. Mutating the motif shows whether it is necessary, and the synthetic insert shows whether it is sufficient to encode the memory.",,
random_tokens_required_2_0,random_tokens_required,2,,Random-string scrambling control for memory readout,"Like the material, which is a random character string with no recoverable signal, build a null model by shuffling AP-1 motif positions and ChIP/ATAC labels across the genome. Compare real persistence of AP-1 binding after stimulus withdrawal against this shuffled null to show that retained accessibility is not chance.",,
random_tokens_required_2_1,random_tokens_required,2,,Stimulus-withdrawal time-course of AP-1 occupancy and accessibility,"Expose cells (e.g., fibroblasts or macrophages) to a transient stimulus, remove it, and track CUT&RUN for FOS/JUN plus ATAC-seq at days 0 to 14. Sites that stay open and AP-1 bound long after FOS/JUN transcript levels return to baseline indicate memory.",,
random_tokens_required_2_2,random_tokens_required,2,,Acute AP-1 degradation after priming vs. before,"Use degron-tagged JUN/FOS (dTAG) or dominant-negative A-FOS to remove AP-1 either during priming or only during rechallenge. If memory persists when AP-1 is removed after priming, it's held by other factors. If it is lost, AP-1 maintains the memory.",,
random_tokens_required_2_3,random_tokens_required,2,,Secondary stimulation response with motif mutation,"Use CRISPR editing or dCas9 interference to mutate AP-1 motifs at primed enhancers, then measure the enhanced transcriptional response to a second stimulus by RNA-seq or reporter assays. This tests whether specific sites are necessary for faster, stronger re-induction.",,
random_tokens_required_2_4,random_tokens_required,2,,Single-cell multiome and lineage tracing of memory inheritance,"Perform paired scRNA/ATAC on clonally related sister cells after priming and several divisions. Test whether AP-1-linked accessibility is inherited more similarly within clones than across them, and whether it predicts each cell's rechallenge response.",,
random_tokens_required_3_0,random_tokens_required,3,,Chromatin accessibility memory after transient stimulus,"Stimulate cells (e.g., with TPA, growth factor, or injury signal), then wash out and perform ATAC-seq and AP-1 (FOS/JUN) CUT&RUN at time points over days to weeks. Persistent AP-1 motif-containing accessible sites after AP-1 levels return to baseline would indicate a retained memory state. Like the material's string of random-looking characters, the sites that persist are a sparse signal that must be separated from noise by comparing against unstimulated controls and shuffled-motif backgrounds.",,
random_tokens_required_3_1,random_tokens_required,3,,Acute degron depletion to separate initiation from maintenance,"Use auxin-inducible degron tagging of FOS or JUN (or a dominant-negative A-FOS) to remove AP-1 either during the stimulus or only after memory is established. If accessibility and the enhanced secondary response persist after depletion post-establishment, AP-1 is needed only for writing the memory. If they collapse, AP-1 is needed for maintaining it.",,
random_tokens_required_3_2,random_tokens_required,3,,Re-stimulation response assay (primed vs naive),"Give a first stimulus, rest the cells, then give a second stimulus. Compare RNA-seq and nascent transcription (PRO-seq) between primed and naive cells, and check whether the faster or stronger induction is limited to AP-1-bound loci. Include a no-first-stimulus control and a first-stimulus-with-AP-1-inhibition control to show the dependence.",,
random_tokens_required_3_3,random_tokens_required,3,,Single-cell multiome lineage tracing of memory inheritance,"Do single-cell RNA and ATAC profiling, with barcodes or live reporter imaging to identify sister cells, after a transient stimulus and several divisions. Test whether sister cells share AP-1 site accessibility and responsiveness more than random pairs, which would indicate mitotic inheritance. Live-cell AP-1 reporters can also show whether the memory is bistable or graded.",,
random_tokens_required_3_4,random_tokens_required,3,,Sufficiency test by synthetic AP-1 perturbation and histone context,"Use dCas9-based recruitment or an inducible pulse of AP-1 at a defined enhancer, and measure whether it creates lasting accessibility and H3K27ac/H3K4me1 after the trigger is removed. Pair this with perturbation of cofactors such as BAF/SWI-SNF, and with motif mutation by CRISPR base editing. This tests whether AP-1 alone is sufficient and which co-factors stabilize the memory.",,
random_tokens_required_4_0,random_tokens_required,4,,Transient stimulus with delayed ATAC/CUT&Tag readout,"Expose cells to a brief stimulus (e.g., TPA or inflammatory cue) and then profile chromatin accessibility and AP-1 (FOS/JUN) binding by ATAC-seq and CUT&Tag after a long washout. Persistent accessibility at AP-1 motif sites after the signal and AP-1 activity have returned to baseline would indicate a memory-like chromatin state. Like the material's string of short, mostly non-repeating tokens, this relies on individually unique 'marks' being retained after the signal ends.",,
random_tokens_required_4_1,random_tokens_required,4,,Acute AP-1 degradation during the memory phase,"Use a dTAG/auxin degron on JUN/FOS, or a dominant-negative such as A-FOS, at defined times: during the priming stimulus, or only during the washout. Then test whether the primed enhanced re-response is lost. Loss when AP-1 is removed only during the washout shows ongoing AP-1 is needed to maintain memory; loss only when removed during priming shows it acts as an initiator.",,
random_tokens_required_4_2,random_tokens_required,4,,Single-cell live imaging of AP-1 reporter history,"Image AP-1 activity with a live reporter or a FOS/JUN biosensor across repeated stimulation pulses in single cells, then relate each cell's prior pulse history to its later response amplitude. Cell-to-cell heterogeneity and the persistence of individual cells' response states over days and divisions would distinguish true memory from continued signaling.",,
random_tokens_required_4_3,random_tokens_required,4,,Synthetic AP-1 site perturbation at memory enhancers,"Use CRISPR to mutate AP-1 motifs or tether dCas9-KRAB or dCas9-p300 at specific primed enhancers, and measure re-stimulation transcription (RNA-seq/PRO-seq) and H3K27ac. If memory-linked genes lose faster or stronger secondary responses only when their AP-1 motifs are disrupted, this shows AP-1 binding is causal rather than merely correlated.",,
random_tokens_required_4_4,random_tokens_required,4,,Mitotic bookmarking and inheritance assay,"Synchronize and sort primed cells, and map FOS/JUN occupancy on mitotic chromosomes by CUT&RUN. Follow lineage-tracked daughter cells through several divisions, measuring whether enhanced responsiveness and AP-1-associated accessibility are inherited. Retained AP-1 binding on mitotic chromatin and transmission of primed responses to daughter cells would support heritable memory.",,
random_tokens_required_5_0,random_tokens_required,5,,Scrambled-token chromatin priming time course,"The material is a string of random 5–7 character tokens, each unique and order-independent. Treat each stimulus as a distinct token and expose cells to a transient stimulus (e.g., TPA, serum, or injury). Then use ATAC-seq and AP-1 (FOS/JUN) CUT&RUN over days to weeks to see whether AP-1-dependent accessible sites persist after the stimulus is gone. A second challenge then tests for faster or stronger transcription at those sites.",,
random_tokens_required_5_1,random_tokens_required,5,,Combinatorial dimer-code perturbation,"The material resembles a code built from many different token combinations, so the idea is that AP-1 memory may be encoded in which FOS/JUN/ATF dimers form, not just in total AP-1 activity. Use dimer-specific CUT&RUN or ChIP-seq, plus targeted degradation of individual members (dTAG), to find which compositions at which enhancers are needed to maintain primed states.",,
random_tokens_required_5_2,random_tokens_required,5,,Single-cell lineage-barcoded heterogeneity test,"Each token is unique, like a cell barcode. Label clonal lineages with barcodes, stimulate transiently, and use single-cell multiome (RNA plus ATAC) to ask whether sister cells share AP-1 motif accessibility and response strength after division more than random cells do. Shared states would indicate heritable memory.",,
random_tokens_required_5_3,random_tokens_required,5,,Acute AP-1 degradation after priming,"Prime cells, then remove AP-1 (inducible degron or dominant-negative A-FOS) after the stimulus ends and before re-challenge. If memory needs continuous AP-1, the primed accessibility and enhanced response should decay. If AP-1 only initiates memory, they should persist. This separates initiation from maintenance.",,
random_tokens_required_5_4,random_tokens_required,5,,Synthetic AP-1 reporter with live imaging,"Build a reporter with AP-1 motifs in varied arrangements and spacings, like arranging tokens in different sequences. Image single cells over multiple stimulus pulses with varied intervals to quantify hysteresis, pulse-history dependence, and decay time. Mutating motifs or adding methylation inhibitors tests which sequence features and chromatin marks carry the memory.",,
random_tokens_required_6_0,random_tokens_required,6,,Transient stimulus with delayed ATAC/CUT&RUN re-challenge,"Expose cells to a defined stimulus (e.g., TPA or serum), wash out, and let AP-1 (FOS/JUN) levels return to baseline. Then map chromatin accessibility and AP-1 binding (ATAC-seq, CUT&RUN) days later and compare transcriptional responses to a second challenge with naive cells. Like the scrambled material, where the characters carry no obvious order until a key is applied, the 'memory' should only show up when the second stimulus decodes the retained chromatin state.",,
random_tokens_required_6_1,random_tokens_required,6,,Acute AP-1 degradation during the memory phase,"Use a degron (dTAG/auxin) or dominant-negative A-FOS to remove AP-1 at different times: during the initial stimulus only, or only after washout. If primed accessibility and the faster re-response persist after AP-1 is gone, AP-1 acts as an initiator. If they are lost, AP-1 is needed to maintain the memory. Comparing the two outcomes separates the two roles.",,
random_tokens_required_6_2,random_tokens_required,6,,Single-cell multiome tracking of priming and heterogeneity,"Run paired scRNA/scATAC-seq across stimulus, washout and re-stimulation time points. Test whether AP-1 motif accessibility in individual cells predicts the strength of the later response and whether the primed state is inherited by daughter cells. Lineage barcoding or cell-division tracking would link inheritance to memory rather than to persistent signaling.",,
random_tokens_required_6_3,random_tokens_required,6,,Live-cell reporters of AP-1 dynamics and target loci,"Image fluorescently tagged FOS/JUN together with a transcriptional reporter of an AP-1 target gene through repeated pulses. Quantify whether previous pulses change the amplitude, timing or probability of later responses, and whether this lasts across divisions. Fitting the data with mathematical models of hysteresis or bistability would distinguish a true memory (history-dependent, self-sustaining) from slow decay of the signal.",,
random_tokens_required_6_4,random_tokens_required,6,,Targeted epigenome editing and histone-mark profiling at AP-1 sites,"Profile H3K27ac, H3K4me1 and nucleosome remodeling (BAF/SWI-SNF) at AP-1-bound enhancers after the first stimulus and after washout. Then use dCas9-based editing to erase or install these marks, or to mutate AP-1 motifs, at selected enhancers and test for causal gain or loss of primed re-responses. This links AP-1 binding to a persistent chromatin state at specific loci.",,
random_tokens_required_7_0,random_tokens_required,7,,"Random-string ""tokens"" as barcoded stimulation history","The material is a series of short random tokens of varying length and character composition. Treat it as an analogy for barcoding: give cells a brief, distinct AP-1-activating stimulus (e.g., anisomycin, TPA, or EGF) and record each cell's history with a heritable lineage barcode or fluorescent reporter. After a washout of days to weeks, test whether the original stimulus can be read out from chromatin accessibility (scATAC) and from the transcriptional response to a second challenge.",,
random_tokens_required_7_1,random_tokens_required,7,,Priming and re-stimulation memory assay with ATAC-seq and ChIP-seq,"Stimulate cells once, wash out, rest them for several cell cycles, then re-stimulate. Compare the transcriptional kinetics and magnitude of the second response with those of naive cells (RNA-seq, nascent RNA). Map the retained AP-1 (FOS/JUN) binding and accessibility at enhancers with ATAC-seq and CUT&RUN, and test whether the sites that stay open predict which genes respond faster.",,
random_tokens_required_7_2,random_tokens_required,7,,Acute AP-1 degradation at defined times (dTAG/AID),"Use degron-tagged FOS or JUN to remove AP-1 at set times after the initial stimulus. Removal after the stimulus ends but before re-challenge tests whether AP-1 itself must persist to maintain memory, or whether it is only needed to establish it. Measure whether accessibility and the enhanced second response persist without AP-1.",,
random_tokens_required_7_3,random_tokens_required,7,,Single-cell live imaging of AP-1 dynamics and heritability,"Image FOS/JUN reporters or endogenously tagged proteins in lineages over several divisions, using microfluidic pulse protocols that vary pulse number, duration and spacing. Quantify whether the dynamics of a mother cell predict those of its daughters, and whether the second-response amplitude depends on the pattern of earlier pulses, which would suggest a history-dependent state rather than a transient one.",,
random_tokens_required_7_4,random_tokens_required,7,,Pioneer-like activity and chromatin-mark causality tests,"Check whether AP-1 recruits chromatin remodelers (BAF) and deposits H3K27ac or H3K4me1 at memory enhancers, and whether those marks persist after AP-1 is gone. Use dCas9-based epigenome editing to add or remove the marks at specific enhancers, or use an AP-1 motif mutation, and measure the effect on memory of the response. This separates AP-1 as the mark-writing trigger from the chromatin state as the carrier of memory.",,
self_designed_required_0_0,self_designed_required,0,,Pheromone-evaporation test: AP-1 decay kinetics vs. memory persistence,"After a transient stimulus (e.g., TPA, wounding, or cytokine pulse), measure the half-lives of AP-1 binding (CUT&RUN/ChIP time course, live-cell FOS/JUN reporters) and of the chromatin accessibility it created (ATAC-seq), then use acute degron removal (dTAG on FOS/JUN) at varied delays to test whether the memory is held by AP-1 itself or persists once it is gone. Memory that requires continuous AP-1 behaves like a trail needing constant renewal, whereas memory that persists after AP-1 removal is self-sustaining. The 'forgetting' rate is then compared with the rate at which re-stimulation response is lost.",,pheromone;trail
self_designed_required_0_1,self_designed_required,0,,Desiccation-and-rewatering primed-response assay with single-cell multiome,"Give cells a first stimulus, let them return to baseline for days (the 'dry' phase), then deliver a second stimulus and measure the primed response by scRNA+ATAC multiome, comparing naive, primed, and AP-1 dominant-negative (A-FOS) or degron-treated cells. Test whether the faster or stronger second response depends on AP-1 sites that stayed open as 'latent' accessible elements, and whether the dependence is cell-autonomous by tracking lineages via barcodes across division.",,desiccation;return
self_designed_required_0_2,self_designed_required,0,,Moiré combinatorics: dimer-composition code across two input grids,"AP-1 dimers (FOS/JUN/ATF/MAF families) combine with partner TFs (e.g., ETS, NFAT, lineage TFs) to produce composite motifs. Use paired perturbation of dimer composition and partner presence (CRISPRi/degron matrix) with ChIP/CUT&Tag and MPRA to test whether history is encoded in which dimer and partner pairs were engaged — a pattern neither input contains alone. Predict that a history-specific dimer/partner signature at enhancers can decode a cell's past stimulus from chromatin state with a classifier trained on known histories.",,contains;grids;neither;pattern;signature;trained
self_designed_required_0_3,self_designed_required,0,,Kintsugi of a flawed reporter: using imperfect AP-1 sites as memory switches,"Use CRISPR base-editing or saturation mutagenesis of AP-1 motifs at a memory-associated enhancer to create variants with weakened (flawed) affinity, then test whether the suboptimal sites are the ones that retain memory, e.g., by sustaining accessibility with slow decay, while consensus TRE sites respond quickly and forget. Quantify with MPRA and locus-specific live imaging (dCas9 or reporter) across stimulus histories. This asks whether imperfection in motif affinity is what gives hysteresis, like a bell flaw setting its pitch.",,flawed;gives;kintsugi;pitch
self_designed_required_0_4,self_designed_required,0,,"Sandpile-style dose-history mapping: same factor, different causes","Apply stimuli of different types (mechanical, inflammatory, growth factor, injury) with systematically varied intensity, duration, and spacing, and measure induced AP-1 composition, enhancer occupancy, and downstream gene state with time-resolved CUT&Tag and RNA-seq. Fit a dynamical (bistability/hysteresis) model to ask whether AP-1 'avalanche' responses show threshold, history-dependent state transitions, and avalanche-size distributions that differ by stimulus cause even though the same factor is activated. Validate by predicting the outcome of untested stimulus sequences.",,cause;sandpile
self_designed_required_1_0,self_designed_required,1,,Rope-fiber test: relay of AP-1 occupancy across short-lived members,"Rope strength comes from overlapping fibers, none of which spans the whole length. Test whether memory persists even though no single AP-1 protein or complex persists: use degron-tagged FOS/JUN family members, pulse-label with HaloTag, and run CUT&Tag at timepoints long after a stimulus. If sites stay occupied while the original molecules have turned over, memory is carried by a relay of exchanging subunits and chromatin state. If occupancy requires the original molecules, it is not.",,fiber;length;whole
self_designed_required_1_1,self_designed_required,1,,Salt-ring chromatin accessibility record of past stimuli,"Each drought leaves its own ring, so the crust is a stack of records. Stimulate cells with repeated, distinct pulses (e.g., TPA, then anisomycin, then serum) and run single-cell ATAC plus AP-1 motif-resolved footprinting. Test whether each stimulus leaves a separable, ordered accessibility signature at AP-1 sites that persists after washout and reads out history. Dropping FOS or JUN acutely, or placing a dominant-negative (A-FOS) after the stimulus, tests whether AP-1 is needed to maintain the record rather than only to write it.",,crust;drought
self_designed_required_1_2,self_designed_required,1,,Noise as ingredient: single-cell AP-1 fluctuation spectra predict memory,"Treat transcriptional noise as the signal. Live-image an endogenous FOS/JUN reporter (MS2 or knock-in fluorescent tag) in single cells over days and measure the autocorrelation and pulse statistics of AP-1 activity. Test whether cells with higher pulse frequency or longer autocorrelation retain a primed response (faster, stronger re-induction of target genes) on restimulation. Then use optogenetic control of pulse patterns, with the same total dose delivered as bursts or as a plateau, to causally test whether the temporal pattern encodes memory.",,ingredient
self_designed_required_1_3,self_designed_required,1,,Kintsugi perturbation: break AP-1 sites and see whether the scar becomes the memory,"The fracture becomes the most valuable line. Use CRISPR to damage individual AP-1 motifs at enhancers, or use CRISPRi/dCas9 to evict AP-1 transiently, in cells with primed enhancers. Then quantify whether repair or recovery leaves a stable epigenetic scar, such as altered H3K27ac, methylation, or reduced re-binding, and whether the response to a second stimulus is changed. Comparing wild-type with a mutated motif and with transient eviction separates sequence-encoded memory from state-encoded memory.",,becomes;fracture;kintsugi;valuable
self_designed_required_1_4,self_designed_required,1,,Lichen test: AP-1 and a partner as a joint memory unit,"Two organisms filing one return suggests that memory belongs to the pair and not to either partner. Test whether AP-1 memory needs a partner such as a pioneer factor (e.g., ETS, CEBP, or SWI/SNF/BAF). Acutely degrade AP-1 or the partner after priming, and use sequential ChIP or CUT&RUN co-occupancy plus Micro-C to map the joint state. Memory that is lost only when both are present, or only when the partner is removed, would show that AP-1 recruits a memory-bearing complex and does not itself store it.",,filing;lichen;organisms;return
self_designed_required_2_0,self_designed_required,2,,"Bell-lip tuning: perturb enhancer edges, not the AP-1 core","Instead of knocking out AP-1 (the crown), use CRISPR base editing or dCas9 to subtly alter AP-1 motif flanks, spacing, and affinity at the lip of primed enhancers, then quantify how the strength and duration of a stimulus-induced memory response (accessibility via ATAC, transcriptional re-induction kinetics) shift. A graded, tunable dose-response of memory to motif affinity would show AP-1 sequence encodes memory rather than just being required for activation.",,crown;tuning
self_designed_required_2_1,self_designed_required,2,,Negative-space footprinting of AP-1 after it leaves,"After transient stimulation (e.g., TPA, wounding signal, or inflammatory cue) and AP-1 washout, use CUT&Tag/CUT&RUN for AP-1 factors alongside ATAC footprinting, histone marks (H3K4me1, H3K27ac) and the SWI/SNF (BAF) complex to map the 'key-shaped hole': accessible, BAF-marked sites that retain open chromatin once AP-1 is gone. Compare days to weeks later and with acute AP-1 degradation (dTAG/auxin degron) to test whether the memory persists independent of continued AP-1 binding or needs it to be maintained.",,space
self_designed_required_2_2,self_designed_required,2,,Trehalose-style dormancy: AP-1 memory across quiescence and division,"Prime cells, then push them into quiescence (serum starvation or contact inhibition) or through multiple cell cycles, holding for days to weeks with no AP-1 activity (monitored by live AP-1 reporters). Re-challenge and test whether primed loci retain the faster, stronger response and whether mitotic bookmarking by AP-1 (live-cell imaging, mitotic-chromosome ChIP) explains persistence, with degron removal of AP-1 during dormancy as the causal control.",,trehalose
self_designed_required_2_3,self_designed_required,2,,Single-cell lineage-traced memory with un-averaged readouts,"Combine barcoded lineage tracing with single-cell multiome (scRNA + scATAC) to compare sister cells after a primary stimulus and re-stimulus, testing whether the response of a sister predicts the other's response beyond what shared AP-1 dynamics predict. Heritable, clone-specific, bimodal memory states that track with AP-1-dependent accessibility would be invisible in bulk averages and would distinguish true cellular memory from persistent signaling.",,averaged
self_designed_required_2_4,self_designed_required,2,,Slime-mold rewiring: optogenetic AP-1 pulse-pattern training,"Use optogenetic control of AP-1 (e.g., light-inducible c-Fos/c-Jun or upstream kinases) to deliver defined pulse trains of varying frequency, duration and spacing, then measure whether later responses depend on the history of the pattern, like a network re-routing its paths after use. Pair with live reporters of target genes and ATAC to build a history-to-state map and test for hallmarks of memory: dependence on training pattern, spacing effects, decay time, and erasure by counter-stimuli.",,pattern;slime
self_designed_required_3_0,self_designed_required,3,,Shake-to-ratchet: noisy re-stimulation reveals hysteresis,"Prime cells with a transient stimulus (e.g., TPA, wounding cytokines, or optogenetic FOS/JUN), then apply a second stimulus of varying strength and timing, with and without deliberately injected noise (pulsed or fluctuating dosing). Measure AP-1 binding (CUT&RUN), chromatin accessibility (ATAC) and target transcription. Memory predicts a primed-vs-naive hysteresis loop in the dose-response, and noise should reveal whether the ratchet advances only under fluctuation.",,deliberately;injected;ratchet
self_designed_required_3_1,self_designed_required,3,,Dead-layer-carries-the-living: AP-1-opened enhancer residue after AP-1 loss,"After priming, remove AP-1 with an acute degron on FOS/JUN, or a dominant-negative A-FOS, at several delays. Track by time-resolved ATAC, H3K27ac and H3K4me1 whether the accessible 'scar' persists and whether it accelerates re-induction of genes upon AP-1 return. If the scaffold persists without AP-1 and drives faster recall, AP-1 acts as a writer of memory, not just a carrier.",,layer;living
self_designed_required_3_2,self_designed_required,3,,Silence as measurement: single-cell live reporters of AP-1 dynamics across divisions,"Use live-cell reporters of endogenous FOS/JUN activity and a target gene in lineage-tracked single cells. Measure whether past AP-1 pulse history in a mother cell predicts response amplitude in daughters, and compute mutual information between history and response across generations. Cells that stay quiet in between are informative controls, since memory without ongoing AP-1 activity argues for a non-AP-1-bound carrier.",,measurement
self_designed_required_3_3,self_designed_required,3,,Pioneer-site occupancy swap: AP-1 binding-site editing and dCas9 tethering,"Mutate or CRISPRi/CRISPRa individual AP-1 motifs at primed enhancers, and tether synthetic AP-1 or chromatin-remodeler recruiters at the same loci. Then test whether a site is necessary and sufficient to confer faster, stronger secondary responses, which separates local enhancer memory from global cell-state memory.",,
self_designed_required_3_4,self_designed_required,3,,Slime-mold rewiring: perturb-and-recover network reconstruction,"Perform Perturb-seq or multiome sequencing on cells at different times after a transient AP-1 stimulus, delete AP-1 family members (FOS, JUN, ATF, MAF) and ask how the regulatory network (TF-to-enhancer-to-gene links) reroutes. Compare rebuilt networks to the original and to naive cells, and quantify path-dependence. Stable differences after wash-out would indicate that AP-1 has set a persistent network state.",,slime
self_designed_required_4_0,self_designed_required,4,,Kintsugi chromatin: engineered AP-1 site breaks as load-bearing,"Use CRISPR to disrupt individual AP-1 motifs in enhancers that gained accessibility after a transient stimulus (e.g., FOS/JUN induction or injury), then repair or rescue them with synthetic motifs at shifted positions. Measure whether the fracture and rescue site become the persistent accessibility/H3K27ac anchor after the stimulus ends, via ATAC-seq and re-stimulation response magnitude weeks later.",,bearing;fracture;kintsugi
self_designed_required_4_1,self_designed_required,4,,Loser-pays dose titration: cost of memory vs. dynamics of AP-1 pulses,"Deliver defined AP-1 activation pulses (optogenetic FOS/JUN or c-Jun degron systems) varying duration, amplitude and frequency, then wash out. Quantify the 'price' paid in retained accessibility and faster transcriptional re-induction on secondary challenge, to test whether memory requires a threshold of AP-1 dwell time rather than simple presence.",,loser
self_designed_required_4_2,self_designed_required,4,,Mycelial-delay test: AP-1 occupancy decay versus chromatin persistence,"After a stimulus, time-resolve AP-1 binding (CUT&RUN for JUN/FOS) alongside accessibility, histone marks and nascent transcription over days to weeks and through cell divisions. If AP-1 leaves while accessibility persists, it acts as a pioneer 'initiator'. If its presence is required, acute degradation (dTAG) at various delays after stimulus should erase memory only within a defined window, so the delay itself is the measurement.",,delay;leaves;mycelial
self_designed_required_4_3,self_designed_required,4,,Comparison-only apprentice: paired lineage-matched memory vs. naive cells without absolute quantification,"Use single-cell multiome (ATAC+RNA) on matched primed vs. naive clones or lineage-barcoded sister cells, and rank-compare AP-1 motif accessibility (chromVAR) and target gene responsiveness only within pairs. Test whether sister-cell pairs inherit the same relative AP-1 state across divisions, giving a heritability estimate of the memory independent of batch or absolute signal.",,apprentice
self_designed_required_4_4,self_designed_required,4,,Moiré interference: AP-1 combined with a second factor's grid,"Map composite motifs (AP-1 plus ETS, NFAT, or glucocorticoid receptor) genome-wide and test with MPRA and genomic perturbations whether memory loci are specifically ones where AP-1 partners with a cell-type factor, since the emergent pattern would exceed either factor alone. Knock out each partner separately and together to see if retained accessibility requires the combination.",,emergent;pattern
self_designed_required_5_0,self_designed_required,5,,Tidal-pool pulsing: AP-1 dynamics tuned to stimulus schedule,"Expose cells to AP-1-activating stimuli (e.g., TPA, anisomycin, optogenetic c-Fos/JUN) in periodic regimes with varied period and duty cycle, then measure chromatin accessibility (ATAC-seq) and target-gene response to a later test challenge. If AP-1 is a memory mechanism, the priming should depend on the schedule (frequency tuning) and not just on total dose, and should outlast AP-1 protein levels.",,schedule;tidal;tuned
self_designed_required_5_1,self_designed_required,5,,Keyhole/negative-space footprinting of AP-1 sites after stimulus withdrawal,"After transient stimulation, track time-resolved ATAC/CUT&Tag with TF footprinting to find AP-1 motif sites that stay open after AP-1 occupancy is lost, i.e., the 'keyhole' left behind. Compare with H3K27ac/H3K4me1 and with sites in cells never stimulated to test whether the accessible state persists and carries memory without ongoing AP-1 binding.",,keyhole;space
self_designed_required_5_2,self_designed_required,5,,Acute degradation as the decisive intervention (dTAG/auxin degron of FOS/JUN),"Use degron-tagged FOS or JUN (or dominant-negative A-FOS) to remove AP-1 at defined stages: before the priming stimulus (is it needed to establish memory?), during the resting interval (is it needed to maintain memory?), and at re-stimulation (is it needed to read it out?). Readouts are RNA-seq and accessibility on re-challenge, separating establishment, maintenance and recall roles.",,intervention
self_designed_required_5_3,self_designed_required,5,,Self-repelling trail: single-cell lineage tracking of AP-1 history,"Use a live reporter of AP-1 activity, such as a destabilized and a stable fluorescent reporter pair or a Cre-based recorder that permanently marks past AP-1 activation, combined with lineage tracing and later re-stimulation. Test whether cells and daughters with a recorded history respond more strongly or faster, and for how many divisions, which separates cell-autonomous heritable memory from ongoing signaling.",,
self_designed_required_5_4,self_designed_required,5,,Bell-tuning by edits: mutate AP-1 motifs at memory-associated enhancers,"Use CRISPR base editing or enhancer-deletion screens (MPRA plus endogenous editing) to alter AP-1 motif number, spacing and affinity at loci that show primed responses. Measure how these changes shift the strength and duration of the memory phenotype, to show whether AP-1 sites are necessary and sufficient, and whether the 'flaws' in motif quality tune the memory decay.",,changes
self_designed_required_6_0,self_designed_required,6,,Craquelure-style chromatin fracture mapping after transient stimulus,"Shard mechanism (lacquer craquelure): the pattern of failure records the history of the underlying shrinkage. After a transient AP-1-activating stimulus (e.g., TPA, injury, or cytokine), later perturb the system with a stressor (AP-1 degron depletion, BAF inhibition) and map which enhancers lose accessibility (ATAC/CUT&Tag) and in what order. Compare the loss pattern between naive and previously stimulated cells to test whether the 'fracture' map encodes the history of earlier AP-1 exposure.",,craquelure;failure;lacquer;pattern;records;underlying
self_designed_required_6_1,self_designed_required,6,,Losing-bid analysis: sites AP-1 binds but fails to open,"Shard mechanism (auction losing bids carry information): the rejected options reveal the decision rules. Use time-resolved ChIP/CUT&RUN plus ATAC across repeated stimulations to catalog AP-1 motif sites that are bound transiently but never become accessible or never retain accessibility. Compare their sequence, nucleosome, and cofactor features with sites that are retained to define the rules for which AP-1 binding is converted into memory and which is not.",,auction;carry;information;losing;never
self_designed_required_6_2,self_designed_required,6,,Moiré interference between two stimulus rhythms,"Shard mechanism (moiré arises only when two regular grids are slightly misaligned): a slow beat pattern emerges from a small mismatch of periodic inputs. Deliver optogenetic or chemical AP-1 pulses at two slightly offset periods or in two pathways (e.g., JNK and ERK), then measure whether the residual enhancer accessibility and gene expression show a slow beat or phase-dependent memory. The aim is to test whether AP-1 integrates stimulus timing rather than just dose, and to distinguish dynamics-based memory from a simple ratchet.",,grids;misaligned;pattern;periodic;regular;slightly
self_designed_required_6_3,self_designed_required,6,,Subtractive tuning: shave AP-1 dosage to find the memory-critical threshold,"Shard mechanism (bell founders tune by removing metal, not adding): precision comes from graded subtraction of an existing structure. Instead of overexpression, use titratable degrons (dTAG/AID) or CRISPRi alleles of FOS/JUN family members and motif-site edits to remove AP-1 stepwise at defined times (during priming, during the delay, or during recall). Measure how recall amplitude and chromatin state change to separate AP-1's role in establishing, maintaining, and reading out memory, and identify any dose threshold.",,adding;founders;metal;reading;tuning
self_designed_required_6_4,self_designed_required,6,,Lineage-tracked inheritance test through division and passaging,"Shard mechanism (sourdough starter keeps a community alive through periodic discarding): persistence through repeated partial removal indicates a self-propagating state. Prime cells with an AP-1 stimulus, then serially passage them with strong dilution, using barcoded lineages and single-cell multiome (RNA and ATAC) with live AP-1 reporters. Test whether the primed state persists, is heritable by clone, and re-establishes after dilution without the stimulus, and whether it needs continued AP-1 binding (acute degron versus none) to be passed on.",,alive;community;discarding;periodic;sourdough
self_designed_required_7_0,self_designed_required,7,,Stimulus-history order permutation with chromatin readout,"Expose cells to many different orderings of the same pulses (e.g., TNF, EGF, stress, or phorbol ester), with each ordering changing only one adjacent step, as in change ringing. Then measure ATAC-seq accessibility at AP-1 (FOS/JUN) motif sites and the transcriptional response to a common test challenge. If the response depends on order and not just total dose, AP-1 is acting as a history-dependent memory.",,change;permutation;ringing
self_designed_required_7_1,self_designed_required,7,,Pioneer-like AP-1 'scar' mapping and persistence assay,"Use CUT&RUN or CUT&Tag for FOS, JUN, and H3K27ac, plus ATAC-seq, at several times after a transient stimulus, to find enhancers that stay open after AP-1 has left. Treat these residual 'repaired' sites as the signal, and test whether their persistence predicts a stronger secondary response. Acute degron removal of AP-1 (dTAG or AID) after priming then tests whether maintenance needs continued AP-1 binding or only the initial engagement.",,
self_designed_required_7_2,self_designed_required,7,,Live single-cell reporter of AP-1 dynamics with lineage tracking,"Image endogenously tagged FOS/JUN, or an AP-1 transcriptional reporter, across cell divisions and re-stimulations. Treat cell-to-cell variability as the signal, and ask whether sister cells share activation states more than random pairs, and for how many generations. Use mutual information between past and future responses to quantify memory, and compare it with a control in which AP-1 dynamics are optogenetically clamped.",,
self_designed_required_7_3,self_designed_required,7,,Optogenetic or chemogenetic AP-1 imprinting with sufficiency tests,"Drive JUN/FOS with a light- or drug-inducible system using pulse patterns that differ in duration, frequency, and dimer composition. Then remove the input and track target gene expression, chromatin state, and responsiveness to later challenges. Sufficiency of a defined pulse pattern to create a lasting, heritable state, along with dependence on dimer identity, would test AP-1 as a causal memory writer rather than a correlate.",,pattern
self_designed_required_7_4,self_designed_required,7,,Perturbing the observer: feedback and cofactor dissection of memory maintenance,"Test whether memory lives in AP-1 itself or in the system around it by combining CRISPRi/dominant-negative (A-FOS) of AP-1 with perturbation of cofactors and the chromatin machinery (SWI/SNF, p300, histone methyltransferases) and of the FOS/JUN positive-autoregulatory loop. Measure memory half-life after each perturbation, and use mathematical modelling to separate bistable feedback from epigenetic-mark inheritance. Finally, graft AP-1 sites into a synthetic locus to test whether the motif alone can store state.",,observer
word_salad_required_0_0,word_salad_required,0,,Transient stimulus with chromatin accessibility memory readout (ATAC/CUT&Tag),"Give cells a brief inflammatory or injury stimulus (e.g., TNF or wounding), wash it out, and profile AP-1 (FOS/JUN) binding and chromatin accessibility by CUT&Tag and ATAC-seq at days 0, 1, 7 and 28. Like the 'fallway' (a path worn by prior use) in the material, persistently opened AP-1 motif sites in primed cells would show a trace of past stimulation. Compare these sites with sites in naive cells.",,fallway
word_salad_required_0_1,word_salad_required,0,,Acute AP-1 degradation during and after priming,"Use a degron (dTAG/AID) on JUN or FOS, or a dominant-negative such as A-FOS, to deplete AP-1 either only during priming or only after the stimulus has been removed. If AP-1 is needed to establish memory but not to maintain it, the primed state should persist after depletion in the later window. If it is needed for maintenance, the state should decay. This separates initiation from maintenance.",,
word_salad_required_0_2,word_salad_required,0,,Re-stimulation response test with single-cell multiome,"Prime cells, rest them, then re-challenge. Measure faster or stronger induction of target genes with scRNA-seq plus scATAC, and link it to the AP-1 motif accessibility of individual cells. Naive cells are the control, and a non-AP-1 priming stimulus is a second control. A memory mechanism predicts a heterogeneous but heritable primed subpopulation whose response scales with its retained AP-1 sites.",,
word_salad_required_0_3,word_salad_required,0,,Lineage-tracing of memory through cell division,"Track daughter cells with live reporters (a fluorescent AP-1 activity reporter, or endogenous FOS/JUN knock-in tags) and barcoded lineages after a pulse stimulus. Test whether sister cells share the primed state for several divisions, and whether mitotic bookmarking by AP-1 on chromatin (imaged or by mitotic ChIP) explains it. Such inheritance would separate true memory from a lingering signal.",,
word_salad_required_0_4,word_salad_required,0,,Targeted epigenome editing and mathematical modeling of bistability,"Use dCas9 to open or close one AP-1-bound enhancer, and fit an ODE model of AP-1 feed-forward and positive-feedback loops with chromatin states. The model predicts hysteresis, with different response thresholds on the way up and the way down. Test it by dose-response titration of the stimulus, and check whether editing a single site shifts or abolishes the memory.",,
word_salad_required_1_0,word_salad_required,1,,"Transient stimulus, delayed re-challenge ('hornbook' priming test)","Expose cells to a brief stimulus (e.g., TPA, TNF, or injury signal), remove it, then re-stimulate after days to weeks and compare transcriptional responses to naive cells. Measure ATAC-seq, RNA-seq and FOS/JUN occupancy (CUT&RUN) to see whether AP-1-dependent primed or enhanced responses persist after the AP-1 protein levels return to baseline.",,hornbook
word_salad_required_1_1,word_salad_required,1,,Acute AP-1 degradation during the memory phase,"Use dTAG/auxin-inducible degradation or a dominant-negative (A-FOS) to remove AP-1 either only during priming or only after priming, before re-challenge. If memory persists after AP-1 removal, AP-1 is only the initiator. If it is lost, AP-1 is needed to maintain the memory. Readouts are chromatin accessibility and the secondary response.",,
word_salad_required_1_2,word_salad_required,1,,Single-cell multiome tracking of chromatin and expression states,"Run paired scATAC/scRNA-seq at multiple times after stimulation and after resting. Test whether AP-1 motif accessibility, AP-1 target expression and enhancer states are inherited by daughter cells, using lineage barcodes or sister-cell pairs to separate heritable memory from persistent signaling.",,
word_salad_required_1_3,word_salad_required,1,,Enhancer-level epigenetic readout and engineered AP-1 sites,"Map H3K27ac, H3K4me1, DNA methylation and nucleosome remodeling (BAF) at AP-1 bound enhancers before, after and long after stimulation. Then use dCas9 or motif mutation to delete or insert AP-1 sites at selected enhancers, to test whether binding is sufficient and necessary to leave a persistent open, primed state.",,
word_salad_required_1_4,word_salad_required,1,,Live-cell reporters and mathematical modeling of feedback,"Image endogenously tagged FOS/JUN and a downstream reporter in single cells during pulses of different duration and frequency. Fit bistable or positive-feedback models and test predictions, such as hysteresis and a threshold dose, by perturbing feedback loops (e.g., JUN autoregulation) to see if AP-1 dynamics alone can store state.",,
word_salad_required_2_0,word_salad_required,2,,Haploid degron-based memory erasure (haploid undolorous / terminator),"Use haploid cells with an auto-inducible degron on FOS/JUN family members (a 'terminator' of AP-1), and deplete AP-1 at defined times after a transient stimulus. Then measure whether the stimulus-induced chromatin accessibility (ATAC-seq) and the faster transcriptional re-response persist without AP-1 (memory is AP-1-independent) or decay (AP-1 maintains it).",,haploid;terminator;undolorous
word_salad_required_2_1,word_salad_required,2,,Stimulus–rest–restimulus time course with dose and interval series (testing/gamely re-challenge),"Give a priming stimulus, wash it out, and re-challenge after varied intervals, measuring nascent RNA (PRO-seq) and target gene induction kinetics. A memory mechanism predicts primed cells respond faster or stronger, with a decay half-life that can be compared between wild-type and AP-1 perturbed cells.",,gamely
word_salad_required_2_2,word_salad_required,2,,Single-cell live imaging of AP-1 reporters (instructor-style lineage tracking),"Track AP-1 activity with live reporters or a FOS-GFP knock-in across cell divisions and lineages. Test whether the active or primed state is inherited by daughter cells more than expected by chance, and whether it correlates with later responsiveness.",,instructor
word_salad_required_2_3,word_salad_required,2,,Pioneer-like binding and chromatin state profiling (hiveward: following sites over time),"Run CUT&RUN or ChIP for JUN/FOS and for H3K27ac and H3K4me1, together with ATAC-seq, before, during and after stimulation. Identify enhancers that stay AP-1 bound or open after the signal is gone, and test whether those sites are the ones that drive faster re-induction.",,hiveward
word_salad_required_2_4,word_salad_required,2,,Targeted perturbation of memory-associated sites (CRISPR dissection),"Use dCas9 inhibition or activation, or motif mutagenesis, at persistently accessible AP-1 sites. Test necessity and sufficiency by asking whether editing the AP-1 motif abolishes the primed response at that locus, and whether forcing AP-1 binding in naive cells induces a primed state without a stimulus.",,
word_salad_required_3_0,word_salad_required,3,,Transient stimulus then recall: AP-1 chromatin accessibility memory,"Give cells a brief stimulus (e.g., TPA or a wound-like signal), wait until AP-1 (FOS/JUN) levels return to baseline, then re-stimulate and compare ATAC-seq, CUT&RUN for H3K27ac, and transcription between naive and primed cells. Like 'patination' (a surface that records past exposure), persistent accessible sites that remain after the trigger is gone, and faster or stronger re-induction there, would indicate memory.",,patination
word_salad_required_3_1,word_salad_required,3,,Acute AP-1 degradation at different times (necessity for maintenance vs. establishment),"Use degron-tagged FOS/JUN or a dominant-negative A-FOS, removed either during priming, during the rest period, or at re-stimulation. If memory needs AP-1 only during priming but not for later maintenance, it is an initiator. If memory is lost when AP-1 is removed during the rest period, AP-1 is a maintainer.",,
word_salad_required_3_2,word_salad_required,3,,Single-cell multiome tracking with lineage barcodes,"Run paired scRNA/scATAC-seq with live reporters of AP-1 activity and heritable barcodes across divisions after a transient stimulus. Test whether the primed state is inherited by daughter cells and whether it correlates with the AP-1 motif accessibility of a clone, separating a stable epigenetic state from ongoing signaling noise.",,
word_salad_required_3_3,word_salad_required,3,,"Pioneer-like binding and nucleosome remodeling kinetics (footprinting, BRG1/BAF dependence)","Measure AP-1 occupancy by CUT&RUN or footprinting, together with BAF/SWI-SNF recruitment and histone marks, at primed loci over a time course after the stimulus is withdrawn. Test whether AP-1 sites stay open after AP-1 departs (hysteresis) by inhibiting BAF, and whether a mutated motif at an endogenous enhancer (CRISPR base editing) abolishes the memory.",,
word_salad_required_3_4,word_salad_required,3,,Synthetic sufficiency and dose-history test with optogenetic AP-1 and a mathematical model,"Drive AP-1 with optogenetic pulses of defined amplitude, duration and spacing, and read out reporter or endogenous gene responses over the following days. Fit bistability and hysteresis models, and test whether activation of AP-1 alone is sufficient to create a persistent state at naive loci that depends on pulse history and not just on current AP-1 levels.",,
word_salad_required_4_0,word_salad_required,4,,Pulse-chase ATAC/CUT&RUN of AP-1 occupancy after transient stimulus,"Stimulate cells briefly (e.g., TPA or serum), remove the stimulus, and profile AP-1 (FOS/JUN) binding and chromatin accessibility at defined time points over days. Sites that stay open after AP-1 binding has left (like the 'unpilfered' traces the word list hints at: structure remaining after the actor is gone) indicate AP-1-dependent memory, and can be compared with unstimulated controls.",,unpilfered
word_salad_required_4_1,word_salad_required,4,,Re-stimulation response test with AP-1 degron,"Give a priming stimulus, rest the cells, then re-stimulate and measure transcription (RNA-seq, nascent PRO-seq) of primed versus naive cells. Use an acute degron (dTAG/auxin) on FOS/JUN either during priming only or during re-stimulation only, to separate AP-1 as the writer of memory from AP-1 as the reader.",,
word_salad_required_4_2,word_salad_required,4,,Single-cell multiome lineage tracking of memory persistence,"Run scRNA+scATAC with a barcoded lineage label to follow primed clones through several divisions. Test whether accessibility and gene-expression states at AP-1 motifs are inherited by daughter cells more than expected from shared environment, using sister-cell concordance and decay rates.",,
word_salad_required_4_3,word_salad_required,4,,Live-cell reporters of AP-1 dynamics and target gene state,"Image a FOS/JUN fluorescent knock-in alongside MS2/PP7 or destabilised-reporter readouts of target loci during repeated pulses. Fit a quantitative model to see whether prior pulses change the amplitude, kinetics or bistability of later responses (hysteresis), which would be the signature of memory.",,
word_salad_required_4_4,word_salad_required,4,,Targeted perturbation of memory sites and AP-1 motifs,"Use CRISPR to mutate AP-1 motifs, or dCas9-based tools (KRAB or p300) at the sites that stay open after priming, then test whether the primed response is lost, and whether forcing the site open without AP-1 restores it. Pair this with ChIP or CUT&Tag for H3K27ac and with pioneer-factor cofactors (e.g., BAF/SWI-SNF) to find the mechanism of persistence.",,
word_salad_required_5_0,word_salad_required,5,,Stimulus-withdrawal chromatin accessibility time course (ATAC-seq + CUT&Tag),"Stimulate cells transiently (e.g., TNF, wounding, or inflammatory signal), then remove the stimulus and track AP-1 (FOS/JUN) binding and ATAC accessibility at its target enhancers over days to weeks. Persistent accessibility or H3K27ac at AP-1 motifs after AP-1 binding itself has decayed ('trabea' like a lingering vesting, a residual mark) would indicate AP-1-established memory, as in the epigenetic 'scars' of inflamed epithelium.",,trabea;vesting
word_salad_required_5_1,word_salad_required,5,,Acute degron depletion at priming vs. recall stages,"Use dTAG/auxin degrons on FOS/JUN family members (or dominant-negative A-FOS) to remove AP-1 either during the first stimulus, during the rest interval, or only at re-stimulation. If depleting AP-1 only during priming abolishes the faster or stronger secondary transcriptional response, whereas depletion during rest has no effect, AP-1 is needed to write memory but not to maintain it; the opposite pattern shows it carries memory actively.",,
word_salad_required_5_2,word_salad_required,5,,Single-cell multiome with lineage/history barcoding,"Perform paired scRNA/scATAC-seq on cells with and without prior stimulation, with a heritable barcode or fluorescent AP-1 reporter recording previous exposure. Test whether AP-1 motif accessibility (chromVAR) and memory-gene expression stay correlated across cell divisions in clonal lineages, separating heritable (mitotically stable) memory from transient signaling noise.",,
word_salad_required_5_3,word_salad_required,5,,Live-cell AP-1 reporter and optogenetic pulse patterning,"Image endogenously tagged FOS/JUN or an AP-1 transcriptional reporter while delivering controlled optogenetic or ERK-pulse inputs of varying duration, frequency, and rest interval. Fit input-history-dependent response curves (hysteresis, paired-pulse enhancement) to determine whether the system integrates past dynamics and for how long, giving quantitative memory timescales.",,
word_salad_required_5_4,word_salad_required,5,,Targeted perturbation of memory-associated AP-1 sites,"Use CRISPRi/dCas9 epigenome editing or motif mutation at selected AP-1-bound enhancers (identified by persistent accessibility) after priming, and combine with Hi-C/Micro-C to look for retained loops. Test whether disrupting the AP-1 site or its recruited BAF/SWI-SNF chromatin remodeling erases faster re-induction of linked genes, establishing sufficiency and necessity at specific loci rather than genome-wide correlation.",,
word_salad_required_6_0,word_salad_required,6,,Chromatin accessibility memory after transient stimulus (ATAC-seq time course),"Stimulate cells (e.g., with TNF, wounding, or growth factor), then wash out and profile ATAC-seq and AP-1 (FOS/JUN) CUT&RUN at days to weeks. Persistent accessibility at AP-1 motif sites after AP-1 binding has decayed would show AP-1 'opens' chromatin that is remembered, as in the 'reedbird' wordlist-like persistent marks (e.g., 'crackled' enhancer scars). Like a 'printed' imprint that remains after the stamp is lifted.",,crackled;printed;reedbird
word_salad_required_6_1,word_salad_required,6,,Acute degron depletion to separate initiation from maintenance,"Use auxin-inducible degradation of c-JUN/FOS or dominant-negative A-FOS at defined windows: during the stimulus only, or only after the memory is established. If depleting AP-1 during induction abolishes the later enhanced response but depleting it afterward does not, AP-1 is needed to write but not to maintain memory (and vice versa), testing whether AP-1 itself stores the state.",,
word_salad_required_6_2,word_salad_required,6,,Secondary-challenge functional assay with single-cell readout,"Prime cells with a first stimulus, rest them, then re-stimulate and measure transcription of AP-1 target genes by scRNA-seq or live reporters, comparing to naive cells. Faster or stronger responses in primed cells, with and without AP-1 perturbation, quantify memory, and single-cell data reveal whether it is a graded or bistable, heritable state across cell divisions.",,
word_salad_required_6_3,word_salad_required,6,,Pioneer-like binding and histone mark dynamics at AP-1 sites,"Track H3K27ac, H3K4me1, and BAF/SWI-SNF (BRG1) occupancy with CUT&Tag over time at primed AP-1 sites, and test with AP-1 motif mutation via CRISPR base editing or dCas9 interference at selected enhancers. Mark persistence that requires the motif and recruited remodelers would show a mechanistic route from transient AP-1 binding to a lasting epigenetic state.",,
word_salad_required_6_4,word_salad_required,6,,Mathematical modeling and optogenetic perturbation of AP-1 dynamics,"Control AP-1 activity with optogenetic or chemically induced pulses of varied duration and frequency, measure the resulting target gene state at later times, and fit ODE models of positive feedback (FOS/JUN autoregulation) versus chromatin-based memory. Model comparison, such as hysteresis and dependence on pulse number, discriminates network-based memory from epigenetic memory.",,
word_salad_required_7_0,word_salad_required,7,,"Longitudinal ATAC-seq/CUT&RUN after transient stimulus (""unmask"" latent enhancers)","Stimulate cells (e.g., macrophages, fibroblasts) with a transient signal, then profile chromatin accessibility and AP-1 (FOS/JUN) binding at timepoints through weeks after washout. Memory is supported if AP-1-bound enhancers stay open and primed after stimulus clearance, analogous to 'unmasking' hidden regions, and give faster, stronger transcription upon restimulation.",,unmask
word_salad_required_7_1,word_salad_required,7,,Acute degron depletion of AP-1 during vs after priming,"Use dTAG/auxin degrons on JUN/FOS or dominant-negative A-FOS, depleting AP-1 either only during priming or only after priming (maintenance phase). If priming-phase loss abolishes the enhanced secondary response while maintenance-phase loss does not, AP-1 is needed for establishment but not for maintenance. The reverse pattern would show AP-1 itself maintains the memory.",,
word_salad_required_7_2,word_salad_required,7,,Single-cell multiome with lineage/history tracing of AP-1 activity,"Combine an AP-1 reporter or recorder (e.g., Cre-based or fluorescent timer under TRE elements) with scRNA/ATAC multiome to label cells that experienced AP-1 activity and follow them after rest. Test whether past AP-1 history predicts accessibility state and restimulation response in individual cells, separating cell-autonomous memory from population heterogeneity.",,
word_salad_required_7_3,word_salad_required,7,,Synthetic AP-1 recruitment sufficiency test,"Use a dCas9-based or optogenetic system to transiently recruit AP-1 factors (or their pioneer-like partners) to a defined locus with a reporter. Then remove the trigger and measure whether accessibility, histone marks (H3K27ac/H3K4me1) and responsiveness persist across cell divisions. Persistence sufficient to alter later induction would show AP-1 can initiate memory by itself.",,
word_salad_required_7_4,word_salad_required,7,,Live-cell imaging and kinetic modeling of AP-1 dynamics and division inheritance,"Track endogenously tagged FOS/JUN with single-molecule or live imaging, and measure binding residence time, nuclear levels, and mitotic bookmarking across divisions in mother-daughter pairs. Fit mathematical models (bistable feedback vs. chromatin-based epigenetic memory) to see which explains retention and inheritance of responsiveness; AP-1 autoregulation (JUN induces JUN) is a natural positive-feedback candidate.",,
semi_random_required_0_0,semi_random_required,0,,Transient stimulus with delayed re-challenge (priming assay),"Expose cells to a brief stimulus (e.g., TNF, EGF, or PMA), let it wash out for hours to days, then re-stimulate and measure transcription of AP-1 target genes by RNA-seq and nascent RNA (PRO-seq). Like the 'compass that bends' and is echoed later, a faster or stronger second response, lost when AP-1 is inhibited, would show a memory that depends on AP-1. Compare naive, primed, and AP-1-depleted cells.",,bends;compass
semi_random_required_0_1,semi_random_required,0,,Longitudinal chromatin accessibility and AP-1 occupancy tracking,"Run ATAC-seq, CUT&RUN for FOS/JUN family members, and H3K27ac ChIP at time points before, during and long after the stimulus. Look for enhancers that stay open and AP-1-bound after the signal has gone, as if a 'mended atlas' retained a trace. Motif footprinting would show whether AP-1 binding persists or whether it only leaves behind an epigenetic mark.",,atlas
semi_random_required_0_2,semi_random_required,0,,Acute degron perturbation at defined memory phases,"Fuse AP-1 subunits (c-JUN, FOSL1, or a dominant-negative like A-FOS) to a degron or place them under inducible control. Remove AP-1 either only during the initial stimulus (testing for establishment) or only after the stimulus ends (testing for maintenance), then re-challenge the cells. This separates AP-1 as a writer of memory from AP-1 as a maintainer, and it controls for the cells' general responsiveness.",,
semi_random_required_0_3,semi_random_required,0,,Single-cell live imaging of AP-1 reporters with lineage tracking,"Image endogenously tagged FOS/JUN or a fluorescent AP-1 transcriptional reporter in single cells across stimulation, rest, and re-stimulation, and follow daughter cells through divisions. Measure whether activity states persist, are heritable, and are bistable, using autocorrelation between mother and daughter cells. Fit the data to a mathematical model of positive feedback (JUN autoregulation) to test whether the memory is a cell-intrinsic state.",,
semi_random_required_0_4,semi_random_required,0,,Targeted epigenome editing of AP-1 sites to test sufficiency and necessity,"Use dCas9-based tools (KRAB or p300) or motif mutations through CRISPR base editing to alter specific AP-1-bound enhancers that stay accessible after the signal. Test whether closing them erases the primed response, and whether forced AP-1 binding or opening creates a memory without the stimulus. Readouts are the gene expression response to re-challenge and the persistence of chromatin marks, which would show causality at single loci.",,
semi_random_required_1_0,semi_random_required,1,,Transient stimulus with long-delay re-challenge (primed response),"Expose cells to a brief AP-1-activating stimulus (e.g., TPA, EGF, or injury signal), let AP-1 activity return to baseline, then re-stimulate after days to weeks and measure transcriptional output by RNA-seq. Like the material's 'no chimney polishes the whistle twice', a memory would show as a changed second response compared with naive cells, and the change should depend on AP-1 (dominant-negative FOS/TAM67 or c-Jun degron).",,chimney;polishes;twice;whistle
semi_random_required_1_1,semi_random_required,1,,Longitudinal chromatin accessibility and AP-1 footprinting,"Run ATAC-seq or CUT&Tag for FOS/JUN and H3K27ac before stimulation, after it, and after resolution. Test whether AP-1 motif-bearing enhancers stay open or primed after AP-1 leaves, as the 'hinges remember' something. Persistence of accessibility at sites that were opened by AP-1 would be the key readout.",,hinges
semi_random_required_1_2,semi_random_required,1,,Acute degron depletion after the initial stimulus,"Use an auxin-inducible degron on JUN or FOS and remove the protein either during the priming stimulus or only during the maintenance period. If memory needs AP-1 only to establish it, removal during priming abolishes it and removal later does not. If AP-1 is also needed to maintain it, both abolish it. This separates initiation from maintenance.",,
semi_random_required_1_3,semi_random_required,1,,Single-cell live reporters and lineage tracking,"Image AP-1 activity reporters (e.g., a FOS-GFP knock-in or an AP-1 response-element reporter) and track cell lineages through divisions after a pulse. Test whether activity states are inherited by daughter cells more than expected from a random sibling pairing. Also use single-cell multiome data to link state heritability to chromatin.",,
semi_random_required_1_4,semi_random_required,1,,Synthetic AP-1 pulse sufficiency test with locus-specific perturbation,"Use optogenetic or chemogenetic JUN/FOS activation for defined pulse numbers, durations, and frequencies, and measure persistence of target gene expression and accessibility. Then use dCas9 to block AP-1 sites at one enhancer to test that site's necessity. Together these show whether AP-1 dynamics alone are sufficient to write a lasting state, and whether the memory is stored at specific loci.",,
semi_random_required_2_0,semi_random_required,2,,"Transient stimulus, delayed re-challenge (priming assay)","Expose cells to a brief stimulus (e.g., TPA, TNF, or wounding), wait days to weeks after FOS/JUN levels return to baseline, then re-stimulate and compare transcriptional output (RNA-seq) against naive cells. Like the material's 'ledger' that remembers the marble, the readout is a stored record that changes later responses. Include AP-1 inhibitors (e.g., T-5224) or dominant-negative FOS (A-FOS) present only during the first stimulus to test whether AP-1 is needed to establish the memory.",,ledger;marble;remembers
semi_random_required_2_1,semi_random_required,2,,Longitudinal chromatin accessibility and AP-1 footprinting,"Run ATAC-seq or CUT&Tag for AP-1 factors and H3K27ac at time points before, during and long after the stimulus. Check whether AP-1 motif-containing enhancers stay open after the AP-1 proteins have left, and whether they are the same loci that show the primed response. The 'braided ribbon' pattern is an interleaving of AP-1 binding with other pioneer or chromatin factors that keep sites open.",,ribbon
semi_random_required_2_2,semi_random_required,2,,Single-cell live imaging of AP-1 dynamics with history,"Use endogenously tagged FOS/JUN or AP-1 reporters in single cells, delivering pulses of different number and spacing. Test whether past pulses change later response amplitude (hysteresis) and whether the response is cell-autonomous and inherited by daughter cells after division. The 'rehearsing kite' idea: repeated practice changes later performance, which can be measured as a function of history.",,
semi_random_required_2_3,semi_random_required,2,,Targeted perturbation of memory-specific enhancers,"Use CRISPRi/dCas9 or motif mutation at candidate AP-1-dependent enhancers only after the initial stimulus, and optionally use acute degron tags (dTAG) to remove AP-1 at defined times. If memory is maintained by AP-1 continuously, late depletion should erase it. If AP-1 only writes memory, late depletion should not. This separates initiation from maintenance, like the 'hinge' that must be present to set a position but not to hold it.",,hinge
semi_random_required_2_4,semi_random_required,2,,Mathematical modeling and bistability tests,"Build a model of AP-1 feedback (e.g., JUN autoregulation, with chromatin states) and fit it to dose-response and washout data. Test its predictions: bistability, a threshold dose for memory, and a hysteresis loop, with experiments such as dose titration and cell-sorting by AP-1 level. A 'lattice weighing its feather' suggests looking for a small stimulus change that tips a network between stable states.",,feather;lattice
semi_random_required_3_0,semi_random_required,3,,Chromatin accessibility persistence after transient stimulus (ATAC-seq time course),"Stimulate cells briefly (e.g., TPA, TNF, or wounding), then profile ATAC-seq and AP-1 (FOS/JUN) CUT&RUN at days to weeks after withdrawal. Like the 'tide forgets a salted garden' – a residue left after the tide recedes – persistent AP-1-motif-enriched open sites that outlast AP-1 occupancy would indicate a memory imprint.",,forgets;garden;salted
semi_random_required_3_1,semi_random_required,3,,Acute degradation of AP-1 during priming vs. recall phases,"Use dTAG/auxin-inducible degradation of c-JUN/FOS (or dominant-negative A-FOS) only during the priming stimulus, only during the maintenance interval, or only during restimulation. Comparing secondary transcriptional responses separates AP-1 as the writer of memory (needed at priming) from the reader or maintainer (needed later), echoing the 'furnace swallows, thread weighs the vault' idea of an input that is stored and later weighed.",,furnace;swallows;thread;vault;weighs
semi_random_required_3_2,semi_random_required,3,,Single-cell multiome tracking of AP-1 activity and memory-gene response,"Pair live-cell AP-1 reporters or single-cell multiome (RNA + ATAC) with repeated stimulation to correlate each cell's first-pulse AP-1 dynamics with its second-pulse response. Each cell's history is a braided 'thread' of pulses, so the analysis tests whether AP-1 dose and duration predict a heritable, cell-autonomous response bias, including through cell division by lineage tracing.",,thread
semi_random_required_3_3,semi_random_required,3,,Motif-mutation and dCas9 perturbation of AP-1 sites at memory loci,"Use CRISPR base-editing to mutate AP-1 motifs, or dCas9-KRAB/p300 to silence or activate specific enhancers, at candidate memory enhancers. Then test whether the primed chromatin state (H3K27ac, H3K4me1, accessibility) and faster re-induction are lost. Sufficiency can be tested by forcing AP-1 binding there with a synthetic recruiter and asking whether memory is created without the stimulus.",,
semi_random_required_3_4,semi_random_required,3,,Cooperation with pioneer and chromatin remodelers: BAF dependence and histone mark kinetics,"Perform time-resolved ChIP/CUT&Tag for SWI/SNF (BRG1/ARID1A), H3K27ac and H3K4me1 after AP-1 pulse and inhibit or degrade BAF during the memory interval. If AP-1 only initiates but remodelers keep sites open, accessibility will collapse upon their removal. This dissects whether memory resides in AP-1 itself or in the chromatin states it seeds, like a 'loom' retaining the pattern after the weaver leaves.",,
semi_random_required_4_0,semi_random_required,4,,Prior-stimulus 'no ledger swallows twice' re-challenge assay,"Expose cells to a transient stimulus (e.g., TPA, growth factor, or stress), rest them for days, then re-stimulate and measure transcription kinetics (nascent RNA-seq/PRO-seq) of AP-1 targets versus naive cells. Faster or stronger induction that depends on the first exposure, and that disappears when AP-1 (e.g., c-Fos/c-Jun) is acutely degraded during the rest period, would indicate AP-1-dependent memory.",,ledger;swallows;twice
semi_random_required_4_1,semi_random_required,4,,Longitudinal chromatin accessibility and AP-1 occupancy tracking (the 'engine borrows its spindle' test),"Run ATAC-seq, CUT&RUN for Fos/Jun family members, and histone marks (H3K27ac, H3K4me1) before stimulation, after it, and after a long washout. Check whether AP-1 motif-containing enhancers stay open or primed after AP-1 itself is gone from them, which would show that AP-1 leaves a lasting chromatin imprint. Compare this with enhancers that revert.",,borrows;engine;spindle
semi_random_required_4_2,semi_random_required,4,,Acute degron perturbation at defined time windows,"Use dTAG/auxin degrons on JUN/FOS or dominant-negative A-Fos, applied only during the initial stimulus, only during the maintenance period, or only at recall. This separates AP-1's role in writing memory from its role in maintaining it or reading it out. Readouts are persistence of accessibility and recall transcription.",,
semi_random_required_4_3,semi_random_required,4,,Single-cell live imaging of AP-1 dynamics and heritability,"Track endogenously tagged Fos/Jun and an AP-1 reporter in single cells through stimulation, washout, and cell divisions. Test whether past activity predicts later responsiveness, and whether sister cells inherit similar states. Fit bistability or hysteresis models, such as feed-forward Jun autoregulation, to see if sustained states persist without the stimulus.",,
semi_random_required_4_4,semi_random_required,4,,Enhancer-specific causal editing and sufficiency tests,"Mutate or CRISPR-dCas9-block AP-1 motifs at candidate memory enhancers, and conversely tether AP-1 or chromatin-remodeler recruiters (e.g., BAF) to them by CRISPR. Then measure whether recall expression and the epigenetic state are lost or gained. Sufficiency of tethering without stimulus, and necessity of the motif, would be the strongest causal evidence.",,
semi_random_required_5_0,semi_random_required,5,,Pulse-chase of AP-1 accessibility after transient stimulus,"Give a brief stimulus (e.g., TNF, wounding cytokine, or PMA) and map chromatin accessibility (ATAC-seq) and AP-1 (FOS/JUN) ChIP/CUT&RUN at days 0, 1, 7, 21 after withdrawal. Like a pendulum whose lattice keeps a trace of the swing, persistent AP-1-bound open sites after signal loss would show an epigenetic trace; a faster secondary response at those loci would show it is functional.",,lattice;pendulum
semi_random_required_5_1,semi_random_required,5,,Acute AP-1 degradation during the 'memory' phase,"Use degron-tagged (dTAG/AID) c-JUN/FOS or dominant-negative A-FOS induced only after the priming stimulus is gone, then re-stimulate. If the enhanced transcriptional response disappears, AP-1 is needed to maintain memory and not only to establish it. Compare with degradation only during priming to separate writing from maintenance.",,
semi_random_required_5_2,semi_random_required,5,,Single-cell live imaging of AP-1 reporter history,"Image AP-1 activity reporters or endogenously tagged FOS/JUN in single cells through repeated stimulus pulses, and track lineages. Quantify whether the prior response predicts later amplitude or kinetics and whether the state is inherited by daughter cells, which separates cell-autonomous memory from population heterogeneity.",,
semi_random_required_5_3,semi_random_required,5,,Chromatin-context and cooperation analysis at memory loci,"Profile H3K27ac, H3K4me1, and DNA methylation, together with pioneer factors and SWI/SNF (BAF) occupancy, at AP-1 sites that stay open. Perturb the cofactors or the AP-1 motif by CRISPR, and test whether the site is a self-sustaining lattice (AP-1 recruits remodelers that keep the site accessible) or a passive mark.",,lattice
semi_random_required_5_4,semi_random_required,5,,Sufficiency test by synthetic AP-1 pulse and motif editing,"Drive AP-1 optogenetically or chemogenetically with defined durations and doses in naive cells, and measure whether transient AP-1 alone leaves lasting accessibility and enhanced re-induction. Pair this with CRISPR deletion or mutation of individual AP-1 motifs at candidate enhancers to test necessity at the locus level.",,
semi_random_required_6_0,semi_random_required,6,,Transient stimulus then washout: persistence of AP-1 chromatin accessibility,"Expose cells (e.g., fibroblasts or keratinocytes) to a defined pulse of TPA, TNF or wounding signal, remove it, and track ATAC-seq, CUT&RUN for FOS/JUN, and H3K27ac at AP-1 motif sites over days to weeks. Memory is supported if accessibility and a faster, stronger transcriptional response to restimulation persist after signaling and AP-1 levels return to baseline. This echoes the idea that 'no kettle echoes the tide twice': a second exposure should differ from the first.",,echoes;kettle;twice
semi_random_required_6_1,semi_random_required,6,,Acute AP-1 degradation to separate maintenance from initiation,"Use dTAG or auxin-degron alleles of FOS, JUNB or a dominant-negative (A-FOS) at different times: before priming, during the memory phase, and just before restimulation. If AP-1 is needed only to establish memory, then removing it later spares the primed response. If it is needed throughout, then removing it later erases the primed response, which indicates a maintenance role.",,
semi_random_required_6_2,semi_random_required,6,,Single-cell multiome with lineage barcoding across divisions,Run paired scRNA/scATAC on barcoded clonal lineages after priming and after several cell divisions. Test whether sister cells share AP-1 motif accessibility (chromVAR deviation scores) and restimulation responses more than unrelated cells do. This shows whether the state is heritable rather than just long-lived protein or signaling.,,
semi_random_required_6_3,semi_random_required,6,,Live imaging of AP-1 dynamics and reporter memory,"Tag endogenous FOS/JUN, and use an AP-1 target-locus reporter, in live single cells during repeated stimulation pulses. Quantify how the history of AP-1 dynamics (pulse number, interval) predicts later reporter output and the speed of reactivation. Compare to mathematical models of bistability or hysteresis, and check for a lingering, self-reinforcing loop.",,
semi_random_required_6_4,semi_random_required,6,,Targeted epigenome editing and sufficiency tests at AP-1 sites,"Use dCas9 to recruit or block AP-1 at specific primed enhancers, or mutate the motifs, with CRISPRi/a and base editing. Then test whether deposited marks and the primed response last without the original stimulus. Pair this with Hi-C or Micro-C to see whether AP-1-dependent enhancer–promoter contacts carry the memory. This tests whether AP-1 binding is necessary and sufficient, and not merely correlated.",,
semi_random_required_7_0,semi_random_required,7,,"Transient stimulus with delayed re-challenge (""no engine whispers twice"")","Give cells a defined first pulse of a stimulus (e.g., TPA, EGF, or injury cue), rest them for varying intervals, then re-stimulate. Compare transcriptional output (RNA-seq, nascent RNA) with naive cells to test whether AP-1 history changes the second response, and how long the change lasts. Include AP-1 loss (dominant-negative FOS/A-Fos, or degron) during the first pulse only, to show AP-1 is needed to set the memory.",,engine;twice;whispers
semi_random_required_7_1,semi_random_required,7,,Longitudinal chromatin accessibility and AP-1 occupancy mapping,"Use ATAC-seq, CUT&RUN or CUT&Tag for JUN/FOS, and H3K27ac at time points before, during and after the stimulus, through to weeks after it is withdrawn. Look for AP-1 motif sites that stay open or primed after AP-1 itself has left, as a ""mended parchment"" scar. Then test whether those sites predict the stronger or faster second response.",,parchment
semi_random_required_7_2,semi_random_required,7,,Single-cell live imaging of AP-1 dynamics and persistence,"Track endogenously tagged FOS/JUN, or an AP-1 reporter, in single cells over repeated stimulations, using lineage tracing across divisions. Measure whether past AP-1 activity level, duration, or pulse pattern in a cell or its ancestors predicts the later response. This separates memory carried by cell state from population-level noise.",,
semi_random_required_7_3,semi_random_required,7,,Targeted perturbation of memory-site enhancers,"Use CRISPRi/dCas9 or motif deletion at specific AP-1-dependent memory enhancers, either before the first stimulus or only between stimuli. If memory needs the site to be primed, silencing it before the first pulse should block the memory, whereas silencing it after should reveal whether it must be actively maintained. Add a gain-of-function arm, with synthetic AP-1 recruitment (dCas9-FOS) to a naive locus to see whether it can install memory.",,
semi_random_required_7_4,semi_random_required,7,,Testing the maintenance mechanism: epigenetic and feedback contributions,"Probe whether memory persists through chromatin remodelers (BAF/SWI-SNF), histone marks, or a positive feedback loop of AP-1 on its own expression. Inhibit these during the rest period and measure whether the primed state is lost, and use mathematical modelling of bistable or hysteretic AP-1 circuits to distinguish them. In vivo, test this in a tissue like regenerating or injured skin by comparing AP-1 conditional knockouts with controls on repeat injury.",,
instruction_only_0_0,instruction_only,0,,Hysteresis curves from magnetic materials,"Borrowing from ferromagnet physics, titrate a transient AP-1 stimulus (e.g., optogenetic or PMA/ligand-induced c-Fos/c-Jun) up and then down, and measure target gene expression and AP-1 occupancy at each dose. A loop where the down-sweep differs from the up-sweep at identical input (path dependence) would show bistability and memory; compare to AP-1 dominant-negative (A-Fos) cells that should lose the loop.",,
instruction_only_0_1,instruction_only,0,,Engram tagging from neuroscience,"Use a Fos-driven Cre-ER/TRAP-style reporter to permanently label cells that experienced a prior AP-1 activation event, then re-stimulate days to weeks later and compare transcriptional response and chromatin accessibility between labeled and unlabeled cells by single-cell multiome. Faster, stronger, or qualitatively different responses in tagged cells would indicate AP-1-dependent priming memory.",,
instruction_only_0_2,instruction_only,0,,Epidemic-style cell-lineage tracking (pedigree analysis from population genetics),"Time-lapse imaging of live AP-1 reporters in single cells with lineage tracing across divisions, then compute the autocorrelation of AP-1 activity between mothers, daughters and cousins, as in heritability estimates. Inheritance of activity state beyond what shared environment explains, after a transient pulse, would quantify mitotic memory and its decay half-life.",,
instruction_only_0_3,instruction_only,0,,Molecular 'bookmarking' as in library cataloguing: mitotic chromatin profiling,"Perform CUT&Tag/ChIP-seq and ATAC-seq for AP-1 factors (FOS, JUN) and enhancer marks (H3K27ac, H3K4me1) in mitotically arrested versus interphase cells after a prior stimulation, to test whether AP-1 stays bound to or leaves persistent accessible sites at specific loci. Pair with acute degron (dTAG) depletion of AP-1 after the stimulus to test whether maintenance of the accessibility state requires continued AP-1 presence versus only its initial pioneering.",,
instruction_only_0_4,instruction_only,0,,Fault-tolerance testing from engineering: perturbation and rescue of the feedback circuit,"Treat the AP-1 autoregulatory loop (FOS/JUN promoters containing TRE sites) like a flip-flop circuit: build a mathematical model, then experimentally test its predictions by breaking the loop (mutating TREs by CRISPR, using inducible degrons at varied timing) and measuring whether the active state persists, collapses, or can be reset. Model-guided discrimination between feedback-based memory and chromatin-based memory would be done by comparing persistence after degron removal at early versus late times.",,
instruction_only_1_0,instruction_only,1,,Magnetic hysteresis loop for AP-1 dose-response,"Borrowing from ferromagnetic hysteresis, expose cells to a ramped-up then ramped-down stimulus (e.g., optogenetic or chemically controlled FOS/JUN input) and measure AP-1 occupancy (CUT&RUN) and target gene expression along both paths. A non-overlapping loop, with residual signal at zero stimulus, would indicate path-dependent memory attributable to AP-1.",,
instruction_only_1_1,instruction_only,1,,Immunological recall-response analogy: prime-challenge-rechallenge with AP-1 degron,"Like vaccine prime/boost designs, give cells a first stimulus, rest them for variable intervals, then re-stimulate, measuring faster or stronger transcription at primed loci by nascent RNA-seq (PRO-seq). Acutely degrading (dTAG) AP-1 factors only during priming versus only during recall separates AP-1's role in establishing versus retrieving memory.",,
instruction_only_1_2,instruction_only,1,,Neuronal engram-style lineage tracing of AP-1 history,"Inspired by activity-dependent engram labeling (e.g., FOS-driven TRAP), use an AP-1-driven Cre or recorder to permanently tag cells that experienced AP-1 activation, then compare tagged and untagged sibling cells for later chromatin accessibility (scATAC) and response to re-stimulation. This tests whether past AP-1 activity predicts durable, cell-autonomous state differences.",,
instruction_only_1_3,instruction_only,1,,Kinetic proofreading / persistence-time modeling from single-cell live imaging,"Borrowing the signal-processing concept of memory kernels from physics and control theory, image endogenously tagged FOS/JUN and a transcription reporter in single cells over days, then fit autocorrelation and mutual-information decay times. Compare decay times with AP-1 protein half-life and chromatin mark half-life to see if persistence exceeds what protein turnover alone explains.",,
instruction_only_1_4,instruction_only,1,,Epigenetic 'pioneer footprint' test using ecological succession logic,"As in ecological succession, where early colonizers modify the habitat for later species, test whether AP-1 opens enhancers that remain accessible after AP-1 is removed. Perform time-course ATAC-seq, H3K27ac ChIP and motif analysis after stimulus withdrawal, and use dCas9-based tethering of AP-1 or motif mutation at selected enhancers to test if accessibility persistence is AP-1-dependent and sufficient to enhance later responses.",,
instruction_only_2_0,instruction_only,2,,Hysteresis curves from magnetic materials,"Borrowing the physics of ferromagnetic hysteresis, titrate a stimulus (e.g., TPA, growth factor, or stress) up and then down, measuring AP-1 (FOS/JUN) levels and chromatin accessibility at target enhancers by single-cell ATAC/CUT&Tag at matched doses on each branch. Path-dependent output at identical input, which persists after the stimulus is removed, would indicate memory rather than simple tracking of the input.",,
instruction_only_2_1,instruction_only,2,,Immunological recall-response design,"Following vaccine prime-boost logic, give cells a primary stimulus, rest them for days to weeks, then give a secondary challenge and compare transcription kinetics and magnitude with naive cells. Pair this with time-course ChIP/CUT&RUN of AP-1 occupancy and H3K27ac at 'primed' enhancers, and test whether AP-1 loss (dominant-negative A-FOS, degron) during priming only, or only during recall, abolishes the faster or larger secondary response.",,
instruction_only_2_2,instruction_only,2,,Bistable switch tests from synthetic circuit engineering,"Treat AP-1 positive autoregulation (JUN/FOS promoters bound by AP-1) as a candidate toggle switch. Use live-cell reporters of endogenous FOS/JUN and optogenetic or chemically induced pulses of varied duration to look for threshold behavior, bimodal single-cell distributions, and persistence of the ON state. Then break the feedback by mutating the AP-1 sites in the promoter and ask whether the memory is lost.",,
instruction_only_2_3,instruction_only,2,,"Lineage tracing and bookmarking, borrowed from mitotic inheritance in genealogy/pedigree analysis","Pedigree-style analysis: use time-lapse imaging of AP-1 reporters in sister and cousin cells after a transient stimulus to measure how the state is inherited over divisions, with correlation decaying by generational distance. Complement with mitotic-chromosome CUT&Tag and live imaging to test whether AP-1 stays on chromatin through mitosis (bookmarking) and whether the memory persists across divisions.",,
instruction_only_2_4,instruction_only,2,,Archaeological stratigraphy of chromatin: ordered-dating of enhancer history,"Like dating layers in an excavation, apply sequential perturbations (stimulus A then B, or reversed order) and map the AP-1 motif-containing enhancers that become newly accessible. Use footprinting, motif-resolved ATAC and Hi-C/Micro-C to resolve which sites are 'laid down' by the first stimulus and persist after AP-1 is removed, and test sufficiency by reinstating AP-1 at the site (dCas9 recruitment) in naive cells to see whether it recreates the remembered state.",,
instruction_only_3_0,instruction_only,3,,Hysteresis curves from magnetic physics,"Borrowing the magnetic hysteresis loop, ramp a stimulus (e.g., serum, TNF, or Ras/ERK activity via optogenetics) up and then down, and measure AP-1 (FOS/JUN) occupancy, chromatin accessibility and target transcription at matched stimulus levels. A path-dependent loop, with different output on the way up than on the way down, would indicate memory, and the loop area quantifies its strength.",,
instruction_only_3_1,instruction_only,3,,Immunological recall-style prime-challenge design,"Borrowing from vaccine prime-boost and trained immunity experiments, prime cells with a transient stimulus, rest them for varying intervals, then re-challenge. Compare ATAC-seq, CUT&RUN for AP-1 and H3K27ac, and the speed and amplitude of the transcriptional response to naive cells, with and without acute AP-1 degradation (dTAG/dominant-negative A-FOS) during priming versus during recall to separate establishment from maintenance.",,
instruction_only_3_2,instruction_only,3,,Information-theory channel capacity of single cells,"Borrowing from communication engineering, use live-cell reporters of FOS/JUN dynamics and target genes in single cells, then compute mutual information between past stimulus history and current state after the stimulus ends. Memory is shown if state retains information about past input beyond a decay time, and the analysis can be compared with perturbations of AP-1 dimer composition.",,
instruction_only_3_3,instruction_only,3,,Epigenetic bistability modeled like ferromagnetic domain switching,"Borrowing from Ising or bistable-switch models in statistical physics, fit a mathematical model of AP-1 binding, pioneer-like nucleosome opening and positive feedback (e.g., FOSL1/JUN autoregulation) to time-resolved data. Test the model's predictions of bistability and critical stimulus thresholds by single-cell sorting of ON/OFF subpopulations and tracking their persistence through cell divisions.",,
instruction_only_3_4,instruction_only,3,,Lineage barcoding like geological strata dating,"Borrowing from stratigraphy, where layers record past events, combine lineage barcoding with a mark of AP-1 activation (e.g., a Cre- or recorder-based AP-1-responsive tag) to record which cells experienced past AP-1 activity. Then use single-cell multiome (RNA and ATAC) to test whether tagged cells and their descendants keep distinct accessible AP-1 motif landscapes and expression compared with untagged siblings, over many divisions.",,
instruction_only_4_0,instruction_only,4,,Magnetic hysteresis loop for AP-1 chromatin state,"Borrowing from ferromagnetic hysteresis, titrate a stimulus (e.g., FOS/JUN induction via optogenetic or dox-controlled dosing) up and then back down, measuring AP-1 occupancy (CUT&RUN) and chromatin accessibility (ATAC-seq) at target enhancers. A path-dependent, non-retracing response at matched input levels would show AP-1-dependent memory, and acute degron removal of AP-1 would test whether the retained state requires it.",,
instruction_only_4_1,instruction_only,4,,Immunological recall-style prime/rest/rechallenge with kinetic fitting,"Borrowing from vaccine prime-boost design, expose cells to a transient stimulus (e.g., TPA or a mechanical/inflammatory cue), rest them for variable intervals, then re-stimulate. Measure faster or stronger transcription of AP-1 target genes (nascent RNA, PRO-seq) and fit decay curves to estimate memory half-life, with and without dominant-negative AP-1 (A-FOS) during priming only.",,
instruction_only_4_2,instruction_only,4,,Epidemiological lineage tracing via barcoded clonal inheritance,"Borrowing from cohort studies that follow families across generations, use lineage barcoding with live AP-1 reporters to follow sister cells after a transient stimulus. Compute intra-clonal versus inter-clonal correlation of AP-1 activity and target-gene expression across divisions, with the heritability of state quantifying mitotic memory.",,
instruction_only_4_3,instruction_only,4,,Electronic flip-flop (bistable circuit) analysis through single-cell dynamics,"Borrowing from digital memory circuits, test whether AP-1 with its positive feedback (FOS/JUN promoter autoregulation) forms a latch. Use live single-cell imaging of AP-1 reporters and a pulse-width/amplitude scan to look for bimodality, a switching threshold, and persistence after input withdrawal. Then perturb the feedback loop (e.g., mutate AP-1 sites in the JUN promoter) to see whether bistability collapses.",,
instruction_only_4_4,instruction_only,4,,Archaeological stratigraphy of enhancer layers using time-resolved multi-omics,"Borrowing from dating of layered deposits, perform time-course ATAC-seq, histone mark ChIP (H3K27ac, H3K4me1), and AP-1 motif-footprint analysis after a stimulus is removed, to define which enhancers stay in 'residual' accessible states. Then use CRISPRi/dCas9 editing of AP-1 motifs at these sites and ask causally whether the retained accessibility and the primed response of linked genes depend on the AP-1 sites.",,
instruction_only_5_0,instruction_only,5,,Magnetic hysteresis loop for AP-1 chromatin state,"Borrowing from ferromagnet hysteresis, expose cells to a rising then falling dose of a stimulus (e.g., TPA, or optogenetic c-Fos/c-Jun activation) and measure ATAC-seq accessibility and target gene expression at matched doses on both the up and down ramps. Non-overlapping loops at AP-1 motif-containing enhancers, persisting after AP-1 levels return to baseline, would indicate memory rather than simple tracking of the input.",,
instruction_only_5_1,instruction_only,5,,Neuronal long-term potentiation-style spaced-pulse training,"Borrowing from the spaced-versus-massed learning paradigm, deliver optogenetic AP-1 pulses with the same total dose either massed or spaced, then challenge cells days later with a weak stimulus. Compare the secondary response (transcription, accessibility) between the two regimes to test whether AP-1 encodes stimulus history and shows learning-like kinetics.",,
instruction_only_5_2,instruction_only,5,,Epidemiological case-control design via lineage barcoding,"Borrowing from cohort studies, tag individual cells with heritable barcodes, expose the population to a transient stimulus, and track clonal lineages with single-cell multiome (RNA and ATAC) plus AP-1 footprinting. Test whether sister cells share AP-1-linked accessibility and expression states for multiple divisions, and whether the shared state predicts later responsiveness, which separates heritable memory from stochastic noise.",,
instruction_only_5_3,instruction_only,5,,"Molecular ""knockout of the keystone"" analysis from ecology: acute degradation after priming","Following ecological keystone-removal experiments, prime cells and then acutely degrade AP-1 (dTAG/auxin degron on c-Jun or FOSL) at different times after priming. If the primed accessibility and enhanced re-induction persist without AP-1, the memory is stored elsewhere (e.g., histone marks). If the memory decays, AP-1 is required for maintenance, not just initiation. CUT&RUN for H3K27ac/H3K4me1 and AP-1 binding maps what remains.",,
instruction_only_5_4,instruction_only,5,,Bistable switch modeling from systems engineering with single-cell time-lapse,"Borrowing control-theory concepts of positive feedback and bistability, use live reporters of AP-1 activity (e.g., a Fos-GFP knock-in or AP-1 synthetic reporter) in single cells. Fit ODE or Bayesian models to the dynamics after transient stimulation, to test for bimodal, self-sustaining states. Perturb feedback nodes (e.g., FOS/JUN autoregulation, MAPK inhibition) to confirm that memory arises from circuit architecture, and compare model predictions with held-out perturbations.",,
instruction_only_6_0,instruction_only,6,,Magnetic hysteresis loop for AP-1 dose-response,"Borrowing from ferromagnetic hysteresis, expose cells to ramping-up then ramping-down stimulus (e.g., optogenetic or ERK/JNK activation driving FOS/JUN) and measure single-cell AP-1 target expression and chromatin accessibility on both paths. A non-overlapping loop, with residual 'remanence' after the stimulus returns to zero, would show state-dependent memory rather than simple input tracking.",,
instruction_only_6_1,instruction_only,6,,Ecological resilience: perturbation-recovery and tipping-point analysis,"Using the concept of alternative stable states and critical slowing down from ecology, apply pulses of varying strength and duration to cells and track recovery time and variance of AP-1 activity (live FOS/JUN reporters). Rising recovery time near a threshold and bimodal persistence of the primed state would indicate bistability supporting memory.",,
instruction_only_6_2,instruction_only,6,,Library-style 'bookmarking' ChIP/CUT&Tag and ATAC time series,"Inspired by bookmarks that hold your place after a book is closed, map AP-1 (FOS/JUN) occupancy and accessibility at enhancers days after stimulus withdrawal and through cell division (mitotic chromosomes vs. interphase). Sites that remain open and AP-1-bound, and that respond faster on restimulation, mark AP-1 dependent memory loci.",,
instruction_only_6_3,instruction_only,6,,Immunological secondary-response challenge with AP-1 degron,"Like vaccine prime-boost designs, prime cells with a first stimulus, rest them, then give a second challenge and compare transcriptional kinetics and amplitude with naive cells. Use acute degradation (dTAG/auxin) of AP-1 factors or dominant-negative A-FOS only during priming versus only during rest versus only during boost to dissect whether AP-1 is needed to establish, maintain, or read out memory.",,
instruction_only_6_4,instruction_only,6,,Computer-memory write/read test using synthetic AP-1 sites,"Treating a genomic locus as a memory bit, insert a reporter flanked by wild-type versus mutated AP-1 motifs (or with dCas9 recruitment of FOS/JUN) and test whether a transient 'write' pulse yields stable ON state over many divisions, read out by flow cytometry and single-cell lineage tracking. Adding a pioneer-factor-free control and inhibitor of chromatin remodelers (BAF) tests whether AP-1 alone is sufficient to store the state.",,
instruction_only_7_0,instruction_only,7,,Hysteresis curves borrowed from magnetic materials,"Treat AP-1 chromatin state like a ferromagnet: ramp a stimulus (e.g., optogenetic or titrated FOS/JUN induction or MAPK activity) up and then down, and measure AP-1 binding (CUT&RUN), accessibility (ATAC-seq), and target transcription at matched input levels. A non-overlapping up/down response loop that persists after the stimulus is removed would indicate history-dependent memory, and the loop width could be quantified per locus.",,
instruction_only_7_1,instruction_only,7,,Immunological recall-style prime–rest–rechallenge design,"Borrowing from vaccine prime/boost logic, expose cells to a transient stimulus (priming), allow a defined rest period, then rechallenge. Compare the kinetics and amplitude of target gene induction and AP-1 occupancy in primed vs naive cells. Include AP-1 dominant-negative (e.g., A-FOS) given only during priming vs only during rechallenge to separate the roles of AP-1 in establishing vs executing memory.",,
instruction_only_7_2,instruction_only,7,,Single-cell lineage tracing as in clonal population genetics,"Use barcoded lineages with split-clone designs (as in fate-mapping studies of heredity): stimulate one sister arm and not the other, then use single-cell multiome (RNA + ATAC) to test whether AP-1 motif accessibility and target expression are more similar among sisters and across divisions than among unrelated cells. Estimating heritability of the state across generations, analogous to the heritability estimates in quantitative genetics, would show whether it is mitotically stable.",,
instruction_only_7_3,instruction_only,7,,Bistable switch modeling and live reporters from electrical circuit engineering,"Build a dynamical-systems model of AP-1 with positive feedback (FOS/JUN autoregulation, with cooperating pioneer factors) and fit it to live-cell reporters of AP-1 activity (e.g., a fluorescent AP-1 reporter and endogenous FOS-tagged knock-ins) measured across single-cell trajectories. Test the model's predictions of bistability (bimodal distributions, critical slowing down near thresholds, and flipping upon brief pulses). Then perturb feedback loops to see whether memory is lost.",,
instruction_only_7_4,instruction_only,7,,Ecological succession-style locus-level perturbation and nucleation tests,"Just as ecologists remove a keystone species to test whether a community can recover, use dCas9-based degradation or motif mutation at selected AP-1 sites after stimulation is removed, i.e., after the state has been set. Measure whether neighboring chromatin marks (H3K27ac, accessibility) and gene expression persist, collapse, or are rebuilt. Combine with AP-1 degron (dTAG) timing experiments to determine whether continuous AP-1 presence is required to maintain the state (a maintenance factor) or whether it only initiates a self-sustaining state (a trigger).",,
stream_blind_required_0_0,stream_blind_required,0,,Gridiron-style compensation: paired AP-1 factor perturbation,"Harrison's gridiron cancels opposing expansions, so a memory readout should be robust to nuisance drift. Acutely degrade or inhibit AP-1 (e.g., dTAG degron of FOS/JUN, dominant-negative A-FOS) at different times after a priming stimulus, then quantify chromatin accessibility and transcriptional response on restimulation. Compare this against a counter-perturbation that boosts the opposing factors, to show that AP-1 is needed specifically to maintain the primed state and not just to induce it.",,gridiron;harrison
stream_blind_required_0_1,stream_blind_required,0,,Escapement-style pulse-train stimulation with live AP-1 reporters,"A clock converts a steady force into discrete ticks, so test how AP-1 responds to pulsed versus sustained stimulus (e.g., optogenetic or growth factor pulses of varied frequency and spacing). Track FOS/JUN dynamics live with endogenous knock-in reporters, and ask whether the response to a second pulse depends on the interval since the first. A decay time constant that lasts days after the stimulus is gone would support memory.",,clock;escapement
stream_blind_required_0_2,stream_blind_required,0,,Single-cell multiome tracking of AP-1 motif accessibility across a prime–rest–restimulate time course,"Run scATAC and RNA-seq at baseline, after priming, after a long rest, and after restimulation. Use chromVAR and footprinting to ask whether AP-1 binding sites opened by priming stay open during rest and whether they predict faster or stronger gene induction. Link this to cell lineage barcodes, so that heritable memory across divisions can be separated from persistence in non-dividing cells.",,
stream_blind_required_0_3,stream_blind_required,0,,Quartz-style halving test: memory persistence through cell division,"Quartz divides a fixed frequency down to a countable beat. In the same way, follow primed cells through a defined number of divisions, using dye dilution or a division-tracking reporter. Measure AP-1 occupancy (CUT&RUN for FOS/JUN) and the primed response after 0, 1, 2 and more divisions. Check whether memory halves with each division, which would indicate dilution, or is stably re-established, which would indicate a self-propagating mechanism.",,number;quartz
stream_blind_required_0_4,stream_blind_required,0,,Sufficiency test with synthetic AP-1 site editing and transient pioneer-like recruitment,"Use CRISPR to mutate or insert AP-1 motifs at specific enhancers, or to recruit dCas9–FOS/JUN transiently, then remove the trigger. Measure whether enhancer accessibility, H3K27ac and enhanced gene induction persist after AP-1 is gone. Persistence would show AP-1 can write memory. Loss of memory when only the motifs are mutated would show the sites are necessary.",,
stream_blind_required_1_0,stream_blind_required,1,,Flash-pattern decoding of AP-1 dynamics (live-cell reporters),"Like a lighthouse's identity is its on/off pattern, not its brightness, image live-cell AP-1 reporters (e.g., FOS/JUN-tagged or AP-1 transcriptional reporters) after transient stimuli of different duration and frequency, then test whether pulse patterns (not just amplitude) are encoded and whether they predict later gene expression and cell fate. Compare with single-cell memory of the pattern after a washout period.",,flash;lighthouse;pattern
stream_blind_required_1_1,stream_blind_required,1,,Priming-and-rechallenge assay with AP-1 degron,"Give cells a first stimulus (e.g., growth factor, TPA, or inflammatory cue), rest them for days, then rechallenge and measure the enhanced or altered transcriptional response by RNA-seq. Use an acute degron (dTAG/auxin) on FOS/JUN family members during priming only versus rechallenge only, to separate AP-1 needed to write the memory from AP-1 needed to read it.",,
stream_blind_required_1_2,stream_blind_required,1,,Chromatin accessibility 'ring' footprinting of AP-1 sites over time,"Like Fresnel keeping only the active faces, focus on the minimal functional elements: run ATAC-seq/CUT&RUN for AP-1 motifs, H3K27ac, and BAF/pioneer markers before, after, and long after stimulus to find enhancers that stay open after AP-1 levels return to baseline. Test whether persistence depends on AP-1 motif integrity using CRISPR motif mutation or dCas9 interference at selected enhancers.",,faces;focus;fresnel
stream_blind_required_1_3,stream_blind_required,1,,Single-cell multiome lineage tracing of memory inheritance,"Combine single-cell RNA plus ATAC with a lineage barcode in stimulated and unstimulated populations, and measure whether sister cells share AP-1 target accessibility and expression states after multiple divisions. Quantify heritability (sister-cell correlation versus random pairs) and whether it decays, which distinguishes epigenetic memory from persistent signaling.",,
stream_blind_required_1_4,stream_blind_required,1,,Sufficiency test via transient AP-1 induction and positive-feedback mapping,"Use optogenetic or inducible pulses of c-Jun/c-Fos in naive cells and check whether a self-sustaining state emerges, as with a lamp that needs no keeper to keep turning, by measuring endogenous JUN/FOS autoregulation, target gene persistence, and enhancer state weeks later. Perturb the loop (mutate AP-1 sites in the JUN promoter, block signaling kinases such as JNK) to determine if memory requires feedback versus continuing upstream input.",,keeper;turning
stream_blind_required_2_0,stream_blind_required,2,,Flash-pattern decoding: AP-1 dynamics as a 'characteristic',"Like a lighthouse's identity encoded in its flash sequence, stimulate cells with pulsed vs sustained signals (optogenetic or ERK/JNK-activating pulses of defined count and interval) and measure AP-1 (FOS/JUN) live-reporter dynamics and downstream gene sets. Test whether distinct temporal patterns yield distinct, persistent chromatin and transcriptional states, indicating the pattern is stored and not just transiently read.",,characteristic;identity;lighthouse;pattern
stream_blind_required_2_1,stream_blind_required,2,,Fresnel-style minimal-footprint chromatin profiling,"Fresnel kept only the functional surface of the lens; analogously, use CUT&Tag/ATAC-seq at single-cell resolution to find the minimal set of AP-1-bound enhancers that stay accessible after the stimulus ends. Compare accessibility, AP-1 motif occupancy and H3K27ac at these sites days after a transient stimulus versus naive cells, and ask whether this reduced set suffices to predict the primed response.",,fresnel;surface
stream_blind_required_2_2,stream_blind_required,2,,Acute AP-1 degradation at defined times after stimulus (keeper removal test),"Use dTAG/auxin-inducible degradation of FOS/JUN family members or a dominant-negative (A-FOS) at different times after the priming stimulus. If memory persists after AP-1 is removed, AP-1 only initiates it; if secondary responses and accessibility collapse, AP-1 actively maintains it, so compare these outcomes across timepoints.",,
stream_blind_required_2_3,stream_blind_required,2,,Daymark/nightmark dual-readout of memory: re-stimulation response and sites,"A lighthouse has two signaling systems for two conditions; likewise, compare the same cells by two readouts, namely the faster, stronger transcriptional response on re-stimulation (RNA-seq/nascent PRO-seq) and the persistent chromatin marks seen without stimulation. Correlate them per locus and per cell, and test causality by CRISPR-mutating AP-1 motifs at primed enhancers to see whether both readouts are lost together.",,lighthouse
stream_blind_required_2_4,stream_blind_required,2,,Lineage tracing of memory across divisions (mercury-bath inertia test),"Track primed cells through multiple cell cycles with live AP-1/target reporters and barcoded lineages or sister-cell comparisons, measuring how many divisions the primed state lasts and whether sisters inherit it equally. Combine this with mitotic-bookmarking assays (live imaging and mitotic ChIP) to check whether AP-1 stays bound to chromatin through mitosis, and add decay-rate modelling to separate heritable memory from slowly decaying signaling.",,mercury
stream_blind_required_3_0,stream_blind_required,3,,Fresnel-style minimal-essential chromatin footprinting,"Like a Fresnel lens keeping only the light-bending surface, strip AP-1 sites down to what carries memory: use CUT&Tag/ATAC-seq plus motif-mutant and dCas9-based perturbations to find which AP-1-bound enhancer elements (c-Jun/Fos occupancy, H3K27ac, BAF-dependent accessibility) persist after stimulus removal. Then test whether this minimal set is necessary and sufficient for faster re-induction of target genes.",,fresnel;surface
stream_blind_required_3_1,stream_blind_required,3,,Prime–rest–restimulate with acute AP-1 degradation,"Stimulate cells (e.g., with TNF, EGF, or wounding signals), wait varying rest periods, and restimulate, measuring transcriptional response by nascent RNA-seq. Use dTAG/auxin degrons on FOS/JUN at defined windows (during priming vs. during rest vs. during restimulation) to determine whether AP-1 is needed to establish, maintain, or read out the memory.",,
stream_blind_required_3_2,stream_blind_required,3,,Lighthouse 'characteristic' dynamics: live-cell AP-1 pulse decoding,"Lighthouses are identified by flash patterns, so test whether AP-1 encodes history in its temporal pattern. Image endogenously tagged FOS/JUN and AP-1 reporters in single cells under optogenetic or microfluidic pulses of varied frequency and duration, then relate prior pulse patterns to later response amplitude and persistence, using information-theoretic measures.",,characteristic;lighthouse
stream_blind_required_3_3,stream_blind_required,3,,Single-cell multiome lineage tracing of memory inheritance,"Pair single-cell ATAC+RNA with lineage barcodes to follow sister cells after transient stimulation. Test whether AP-1 motif accessibility (chromVAR) and target expression are shared among clonal relatives more than expected, and persist across divisions, which would indicate heritable memory, compared with transient states.",,
stream_blind_required_3_4,stream_blind_required,3,,Bistability and hysteresis modeling with synthetic AP-1 circuit,"Build a synthetic or engineered positive-feedback AP-1 locus, such as a JUN autoregulatory loop, and measure input–output curves in forward and reverse dose sweeps to detect hysteresis. Fit mathematical models and perturb feedback (mutate the JUN promoter TRE site, block pioneering cofactors) to show whether AP-1 feedback is required for self-sustaining states, like a weighted clock that keeps running after the push.",,
stream_blind_required_4_0,stream_blind_required,4,,Rhythm-decoding: AP-1 dynamics as a temporal code,"Like a lighthouse's long-short pattern identifying it, drive cells with optogenetic or chemically-gated ERK/JNK pulses of varied frequency and duration, and live-image FOS/JUN reporters. Then test whether pulse pattern (not just total dose) determines distinct downstream chromatin states and gene programs that persist after stimulation stops.",,lighthouse;rhythm;short
stream_blind_required_4_1,stream_blind_required,4,,Chromatin-accessibility memory after transient stimulation,"Stimulate cells once, wash out, and perform ATAC-seq/CUT&RUN for AP-1 factors (FOS, JUN, FOSL) and histone marks (H3K27ac, H3K4me1) at days 0, 1, 7, and 14 compared with naive cells. Persistent AP-1-bound, accessible 'primed' enhancers that give faster or stronger re-induction on second stimulation would indicate memory.",,
stream_blind_required_4_2,stream_blind_required,4,,Acute AP-1 degradation to separate initiation from maintenance (the 'bulk vs. surface' test),"Use degron-tagged (dTAG/AID) JUN/FOS or dominant-negative A-FOS to remove AP-1 either during the first stimulus or only after the memory is established. If depleting during priming abolishes later re-response but depleting afterward doesn't, AP-1 is needed to write the memory; if later depletion also erases it, AP-1 maintains it.",,surface
stream_blind_required_4_3,stream_blind_required,4,,Single-cell prime-and-rechallenge with lineage tracing,"Prime cells, let them divide, and perform single-cell multiome (RNA + ATAC) with barcoded lineage tracking to see whether sister cells share AP-1 motif accessibility and response magnitude to a second challenge. Heritable clonal concordance of response, correlated with AP-1 occupancy, demonstrates mitotically stable memory rather than transient signaling.",,rather
stream_blind_required_4_4,stream_blind_required,4,,Targeted enhancer perturbation and sufficiency test,"Use CRISPRi/dCas9 or motif mutation to silence or edit AP-1 binding sites at candidate memory enhancers, and conversely tether AP-1 (dCas9-FOS/JUN) to naive loci. Measure whether the edits eliminate or create faster re-induction of the nearby gene, testing necessity and sufficiency of AP-1 binding for locus-specific memory.",,
stream_blind_required_5_0,stream_blind_required,5,,Hysteresis loop test (catenary/expansion-joint analogy),"Stimulate cells with a graded dose series of a stimulus (e.g., TPA, TNF, or growth factor), then withdraw it, and measure AP-1 (FOS/JUN) binding, chromatin accessibility (ATAC-seq) and target gene expression on the rising and falling arms. If AP-1 encodes memory, accessibility and expression should depend on stimulus history (hysteresis), as a bridge's length depends on the thermal cycle, and should not just follow the current input.",,bridge;catenary;expansion;joint
stream_blind_required_5_1,stream_blind_required,5,,Acute AP-1 degradation after the stimulus (breaking step),"After a priming stimulus, use a degron (dTAG/AID) or dominant-negative A-FOS to remove AP-1 at different times, either during priming or after it has ended. Then re-stimulate and compare the secondary response. This separates AP-1 as the initiator of memory from AP-1 as the maintainer of it, and shows whether the memory state persists without continuous AP-1 occupancy.",,
stream_blind_required_5_2,stream_blind_required,5,,Single-cell multiome tracking of synchrony and heritability,"Combine live-cell AP-1 reporters or FOS/JUN imaging with lineage tracing across cell divisions, and with single-cell RNA plus ATAC. This tests whether primed cells pass on their state to daughter cells and whether neighboring cells synchronize through paracrine signals, as walkers on the Millennium Bridge did. It also shows whether memory is a bimodal cell-intrinsic state or a population average.",,bridge;millennium;walkers
stream_blind_required_5_3,stream_blind_required,5,,Pioneer-like footprinting and epigenetic coupling,"Do time-course CUT&RUN or ChIP-seq for AP-1 subunits, H3K27ac, H3K4me1 and BAF/SWI-SNF components, and measure nucleosome occupancy with ATAC footprinting at newly opened enhancers. Check whether the enhancers stay open and marked after AP-1 leaves, and whether motif mutation by CRISPR base editing removes the memory at that site only. This is like asking whether the structure keeps its new shape after the load has gone.",,
stream_blind_required_5_4,stream_blind_required,5,,Feedback-loop modeling and perturbation (flutter-like self-feeding),"Build a dynamical model of AP-1 positive feedback, in which FOS/JUN transcription drives further AP-1 activity through autoregulation and signaling loops. Fit it to time-resolved data on protein levels and phosphorylation (JNK/ERK). Then test its predictions of bistability and of a critical stimulus threshold by perturbing feedback nodes optogenetically or with inhibitors, to see if memory persists as a self-sustaining state.",,feeding;flutter
stream_blind_required_6_0,stream_blind_required,6,,Fresnel-style minimal-core reduction: which AP-1 features carry the memory?,"Like a Fresnel lens keeps only the surface curvature that bends light, strip AP-1 down to its minimal functional elements by using domain-specific mutants of FOS/JUN (DNA-binding, dimerization, and pioneer-like or chromatin-remodeler recruitment domains). Then test which element is required for a stimulus-induced chromatin accessibility state to persist after the stimulus is removed, measured by ATAC-seq and H3K27ac CUT&Tag over several cell divisions.",,curvature;fresnel;surface
stream_blind_required_6_1,stream_blind_required,6,,Stimulus-withdrawal persistence time course with acute AP-1 degradation,"Stimulate cells (e.g., with TPA, wounding signals, or inflammatory cues), then withdraw the stimulus. Use degron tags (dTAG/AID) to remove AP-1 factors at different times: during priming only, after washout only, or both. Track enhancer accessibility, AP-1 occupancy (CUT&RUN), and target gene re-inducibility to separate AP-1 as an initiator from AP-1 as a maintainer of the memory.",,
stream_blind_required_6_2,stream_blind_required,6,,Lighthouse-signature dynamics: pulse-pattern encoding of memory,"Lighthouses identify themselves by flash timing, so deliver identical total stimulus doses with different on/off patterns (e.g., 2 h on, 6 h off versus continuous). Do this using optogenetic or chemically inducible FOS/JUN, and read out with live-cell AP-1 reporters and single-cell RNA-seq or ATAC-seq. This tests whether AP-1 dynamics, not just level, determine whether a durable memory is written and how strongly secondary stimulation is primed.",,flash;lighthouses;signature
stream_blind_required_6_3,stream_blind_required,6,,Single-cell lineage-tracked memory inheritance,"Mark cells with a live AP-1 reporter or endogenous tagged FOS/JUN and a heritable barcode. After transient stimulation, follow sister cells through division and test whether the AP-1 state and accessible chromatin are shared more between sisters than between random cells. Then compare the response of memory-positive and memory-negative sister lineages to restimulation, and use the results to model mitotic bookmarking and inheritance.",,
stream_blind_required_6_4,stream_blind_required,6,,Targeted write/erase of AP-1 sites at specific enhancers,"Use dCas9-based recruitment, or deletion/mutation of AP-1 motifs, at candidate memory enhancers (for example, those near genes with faster second responses). Test whether adding AP-1 sites is sufficient to create a primed, faster-responding state, and whether removing them abolishes it, without altering the global stimulus. Measure local accessibility, histone marks, nascent transcription (PRO-seq), and kinetics of the secondary response to establish site-specific causality.",,
stream_blind_required_7_0,stream_blind_required,7,,Fresnel-style minimal-sufficient chromatin footprint,"Like a Fresnel lens keeping only the surfaces that bend light, identify which AP-1 binding sites and accessible enhancers are the minimal 'functional' elements retaining memory. Do ATAC-seq/CUT&RUN for FOS/JUN after a transient stimulus and after washout, then use CRISPR deletion or dCas9-KRAB on the persistently accessible sites to test which are necessary for a heightened secondary response.",,fresnel;surfaces
stream_blind_required_7_1,stream_blind_required,7,,Prime-rest-restimulate time course with AP-1 perturbation,"Stimulate cells (e.g. macrophages or fibroblasts) once, rest them for days, then restimulate and measure transcriptional output by RNA-seq and nascent RNA. Compare primed with naive cells under dominant-negative AP-1 (A-FOS) or degron-mediated acute JUN/FOS depletion applied only during priming versus only during restimulation, to separate AP-1 as the writer of memory from AP-1 as the reader.",,
stream_blind_required_7_2,stream_blind_required,7,,Flash-signature dynamics: live single-cell AP-1 reporters,"Lighthouse flash patterns encode identity through rhythm, so test whether AP-1 activity dynamics (pulse number, duration, frequency) encode and store history. Use live-cell FOS/JUN knock-in fluorescent reporters with optogenetic or pulsed stimulation of defined patterns, then relate pulse history to later response and to chromatin state in the same cells.",,flash;lighthouse
stream_blind_required_7_3,stream_blind_required,7,,Bistability and hysteresis test of the AP-1 positive-feedback loop,"A rotating lens on a mercury bath holds its state through low friction, so test whether AP-1 holds its state through self-reinforcement. Titrate stimulus up and then down and measure single-cell JUN/FOS levels by flow or imaging. A history-dependent, bimodal response (hysteresis) would show a self-sustaining state, and mathematical modeling plus feedback-loop disruption, such as mutating AP-1 sites in the JUN promoter, would test the mechanism.",,friction;mercury;rotating
stream_blind_required_7_4,stream_blind_required,7,,Persistence and inheritance across cell division with epigenetic readouts,"Test whether memory outlasts the signal and is passed through mitosis by tracking sorted primed cells and their daughters over several divisions. Measure AP-1 occupancy, H3K27ac, and BAF/SWI-SNF recruitment, and compare against the half-life of AP-1 proteins and mRNAs. Persistent accessibility without AP-1 would point to AP-1 as a trigger for chromatin-based memory, while loss of memory when AP-1 is removed would point to AP-1 itself as the carrier.",,without
stream_seeded_required_0_0,stream_seeded_required,0,,Acoustic-style single-event monitoring of AP-1 binding dynamics,"Use live-cell single-molecule tracking or CUT&Tag time courses to detect individual FOS/JUN binding and dwell events at specific enhancers after a transient stimulus (like listening for single wire breaks). Test whether residence times and occupancy at 'memory' sites stay altered days after the stimulus ends, compared with naive cells.",,acoustic;monitoring
stream_seeded_required_0_1,stream_seeded_required,0,,Pluck-and-tension test: perturbation response probing of latent AP-1 state,"Measure how cells respond to a small standardized re-stimulation (the 'pluck') at various times after a priming stimulus, reading out AP-1 target transcription, chromatin accessibility (ATAC-seq) and FOS/JUN levels. A faster or stronger response (frequency shifts indicating hidden load) in primed cells, which depends on AP-1 sites, would show a stored state not visible at baseline.",,pluck;small;tension
stream_seeded_required_0_2,stream_seeded_required,0,,Pry-open the bundle: acute AP-1 degradation after priming,"Prime cells, then use degron (dTAG/AID) or dominant-negative A-FOS to remove AP-1 at different times: during priming, during the memory interval, or only at re-challenge. Compare which windows abolish the enhanced secondary response and persistent accessibility, separating AP-1 as initiator versus maintainer of memory.",,bundle
stream_seeded_required_0_3,stream_seeded_required,0,,Strand-by-strand motif mutagenesis and single-cell heterogeneity,"Use CRISPR editing or base editing of individual AP-1 motifs at candidate memory enhancers, plus single-cell multiome (RNA and ATAC) to resolve which 'strands' carry the memory. Test whether memory is lost per-site and whether cell-to-cell heterogeneity of retained accessibility predicts the strength of the later response and its inheritance through divisions.",,strands
stream_seeded_required_0_4,stream_seeded_required,0,,Inspect the hidden crack: lineage tracing of memory through cell divisions,"Track primed cells and their daughters by live imaging with AP-1 reporters or barcoded lineages, and check whether elevated accessibility and reporter state persist across several generations without ongoing stimulus. Pair this with measurements of histone marks (H3K27ac, H3K4me1) and DNA methylation at AP-1 sites to find the mechanism that maintains the state, and compare with cells where division is blocked.",,crack
stream_seeded_required_1_0,stream_seeded_required,1,,Tablebase-style exhaustive history mapping of AP-1 states,"Like a tablebase that solves every position, systematically expose cells to a grid of stimulus histories (dose, duration, order of e.g. TNF, EGF, or TPA pulses). Measure the resulting AP-1 (FOS/JUN family) occupancy by CUT&RUN and chromatin accessibility by ATAC-seq, then test whether the final state depends on the path taken, which would indicate memory.",,position
stream_seeded_required_1_1,stream_seeded_required,1,,Zugzwang test: does AP-1 memory require active maintenance?,"After a priming stimulus and a rest period, withdraw AP-1 acutely, using a degron on FOS/JUN or dominant-negative A-FOS, and see whether the primed enhancers lose accessibility and the faster secondary transcription. If memory is lost only when AP-1 is removed during the rest period, it is actively maintained. If it persists, the memory is passive and held by other factors.",,zugzwang
stream_seeded_required_1_2,stream_seeded_required,1,,Opposition-style paired-state live imaging,"Build a live-cell reporter of AP-1 activity, for example an AP-1 response element driving a fluorescent protein together with a tagged JUN. Follow single cells through prime, rest and restimulation, and compare the response of primed and naive cells side by side. Measure how long the difference lasts and whether it is inherited by daughter cells, to separate true memory from a transient hold.",,opposition
stream_seeded_required_1_3,stream_seeded_required,1,,Pawn-promotion test: sufficiency by ectopic AP-1 priming,"Use optogenetic or inducible AP-1 (e.g. dox-inducible c-Jun/FOS) to give a transient pulse in naive cells in place of the natural stimulus. Test whether the pulse alone converts enhancers to a persistent accessible state with H3K27ac and H3K4me1, and enhances later gene induction. Compare this with a mutant lacking its DNA-binding or transactivation domain.",,
stream_seeded_required_1_4,stream_seeded_required,1,,Single-cell multiome with perturbation of AP-1 motifs,"Perform paired scRNA and scATAC on primed and unprimed cells, using CRISPR deletion or mutation of specific AP-1 motifs at memory-associated enhancers. Test whether motif accessibility and chromatin-state heterogeneity predict each cell's secondary response. Also test whether recruitment of SWI/SNF (BAF) or pioneer factors depends on those motifs, which would show a mechanism and not just a correlation.",,
stream_seeded_required_2_0,stream_seeded_required,2,,Headway-style spacing of stimulus pulses,"Deliver repeated stimuli (e.g., TNF, wounding cues, or optogenetic c-Jun/Fos) at varied intervals, like train headways, and measure whether chromatin accessibility (ATAC-seq) and target gene output at AP-1 sites on later pulses depend on interval. A memory-like mechanism predicts a minimum recovery interval and a persistence window, while a transient transcription factor does not.",,headway;recovery;train
stream_seeded_required_2_1,stream_seeded_required,2,,Time-resolved AP-1 occupancy and accessibility after stimulus withdrawal,"After a priming stimulus, track AP-1 (FOS/JUN) binding by CUT&RUN, ATAC-seq and H3K27ac at multiple time points over days to weeks, long after AP-1 activity returns to baseline. Persistent open enhancers at AP-1 motifs, without sustained AP-1 binding, would indicate AP-1 set a durable epigenetic state, like a standardized clock that outlasts the signal.",,
stream_seeded_required_2_2,stream_seeded_required,2,,Acute degradation of AP-1 during priming versus recall,"Use degron tags (dTAG/AID) on c-Jun/FOS or dominant-negative A-FOS to remove AP-1 only during the priming phase, only during the recall (second stimulus) phase, or both. If memory requires AP-1 only at priming but not at recall, it acts as a writer. If it is needed at recall too, it acts as a reader or maintainer.",,
stream_seeded_required_2_3,stream_seeded_required,2,,Single-cell lineage-tracked memory readout,"Combine live-cell AP-1 reporters or FOS/JUN imaging with barcoded lineage tracing and single-cell multiome (RNA and ATAC). Test whether sister cells share primed accessibility and faster re-induction, which would show heritable memory through division, as opposed to a population-level transient response.",,
stream_seeded_required_2_4,stream_seeded_required,2,,Motif perturbation and epigenome editing at memory enhancers,"Use CRISPR base editing to mutate AP-1 motifs at primed enhancers, and dCas9 tools to add or remove marks like H3K27ac or DNA demethylation, then measure the recall response. Loss of faster re-induction after motif mutation, with rescue by forced opening, would show causal sufficiency and necessity. Chromatin remodelers such as BAF could be tested as the maintenance link.",,
stream_seeded_required_3_0,stream_seeded_required,3,,Bistable switch test via hysteresis (Kresling analogy),"Like a Kresling cylinder snapping between stable states, test whether AP-1 activity is bistable: expose cells to graded stimulus (e.g., TPA, serum, or inducible c-Fos/c-Jun) up and then down, and measure single-cell AP-1 reporter output and target genes. Hysteresis, bimodal distributions, and persistence of the high state after stimulus removal at identical doses would indicate a self-sustaining memory state; perturbing positive feedback (c-Jun autoregulation) should abolish it.",,kresling;switch
stream_seeded_required_3_1,stream_seeded_required,3,,Chromatin accessibility memory of AP-1 sites (crease persistence),"A fold leaves a crease that persists after the force is gone; test whether transient AP-1 activation leaves lasting accessible chromatin. Do ATAC-seq/CUT&RUN for AP-1 factors, H3K27ac and pioneer-like remodeler (BAF) occupancy at time points after stimulus washout across many cell divisions, and compare motif-defined AP-1 sites with other sites for retained accessibility and faster re-induction on restimulation.",,crease
stream_seeded_required_3_2,stream_seeded_required,3,,Acute degron removal after priming (one-degree-of-freedom control),"Use an auxin- or dTAG-degradable AP-1 subunit (c-Jun/FOS/FOSL) to deplete AP-1 at defined times: during priming, during the memory interval, or only at restimulation. If memory requires AP-1 presence in the interval, depletion then erases the faster secondary response. If only priming needs it, AP-1 acts as an initiator whose crease persists without it, separating initiation from maintenance by RNA-seq and nascent transcription (PRO-seq).",,crease;degree;freedom
stream_seeded_required_3_3,stream_seeded_required,3,,Dynamic encoding with optogenetic pulses and live reporters,"Drive AP-1 with optogenetic or chemically timed pulses of varying duration, frequency, and number while imaging a live AP-1 reporter and a target gene (e.g., MS2 or fluorescent knock-in). Fit models comparing response to naive versus pre-pulsed cells, to quantify memory duration, dependence on pulse history, and whether cells integrate past inputs like a mechanical system with state.",,
stream_seeded_required_3_4,stream_seeded_required,3,,Lineage-resolved single-cell multiome with memory-site mutagenesis,Combine single-cell multiome (RNA + ATAC) or barcoded lineage tracing on primed versus naive cells to test whether AP-1 motif accessibility and target expression are inherited by sister cells beyond cell division. Then use CRISPR to mutate or dCas9-block specific AP-1 motifs at candidate memory enhancers (like altering a single hinge) and test whether that selectively removes the primed response while leaving other enhancers intact.,,
stream_seeded_required_4_0,stream_seeded_required,4,,Fresnel-style decomposition of AP-1 occupancy into 'rings' by dimer composition,"Like a Fresnel lens splitting one thick slab into concentric prisms that together do the same job, split AP-1 into its component Fos/Jun family dimers using CUT&RUN or ChIP-seq for each member before, during and after a transient stimulus (e.g., TPA or injury). Test which dimers persist at enhancers after the stimulus is gone and whether persistence predicts faster or stronger re-induction of target genes.",,concentric;fresnel;prisms;rings;thick
stream_seeded_required_4_1,stream_seeded_required,4,,Stimulus–washout–restimulation with chromatin accessibility readout,"Give cells a defined pulse of signal, wash it out for varying intervals, then restimulate, and measure ATAC-seq, H3K27ac and nascent transcription (PRO-seq) at AP-1 motif sites. If AP-1 acts as memory, accessibility and the transcriptional response to the second pulse should depend on the first pulse and decay with a measurable half-life.",,
stream_seeded_required_4_2,stream_seeded_required,4,,Acute degradation of AP-1 at different memory phases,"Use degron-tagged (dTAG/AID) c-Jun or Fos to remove AP-1 either during the priming stimulus only or during the memory (maintenance) interval only. If AP-1 is needed to establish but not to maintain the memory, enhancers should stay open after removal. If it is needed for both, accessibility and re-induction should be lost, which separates initiation from maintenance.",,
stream_seeded_required_4_3,stream_seeded_required,4,,Single-cell live imaging of AP-1 activity with lineage tracking,"Image an AP-1 reporter and endogenously tagged Fos/Jun in single cells and follow their progeny after a transient stimulus. Test whether reporter state is inherited across divisions, how long it persists, and whether sister cells stay correlated, as a heritable mechanism would predict and as noisy transient signaling would not.",,
stream_seeded_required_4_4,stream_seeded_required,4,,Targeted perturbation of AP-1 motifs and chromatin state at individual enhancers,"Mutate AP-1 motifs by CRISPR base editing, or recruit dCas9-based writers or erasers (p300, KRAB) to selected enhancers, then compare the primed-state response of edited and unedited alleles in the same cell. This shows whether the motif and the chromatin state it leaves behind are causal for memory, and whether the memory acts in cis on one allele.",,
stream_seeded_required_5_0,stream_seeded_required,5,,Read-back test: AP-1 binding persistence after stimulus withdrawal,"Stimulate cells (e.g., macrophages or fibroblasts with TNF/TGF-β/LPS), withdraw the signal, and track AP-1 (FOS/JUN) occupancy by CUT&RUN and chromatin accessibility by ATAC-seq over days to weeks. Like pilots reading back a clearance to confirm it was received, this asks whether the AP-1 footprint is faithfully repeated at the same enhancers after the signal is gone and persists through cell divisions.",,clearance;pilots
stream_seeded_required_5_1,stream_seeded_required,5,,Odd/even lane test: acute AP-1 degradation at defined timepoints,"Use degron-tagged (dTAG/AID) c-JUN/FOS or dominant-negative A-FOS to remove AP-1 either during the priming window or after the memory is established. If memory is stored by AP-1, removal during priming should block enhancer accessibility and faster secondary responses, while removal later should erase the memory. Measure the secondary transcriptional response by RNA-seq to separate AP-1's role in writing the memory from its role in maintaining it.",,writing
stream_seeded_required_5_2,stream_seeded_required,5,,Handoff test: pioneer activity and chromatin-state succession,"Profile H3K27ac, H3K4me1, and nucleosome remodeling (BAF/SWI-SNF, p300) at AP-1 sites over time to check whether AP-1 hands the site off to other factors or to epigenetic marks that then persist without AP-1. Combine with ChIP/CUT&RUN for co-factors and a time-resolved AP-1 depletion to see whether the mark outlasts AP-1 itself, which would indicate that AP-1 initiates memory but does not store it.",,handoff
stream_seeded_required_5_3,stream_seeded_required,5,,Single-cell and lineage-tracing of memory inheritance,"Use single-cell multiome (RNA + ATAC) with barcoded lineages or sister-cell pair live imaging with an AP-1 reporter (e.g., a FOS/JUN-driven reporter) to test whether the memory state and AP-1 activity are inherited across divisions, and whether they are correlated within clones. Compare the heritability of the response with the stability of the response in unrelated cells to separate true cellular memory from persistent signaling.",,
stream_seeded_required_5_4,stream_seeded_required,5,,Sufficiency and site-specificity: motif editing and synthetic AP-1 recruitment,"Use CRISPR base editing to mutate AP-1 motifs at a few memory-associated enhancers, and conversely use dCas9-based recruitment of JUN/FOS to a naive locus. Then ask whether a transient pulse at the locus alone creates durable accessibility and a stronger re-response. This tests the necessity and sufficiency of AP-1 binding for memory at specific loci, as opposed to global signaling effects.",,
stream_seeded_required_6_0,stream_seeded_required,6,,Hysteresis test via transient stimulus and long washout,"Expose cells to a brief, defined stimulus (e.g., TPA, serum, or a cytokine pulse) that induces FOS/JUN, then track AP-1 binding (CUT&RUN), chromatin accessibility (ATAC-seq) and target gene expression for days to weeks after washout. Like a glacier that keeps flowing after the meltwater input changes, persistence of accessibility and transcription after AP-1 levels return to baseline would indicate memory, and a dose-response across pulse strengths would reveal hysteresis.",,meltwater
stream_seeded_required_6_1,stream_seeded_required,6,,Time-gated AP-1 degradation to separate initiation from maintenance,"Use degron-tagged (dTAG/AID) FOS/JUN or a dominant-negative A-FOS, removing AP-1 at different times: before, during, or after the priming stimulus. If the primed state survives AP-1 removal after the establishment window, AP-1 is only an initiator; if it collapses, AP-1 is needed to maintain the state, as a continually running engine rather than a stored record. Readouts are ATAC-seq, H3K27ac and re-stimulation response.",,
stream_seeded_required_6_2,stream_seeded_required,6,,Single-cell live reporter imaging with lineage tracking,"Image endogenous AP-1 activity (knock-in FOS/JUN fluorescent tags plus an AP-1 transcriptional reporter) in single cells across stimulation, rest, and re-stimulation, tracking daughter cells through divisions. Quantifying whether past activity history predicts later response amplitude and whether the state is heritable through mitosis, with heterogeneity measured per cell and not averaged, would show memory as a cell-intrinsic, bistable property.",,
stream_seeded_required_6_3,stream_seeded_required,6,,Motif-mutation and pioneer-like function at memory loci,"Use CRISPR base editing or enhancer deletion to mutate AP-1 motifs at enhancers that stay open after stimulation, then test if they still gain and retain accessibility, H3K4me1/H3K27ac, and faster re-induction. Pair with Micro-C or ChIP for BAF/chromatin remodelers to see whether AP-1 recruits remodelers that leave a lasting mark, like cryoconite pellets that melt their own hollows and leave them behind.",,cryoconite;pellets;still
stream_seeded_required_6_4,stream_seeded_required,6,,"Memory-dependent response to second stimulus across contexts, with modeling","Compare primed and naive cells (e.g., in vitro and in vivo, such as inflamed vs. naive skin or epithelial stem cells) for the response to a second stimulus using RNA-seq, ATAC-seq, and footprinting, then fit a mathematical model (positive feedback, chromatin-state variables) to the data. Perturbing predicted feedback components, such as AP-1 autoregulation or histone modifiers, tests if the model explains the persistence and distinguishes AP-1-driven memory from other mechanisms.",,
stream_seeded_required_7_0,stream_seeded_required,7,,Two-bearing triangulation of AP-1 occupancy and chromatin state,"Like two towers' bearings crossing at a fire, intersect two independent readouts at the same loci after a transient stimulus (e.g., TPA, TNF, or injury): AP-1 (FOS/JUN) ChIP/CUT&RUN occupancy and ATAC-seq accessibility or H3K27ac. Loci where both persist long after the stimulus ends, and AP-1 motif-containing sites are the only overlap, are candidate memory sites.",,bearings;crossing;towers;triangulation
stream_seeded_required_7_1,stream_seeded_required,7,,Acute AP-1 degradation after the stimulus has ended (necessity test for maintenance),"Prime cells, wash out the stimulus, and after a rest period add a dTAG/AID degron or dominant-negative (A-FOS) to remove AP-1 only during the memory phase. Compare accessibility and the faster secondary response on restimulation to controls; loss of memory when AP-1 is removed after induction shows AP-1 is required to maintain it, not only to establish it.",,
stream_seeded_required_7_2,stream_seeded_required,7,,Sufficiency by optogenetic or chemogenetic AP-1 pulses,"Drive FOS/JUN activity with a light- or drug-inducible system in naive cells using pulses of different duration and frequency, then measure persistent chromatin opening and altered transcriptional responses to a later unrelated stimulus. This tests whether AP-1 activity alone can write a lasting state and how its dynamics encode dose or history.",,
stream_seeded_required_7_3,stream_seeded_required,7,,Single-cell lineage-tracked memory persistence and heritability,"Use live reporters of AP-1 activity (e.g., FOS-GFP) with time-lapse imaging or barcoded lineages plus scRNA/scATAC to track whether primed state passes through cell divisions and how many generations it lasts. Like the lookout's logbook, this gives a time-stamped record per cell, showing whether the state is bistable or heritable versus a decaying signal.",,logbook
stream_seeded_required_7_4,stream_seeded_required,7,,Pioneer-like activity and cofactor dependence at primed enhancers,"Mutate or CRISPR-delete AP-1 motifs at specific primed enhancers, and use CUT&Tag, BAF/SWI-SNF inhibition, and Micro-C to test whether AP-1 recruits remodelers and holds loops open. Reporter assays for memory (faster reinduction of the linked gene) will show whether site-specific AP-1 binding is causal, versus alternatives like other TFs or DNA methylation.",,
stream_parallel_required_0_0,stream_parallel_required,0,,First-order reversal curves for AP-1 target loci,"Drive cells with a ramp of AP-1 input (optogenetic or inducible c-Fos/c-Jun, or a defined stimulus dose), reverse at varied peak levels, then sweep back up. Measure single-cell reporter output (AP-1 activity, chromatin accessibility at target enhancers) to build a Preisach-like map of per-locus up and down thresholds, which tests whether hysteresis and bistable switching exist rather than simple graded responses.",,curves;order;preisach;reversal;sweep;thresholds
stream_parallel_required_0_1,stream_parallel_required,0,,Return-point and wiping memory test with nested stimulus histories,"Apply stimulus sequences with nested maxima and minima, such as a small excursion inside a larger one, and then readout. Test whether the final chromatin or transcriptional state depends on the ordering of extreme amplitudes, not on timing, and whether larger excursions erase the imprint of smaller ones. Return-point memory would support a history-encoding mechanism rather than a transient signal.",,amplitudes;excursions;larger;maxima;nested;ordering;point;return;smaller;timing;wiping
stream_parallel_required_0_2,stream_parallel_required,0,,Decay kinetics of the remembered state (viscosity analysis),"After a transient AP-1 pulse, measure accessibility, H3K27ac, and target expression over hours to weeks, with and without cell division. Fit log-time versus exponential decay, and use perturbations such as proliferation arrest, temperature, or BET/HDAC inhibitors to distinguish stable self-sustaining memory from slow forgetting (passive dilution or residual signalling).",,forgetting;temperature;viscosity
stream_parallel_required_0_3,stream_parallel_required,0,,Stepwise erasure and reprogramming by AP-1 dominant-negative and degron perturbations,"At staged times after the priming stimulus, acutely remove AP-1 (A-Fos dominant negative, dTAG/auxin degron on c-Jun/FOSL) and track ATAC-seq, CUT&RUN and RNA output. If the memory persists after AP-1 loss it is stored elsewhere; if it is lost it needs continuous AP-1. Like stepwise thermal demagnetization, this peels away layers by priming time and tests whether AP-1 is the carrier or only the writer.",,stepwise;thermal
stream_parallel_required_0_4,stream_parallel_required,0,,Re-stimulation response test (Thellier-style comparison),"Prime cells in a known stimulus, rest, then re-challenge with a standard test dose and compare it with naive cells. Measure faster or larger induction, AP-1 binding (CUT&RUN) and accessibility at primed sites, and whether the effect scales with prior dose. Using matched naive controls and different priming doses allows the memory 'signal' to be calibrated and separated from later overprints, such as secondary signalling.",,known;larger;overprints;thellier
stream_parallel_required_1_0,stream_parallel_required,1,,Hysteresis loop of AP-1 dose-response,"Ramp a stimulus (e.g., optogenetic or PMA/ERK input driving FOS/JUN) up and then down in single cells, and measure AP-1 activity and target-gene output (live reporters, chromatin accessibility) to see if the descending branch differs from the ascending one. A gap that persists after long waits, and decays logarithmically rather than exponentially, would indicate stable memory with many barriers rather than slow relaxation.",,barriers;logarithmically;relaxation
stream_parallel_required_1_1,stream_parallel_required,1,,Remanence decay and erasure by decaying pulses,"After a transient stimulus, track AP-1 binding (CUT&RUN for FOS/JUN), accessibility (ATAC-seq) and target expression over days to weeks to get the decay kinetics. Then try to erase the memory with a shrinking-amplitude oscillating stimulus (analogous to AC demagnetization) or by acute degron removal of AP-1, to test whether AP-1 is needed for maintenance rather than only for initiation.",,decay;remanence;shrinking
stream_parallel_required_1_2,stream_parallel_required,1,,First-order reversal curve census of AP-1 sites,"Apply stimulus histories with different peak and reversal levels, then read out accessibility or reporter activity at individual AP-1 enhancers. Fit a Preisach-style model with two thresholds per site to get the distribution of switching thresholds, and test return-point memory: cycle partway, return, and check whether the state is retraced exactly. This shows whether memory lives in independent enhancer switches or in their coupling.",,census;coupling;cycle;distribution;exactly;order;partway;point;preisach;return;reversal;switches;switching;thresholds
stream_parallel_required_1_3,stream_parallel_required,1,,Stepwise peeling of layered memory by order-of-exposure experiments,"Expose cells to sequential stimuli (e.g., wounding, then inflammation, then a third signal) in different orders. Use time-resolved ATAC/CUT&Tag to see whether later AP-1 events overwrite or add to earlier accessible sites, and use stepwise degron depletion to peel back the layers. This tells you whether the memory is hierarchical and which earlier imprints a later stimulus can overwrite.",,layers;order;overwrite
stream_parallel_required_1_4,stream_parallel_required,1,,Switch versus coupling test via perturbation of cooperativity,"Separate the contribution of individual AP-1 motifs from that of the surrounding network (positive feedback of FOS/JUN on its own promoters, pioneer cooperation with partner factors like ETS or the SWI/SNF complex). Mutate motifs at single enhancers by CRISPR, and block feedback loops or chromatin remodelers, then measure single-cell bistability and the persistence of the primed state. If memory is lost when coupling is cut but not when motifs are retained, it is a network property rather than a property of the individual sites.",,coupling
stream_parallel_required_2_0,stream_parallel_required,2,,Sweep-rate and relaxation controls for AP-1 hysteresis,"Stimulate cells with graded, ramped doses of a signal (e.g., TPA, EGF, or anisomycin) up and down at several sweep rates, then read out AP-1 activity (FOS/JUN levels, a reporter, ATAC accessibility at AP-1 motifs). If loop width shrinks as the sweep slows, the apparent memory is just slow relaxation. If it persists at slow rates, it reflects a bistable or stored state. Add the same sweep to a JUN/FOS degradation-rate mutant to separate sluggish kinetics from true retention.",,sweep;width
stream_parallel_required_2_1,stream_parallel_required,2,,First-order reversal curve mapping of single-cell AP-1 thresholds,"Drive cells partway up the dose axis, reverse, and repeat from many reversal points. Use live single-cell AP-1 reporters or multiplexed imaging to build a Preisach-like distribution of up- and down-switching thresholds across cells. A population of bistable cells with distinct thresholds would support a memory made of many two-state units, while a unimodal graded response would argue against it.",,curve;order;partway;preisach;reversal;units
stream_parallel_required_2_2,stream_parallel_required,2,,Return-point and erasure tests with decaying-oscillation stimulation,"Give a pulse history with a defined peak, wiggle the stimulus inside that peak, and check whether AP-1 target gene output and chromatin state remember only the maximum, as in return-point memory. Test erasure by applying a slowly decaying oscillating stimulus or an inhibitor wash-out (e.g., a dominant-negative FOS such as A-FOS), and measure how much stimulus is needed to wipe the record. Compare the dose needed to erase with the dose needed to write.",,erasure;inside;point;record;remember;return;slowly
stream_parallel_required_2_3,stream_parallel_required,2,,"Locating the pinning sites: AP-1 binding, chromatin, and mutation at the enhancer level","Map where memory is stored using CUT&RUN or ChIP for FOS/JUN, ATAC-seq, and histone marks (H3K27ac, H3K4me1) at sites before, during, and after the stimulus. Then use CRISPR to mutate individual AP-1 motifs or degrade AP-1 with a degron after the stimulus, and ask whether enhancer accessibility and the response to a second stimulus persist without AP-1. This distinguishes memory held in AP-1 itself, in feedback loops, or in chromatin sites that AP-1 only opened (like defects holding domain walls).",,defects;domain;pinning;walls
stream_parallel_required_2_4,stream_parallel_required,2,,"Aging and pause-memory tests, with stability quantified","Vary the interval between the first and second stimulus (minutes to weeks) and the number of cell divisions between them, using single-cell tracking to see whether the second response is primed. Insert interruptions (e.g., a temporary signaling block mid-history) to see if cells recall them as dips in later response. Fit the decay to extract a retention half-life and an energy-barrier-like parameter, to say whether AP-1 memory lasts hours, days or generations.",,number;stability
stream_parallel_required_3_0,stream_parallel_required,3,,First-order reversal curve (FORC) stimulation protocols,"Drive cells to saturating AP-1 activation (e.g., high-dose TPA or serum/MAPK stimulation), withdraw to varied reversal levels, then re-stimulate, and read out chromatin accessibility (ATAC-seq) and target gene transcription at each step. Mapping which AP-1 sites and genes show path-dependent responses, with return-point memory versus simple relaxation, identifies a history-dependent hysteresis-like state and distinguishes it from the stimulus level alone.",,curve;distinguishes;order;point;relaxation;return;reversal
stream_parallel_required_3_1,stream_parallel_required,3,,Memory-and-rejuvenation pause experiments with decay-time series,"Give a stimulus, pause or wash out for different durations, then restimulate and compare the response with naive cells, tracking FOS/JUN levels, AP-1 occupancy (CUT&RUN) and enhancer accessibility over time. If the primed response persists long after AP-1 protein levels return to baseline, and the persistence is separable from slow relaxation (aging) by varying pause length and temperature, memory is more than a lingering transient.",,aging;pause;rejuvenation;relaxation;return;temperature
stream_parallel_required_3_2,stream_parallel_required,3,,"Single-cell live imaging of AP-1 dynamics, 'Barkhausen' style","Image endogenously tagged FOS/JUN reporters and an AP-1 transcriptional reporter in single cells across repeated stimulations, resolving discrete bursts and enhancer switching events. Analyze the distribution of switching thresholds across cells, and test whether cells show bistability, with a Preisach-like decomposition into independent two-state loci, each with its own on/off thresholds.",,barkhausen;preisach;thresholds
stream_parallel_required_3_3,stream_parallel_required,3,,Acute AP-1 degradation as an erasure/demagnetization test,"Use degron-tagged or dominant-negative (A-FOS) AP-1 at defined times: during priming, during the memory interval, or only at restimulation. Compare this with erasure controls such as a decaying oscillating stimulus (an AC-field analogue), and read out chromatin state and gene expression. If AP-1 is needed only to write the memory, not to maintain it, it is an initiator; if removal during the interval erases the memory, it is a maintainer.",,field
stream_parallel_required_3_4,stream_parallel_required,3,,Site-specific mutation and epigenetic readout of pioneer-like AP-1 sites,"Edit individual AP-1 motifs in memory-associated enhancers with CRISPR, or block them with dCas9, and measure whether priming-induced accessibility, H3K27ac, and enhanced re-induction are lost, using ATAC-seq, ChIP/CUT&Tag for histone marks and SWI/SNF (BAF), and nascent RNA. Combine with a chromatin-state perturbation, such as a BAF inhibitor, to test whether the stored thing is a self-sustaining chromatin state or only slow relaxation of AP-1 itself.",,relaxation;stored;thing
stream_parallel_required_4_0,stream_parallel_required,4,,Rate-independent hysteresis of AP-1 target output,"Ramp a stimulus (e.g., optogenetic or chemically induced ERK/JNK activation, or serum) up and down at progressively slower rates, and measure c-Fos/c-Jun levels, chromatin accessibility and target-gene transcription in single cells. A loop that persists in the quasi-static limit shows true rate-independent memory rather than kinetic lag from slow protein or mRNA turnover, and a lag-only model can be fitted and rejected.",,limit;quasi;slower;static
stream_parallel_required_4_1,stream_parallel_required,4,,Return-point memory via nested minor-loop stimulation,"Drive cells with nested sequences of stimulus amplitudes (up to A1, down to B1, up to A2<A1, and so on) and read out AP-1 occupancy and reporter activity at each turning point. If the system keeps nested bookmarks of earlier extrema, and a larger excursion erases the smaller ones, that supports a Preisach-like population of AP-1 sites with distinct thresholds, as opposed to one global state variable.",,bookmarks;keeps;minor;nested;point;preisach;return;turning
stream_parallel_required_4_2,stream_parallel_required,4,,Preisach-style decomposition of AP-1 enhancers from single-cell multiome data,"Use ATAC-seq, CUT&Tag for FOS/JUN and RNA-seq after stimulation at graded doses and durations to estimate each enhancer's on and off thresholds, then test whether the whole-population response is reproduced by a distribution of independent bistable switches. Sites that open at a high threshold and close only at a much lower one are the memory elements, and a model built from these thresholds can be used to predict held-out stimulus histories.",,preisach;switches
stream_parallel_required_4_3,stream_parallel_required,4,,Training-and-readout of amplitude memory plus erasure tests,"Train cells with repeated pulses at a defined amplitude or frequency, rest them for varying times, and then probe with a test stimulus to see whether the response depends on the training amplitude, as in the Keim–Nagel protocol. Compare readout with a single probe versus repeated probes to test whether reading is destructive. Test erasure by AP-1 dominant-negative (A-FOS) expression, by cell division or by a pulse larger than the trained one. Also test whether the memory depends on pioneer-like remodeling by perturbing SWI/SNF or histone modifiers.",,destructive;nagel;reading;train
stream_parallel_required_4_4,stream_parallel_required,4,,Kovacs-like non-monotonic relaxation after a perturbation,"Apply a step change in stimulus or signaling, such as a transient JNK/ERK inhibitor or activator pulse, and track AP-1 activity and chromatin state as they relax. Compare the trajectories of two preparations that reach the same instantaneous AP-1 level through different histories. Different later relaxation, such as non-monotonic overshoot, shows the cell carries hidden state variables beyond the AP-1 level, for example chromatin accessibility or partner-factor composition. Perturbing these hidden variables can then separate a switch-like mechanism from a phase-like one.",,kovacs
stream_parallel_required_5_0,stream_parallel_required,5,,Stepwise 'demagnetization' of AP-1 chromatin memory,"After a transient stimulus (e.g., TNF, EGF, or TPA), progressively erase candidate memory carriers in graded steps: titrate dominant-negative FOS (A-FOS), degron-mediated depletion of FOS/JUN, then inhibitors of chromatin remodelers (BAF) or histone writers. Measure ATAC-seq accessibility and re-stimulation response after each step. A single straight-line decay to baseline implies one mechanism, while a kink implies stacked layers, for example a fast AP-1 protein-dependent component and a slow chromatin-based one.",,demagnetization;layers;stacked;stepwise;straight
stream_parallel_required_5_1,stream_parallel_required,5,,Dating the imprint: acute vs. persistent AP-1 occupancy time course,"Run CUT&RUN/ChIP for FOS/JUN family members, ATAC-seq, and H3K27ac at multiple times after stimulus withdrawal (hours to weeks). This separates sites where AP-1 itself persists, sites where accessibility persists after AP-1 is gone, and sites that fully revert. These sites correspond to 'viscous drift' versus a locked-in imprint, and the result dates each memory by its decay.",,drift;viscous
stream_parallel_required_5_2,stream_parallel_required,5,,FORC-style reversal-history mapping of response thresholds,"Subject cells to defined sequences of stimulus dose up and down (minor loops with varied reversal points), and read out single-cell AP-1 reporter activity and target gene transcription. Fit a Preisach-like model of independent bistable units, with each locus or cell having its own switching threshold, to test for hysteresis and return-point memory. Compare the distribution of thresholds with and without AP-1 perturbation to show whether AP-1 sets the hysteresis.",,distribution;point;preisach;return;reversal
stream_parallel_required_5_3,stream_parallel_required,5,,Aging and dwell-time dependence test,"Vary the time between the priming stimulus and the challenge, and also the duration of priming, in fibroblasts, keratinocytes, or macrophages. Measure whether the secondary response magnitude or kinetics depends on the interval (aging, as in spin glasses) and whether it scales with priming dose and duration. Pair this with live imaging of an AP-1 reporter and single-cell lineage tracking to see whether memory is inherited through division.",,aging;glasses
stream_parallel_required_5_4,stream_parallel_required,5,,Overwrite and conglomerate-style controls for causality,"Use optogenetic or inducible AP-1 pulses delivered before versus after a separate chromatin-altering event (e.g., differentiation signal or inflammatory challenge) to test whether the AP-1-dependent accessibility predates or follows it. Also compare AP-1 motif sites across cell clones given independent priming histories: shared sites suggest a deterministic imprint, whereas randomly oriented, clone-specific sites suggest the signal arose later. Complement with motif mutagenesis by CRISPR at selected enhancers to test necessity for the remembered response.",,conglomerate;overwrite;predates
stream_parallel_required_6_0,stream_parallel_required,6,,Rate-dependent hysteresis of AP-1 target accessibility,"Drive cells with a ramped up-and-down stimulus (e.g., optogenetic or PMA/ERK input controlling FOS/JUN) at several sweep rates, and measure ATAC-seq accessibility or reporter output of AP-1 target loci. Memory is the rate-independent loop area that persists as sweeps slow, which separates true bistable/epigenetic hysteresis from slow relaxation kinetics.",,relaxation;sweep
stream_parallel_required_6_1,stream_parallel_required,6,,First-order reversal curves of single-cell AP-1 thresholds,"Saturate AP-1 activity, reverse to varied intermediate input levels, then sweep up again while reading single-cell reporters of AP-1 targets. The resulting FORC map gives a census of up- and down-switching thresholds across cells or loci, testing whether the system is a set of bistable units with return-point memory.",,again;census;curves;order;point;return;reversal;saturate;sweep;switching;units
stream_parallel_required_6_2,stream_parallel_required,6,,Nested-history stack test (return-point memory),"Apply stimulus histories with nested peaks and reversals of different amplitudes, such as serial pulses of varying strength, then probe whether AP-1 binding and chromatin state recall only the extrema of the history and forget intermediate ones. Compare ChIP/CUT&RUN and transcriptional readouts across history orderings to show history-dependence beyond the current input.",,extrema;nested;point;return;stack
stream_parallel_required_6_3,stream_parallel_required,6,,Wipe and partial-erasure assays with AP-1 perturbation,"After priming, erase memory by decaying oscillations of input (analogous to AC demagnetization), dominant-negative AP-1 (A-Fos), or degron-mediated depletion, at different times. Measure how fully accessibility and primed transcriptional responses on re-stimulation are lost, and whether defects persist partially, to show whether AP-1 is required for maintenance, not only for establishment.",,defects
stream_parallel_required_6_4,stream_parallel_required,6,,Pinning-site analysis: pause-and-reheat memory and event noise,"Map AP-1 motif and bound sites that remain accessible after stimulus removal (pioneer-like 'defects'), and mutate them by CRISPR to see whether memory is lost locally. Additionally, record single-locus live imaging or nascent transcription bursts for discrete switching events, and use a pause-then-resume protocol to test whether a transient exposure leaves a latent, recoverable signature on reactivation.",,defects;pause;pinning;record;switching
stream_parallel_required_7_0,stream_parallel_required,7,,Long-timescale decay (viscosity) assay of AP-1 memory,"After a transient stimulus (e.g., TPA, EGF, or anisomycin) is removed, follow AP-1 (FOS/JUN) occupancy by CUT&RUN and chromatin accessibility by ATAC-seq, plus target transcription, over hours to weeks. Fit decay curves to separate true persistence from slow transients, as with magnetic viscosity, and test whether the 'forgetting clock' depends on dose, duration or cell division.",,clock;curves;forgetting;magnetic;viscosity
stream_parallel_required_7_1,stream_parallel_required,7,,FORC-style stimulus-history mapping,"Expose cells to a rise-then-reverse series of stimulus doses, varying the peak ('reversal') dose and the return dose, and read out single-cell AP-1 activity with a live reporter and downstream gene expression. The resulting 2D response map shows whether subpopulations act as hysteretic switches with distinct thresholds and biases, and whether the response depends on history beyond the current dose.",,return;reversal;style
stream_parallel_required_7_2,stream_parallel_required,7,,Return-point memory test with nested stimulus cycles,"Apply a major stimulus loop, then a minor sub-cycle inside it, and check whether accessibility at AP-1 sites and gene output return exactly to the state at the turning point. Compare this with a decaying-amplitude 'AC demagnetization' protocol, which would erase the memory if the ledger lives in AP-1-dependent chromatin states.",,cycle;exactly;inside;ledger;point;return;turning
stream_parallel_required_7_3,stream_parallel_required,7,,Domain-wall versus defect: separating AP-1 from the sites it marks,"Acutely degrade FOS/JUN (dTAG/auxin) after stimulation and measure whether accessibility and enhancer marks (H3K27ac) persist, which would place memory in the chromatin 'defects' rather than in AP-1 itself. Complement this with mutating or CRISPR-deleting individual AP-1 motifs and with pioneer-factor tests (e.g., nucleosome remodeling by BAF) to see which sites are self-sustaining.",,defects;domain
stream_parallel_required_7_4,stream_parallel_required,7,,Replay test: do the same sites reactivate on re-stimulation?,"Like Barkhausen avalanches replaying the same sites, restimulate cells after a rest period and use single-cell multiome (scATAC and RNA) to ask whether the same loci open faster or more strongly in the same cells, compared with naive cells. Add lineage tracing or sibling-cell pairing to test inheritance through division, and use naive versus primed comparisons with AP-1 dominant-negative (A-FOS) to show necessity.",,avalanches;barkhausen;replay
