idea_id,title,description,source_sha256
plain_0_0,Long-term chromatin accessibility tracking after a transient stimulus,"Expose cells (e.g., fibroblasts, macrophages, or keratinocytes) to a defined pulse of an AP-1-activating stimulus such as TPA, wounding cytokines, or inflammatory signals. After withdrawal, run time-course ATAC-seq, CUT&Tag for Fos/Jun, and H3K27ac profiling to see whether AP-1-dependent accessible sites persist for days to weeks after AP-1 activity returns to baseline.",
plain_0_1,Acute AP-1 degradation or dominant-negative block during vs. after priming,"Use degron-tagged (dTAG/AID) c-Jun/Fos or inducible dominant-negative A-Fos to remove AP-1 either during priming or after the memory state is established. Then measure the secondary-challenge transcriptional response. If the memory needs AP-1 only for establishment, it is epigenetically self-sustaining. If it needs AP-1 for maintenance, AP-1 is the ongoing carrier of memory.",
plain_0_2,Single-cell multiome linking AP-1 motif accessibility to response history,"Run paired scRNA/scATAC (or lineage-barcoded clones) on primed and naive populations, before and after re-stimulation. Test whether cells with persistent AP-1 motif accessibility, inferred by chromVAR or footprinting, respond faster or more strongly, and whether the state is inherited by sister cells through division.",
plain_0_3,Sufficiency of AP-1 activity using optogenetic or chemogenetic control,"Drive AP-1 factors with light-inducible or drug-inducible systems using different durations, dynamics, and dosages (pulsed vs sustained). Test whether AP-1 activity alone is sufficient to install lasting accessibility and enhanced re-response at target loci, using reporter lines at AP-1-regulated enhancers to read out the memory in live cells.",
plain_0_4,Site-specific perturbation of memory enhancers and cooperating factors,"Use CRISPRi/dCas9 or motif mutation at candidate AP-1-dependent memory enhancers, and pioneer-factor or chromatin-remodeler (e.g., BAF) loss, to test whether the sites are necessary for faster re-induction of nearby genes. Pair this with Hi-C or Micro-C and histone-mark profiling to determine whether AP-1 maintains memory directly or by recruiting other chromatin regulators.",
plain_1_0,Long-term tracking of AP-1-bound enhancers after a transient stimulus,"Expose cells (e.g., fibroblasts, macrophages, or keratinocytes) to a defined pulse of AP-1-activating signal (TPA, TNF, wounding, or stress). Then run time-course ATAC-seq and CUT&RUN for JUN/FOS, H3K27ac, and H3K4me1 after washout, to test whether AP-1-bound enhancers stay open and occupied well after the stimulus and AP-1 activity have returned to baseline.",
plain_1_1,Acute degradation of AP-1 after priming (necessity for maintenance vs. establishment),"Use degron-tagged (dTAG/AID) FOS, JUN, or a dominant-negative such as A-FOS. Deplete AP-1 either during the priming pulse or only after it, then re-challenge the cells. If memory is maintained by AP-1 itself, post-priming depletion should erase the primed state. If AP-1 only establishes memory, then only depletion during priming should do so.",
plain_1_2,Secondary-stimulus recall assay with single-cell readouts,"Compare primed and naive cells for transcriptional response magnitude and kinetics to a second stimulus using scRNA-seq, live-cell reporters, or smFISH of AP-1 target genes. Quantify how long the heightened response persists and whether it is inherited through cell divisions, using lineage tracing or sister-cell comparisons.",
plain_1_3,Live imaging of AP-1 dynamics and a feedback-loop model,"Track endogenously tagged FOS/JUN levels, activity reporters, and target-gene transcription in single cells across stimulation histories. Fit mathematical models to test whether positive feedback (e.g., JUN autoregulation) or a pioneer-like chromatin-opening mechanism produces bistability and hysteresis, and test the model's predictions by perturbing feedback nodes.",
plain_1_4,Targeted enhancer perturbation and sufficiency tests,"Use CRISPR to delete or mutate AP-1 motifs at candidate memory enhancers. Use dCas9-based tethering of AP-1 or chromatin modifiers to test sufficiency, and use in vivo models (e.g., skin inflammatory memory, wound re-epithelialization) to ask whether motif-specific loss abolishes faster recall of the response. Together, these experiments distinguish AP-1 as a causal memory element from AP-1 binding that merely correlates with memory.",
plain_2_0,Transient stimulus with long-term chromatin accessibility tracking,"Expose cells (e.g., fibroblasts or macrophages) to a defined, transient AP-1-activating stimulus such as serum, TPA, or injury cues. Run time-resolved ATAC-seq and CUT&RUN for AP-1 (FOS/JUN) and H3K27ac over days to weeks after washout; persistence of AP-1 motif-enriched accessible sites after the stimulus ends would indicate a lasting memory-like state.",
plain_2_1,Acute degron depletion at defined time windows,"Use auxin-inducible degron or dTAG alleles of FOS, JUN, or dominant-negative A-FOS to remove AP-1 during priming, during the memory phase, or at re-stimulation. Compare the secondary response across these windows; AP-1 required only at priming versus continuously separates initiation from maintenance roles.",
plain_2_2,Re-stimulation response assay (primed vs naive),"Prime cells with a first stimulus, rest them, then give a second stimulus. Measure transcription (nascent RNA-seq/PRO-seq), the kinetics, and the amplitude of target genes relative to naive cells. Test whether the enhanced or faster response is tied to AP-1-bound loci, and whether it is lost on AP-1 perturbation or on blocking enhancer opening.",
plain_2_3,Single-cell multiome and lineage tracing of memory inheritance,Apply single-cell RNA plus ATAC (multiome) with barcode lineage tracing or live imaging of AP-1 reporters to follow primed cells through divisions. Test whether AP-1 occupancy or accessibility is inherited by daughter cells and whether it predicts clonal differences in later responses. This separates heritable memory from persistent signaling and measures its stability across cell cycles.,
plain_2_4,Targeted locus perturbation and synthetic AP-1 memory test,"Use CRISPRi/dCas9 to silence or edit AP-1 motifs at specific memory-associated enhancers. Separately, use optogenetically or chemically inducible AP-1 (e.g., inducible FOS/JUN) to drive a pulse of AP-1 activity at synthetic reporter loci. Test whether the motif is necessary for the primed state, and whether AP-1 activity alone, independent of upstream signaling, is sufficient to create a lasting accessible state and a faster response.",
plain_3_0,Transient stimulus with long-term chromatin accessibility tracking,"Expose cells (e.g., fibroblasts or macrophages) to a defined, transient AP-1-activating stimulus (e.g., PMA, TNF, or injury signals), then wash out and perform time-resolved ATAC-seq and CUT&RUN for AP-1 (FOS/JUN) and H3K27ac across days to weeks. Persistence of AP-1-dependent accessible sites after AP-1 activity returns to baseline, versus naive controls, would indicate a memory-like state.",
plain_3_1,Acute degron-based AP-1 depletion at different time points,"Use dTAG/auxin-inducible degradation of FOS or JUN, or a dominant-negative (A-FOS), to remove AP-1 either during the priming stimulus or after it has ended. If depletion after priming erases the enhanced secondary response, AP-1 is needed to maintain memory; if only depletion during priming matters, AP-1 is needed for initiation but not maintenance.",
plain_3_2,Secondary-stimulation transcriptional response assays,"Compare RNA-seq (bulk and single-cell) of primed versus unprimed cells after a second challenge, and link faster or stronger induction of genes to AP-1-bound, pre-opened enhancers. Quantify memory with a response-ratio metric and test dependence on AP-1 motif integrity via CRISPR editing or MPRA of primed-state enhancers.",
plain_3_3,Single-cell multiome and live-cell reporters of AP-1 dynamics,"Use paired scRNA/scATAC-seq and live imaging of AP-1 activity reporters (e.g., FOS-GFP knock-in, AP-1 motif reporters) to track whether individual cells retain heritable AP-1-linked accessibility states through divisions. Lineage tracing or sister-cell comparisons would distinguish cell-autonomous, mitotically heritable memory from population-level selection or persistent paracrine signaling.",
plain_3_4,Sufficiency test via synthetic AP-1 recruitment and in vivo validation,"Use dCas9-based or optogenetic recruitment of AP-1 factors (or pioneer-like AP-1 with BAF) to naive loci, then test whether transient recruitment alone creates stable accessibility and enhanced responsiveness after removal. Complement this with in vivo models (e.g., wound healing, inflammation, or neuronal activity) to check whether AP-1 occupancy patterns predict persistent states in tissue, with controls for continuing signals.",
plain_4_0,Long-term tracking of chromatin accessibility after a transient stimulus,"Expose cells (e.g., fibroblasts or macrophages) to a defined AP-1-activating stimulus such as TPA, anisomycin or an inflammatory cue, then wash it out. Perform time-course ATAC-seq and CUT&RUN for AP-1 factors (FOS, JUN, FOSL) over days to weeks to test whether AP-1-dependent accessible sites persist after AP-1 binding and activity return to baseline.",
plain_4_1,Acute AP-1 degradation to separate initiation from maintenance,"Use degron-tagged (dTAG/AID) JUN/FOS or a dominant-negative (A-FOS) system to remove AP-1 at different times after the priming stimulus. If accessibility and the enhanced secondary transcriptional response persist after AP-1 loss, AP-1 is an initiator. If they collapse, it is a continuous maintainer.",
plain_4_2,Primed re-stimulation response assays,"Prime, rest, and re-stimulate cells, then compare transcription (RNA-seq, nascent PRO-seq) and kinetics of AP-1 target genes with naive cells. Test whether memory depends on AP-1 motifs by comparing wild-type with CRISPR-mutated motifs at selected enhancers, and by AP-1 inhibition during priming only.",
plain_4_3,Single-cell multiome lineage tracing of memory inheritance,"Use scATAC/RNA multiome with barcoded lineage tracing or live AP-1 reporters (e.g., FOS-GFP) to follow sister cells through divisions after transient stimulation. Quantify whether accessibility and expression states are heritable across divisions, and whether they are bimodal or stable per clone, beyond what random cell-to-cell variation would produce.",
plain_4_4,Mechanistic dissection of chromatin features and cofactors at memory sites,"At sites that stay open after priming, profile H3K27ac, H3K4me1, SWI/SNF (BAF) occupancy and pioneer factors with CUT&Tag. Then perturb BAF (e.g., BRG1 inhibitors) or deposit/remove marks with dCas9 tools to test whether AP-1 maintains memory through chromatin remodeling or histone modification. Compare with DNA methylation and with non-AP-1 sites as controls.",
plain_5_0,Transient stimulus with long-term chromatin accessibility tracking,"Expose cells to a defined, transient stimulus (e.g., TNF, wounding cues, or PMA). Then perform time-resolved ATAC-seq and AP-1 (FOS/JUN) CUT&RUN across days to weeks after withdrawal. Test whether newly opened AP-1 motif-containing enhancers stay open after AP-1 binding itself has decayed, which would indicate memory.",
plain_5_1,Re-stimulation (primed) response assay with AP-1 dependence,"Compare transcriptional output (RNA-seq, nascent PRO-seq) of naive versus previously stimulated cells upon a second challenge. Include acute AP-1 loss of function (dominant-negative A-FOS, degron-tagged FOS/JUN) either during the first stimulus only or during the second only. This separates the role of AP-1 in establishing memory from its role in executing the memory response.",
plain_5_2,Optogenetic or chemogenetic AP-1 pulse-chase,"Drive AP-1 activity with a light- or drug-inducible JUN/FOS construct with controlled pulse duration, amplitude, and frequency. Measure how persistence of target gene expression and enhancer state depends on input dose and dynamics, to determine whether AP-1 alone is sufficient to establish a self-sustaining state and whether a threshold exists.",
plain_5_3,Single-cell multiome and lineage tracing of memory inheritance,"Use single-cell RNA plus ATAC, with barcoded lineage tracing, to follow stimulated cells and their daughters through divisions. Quantify whether sister cells share AP-1 target accessibility and expression more than unrelated cells. Combine with live imaging of AP-1 reporters to check for heritable states that persist through mitosis.",
plain_5_4,"Chromatin mechanism dissection: pioneer activity, histone marks and feedback loops","Map the histone marks (H3K27ac, H3K4me1), BAF/SWI-SNF recruitment and DNA methylation at AP-1 sites before, during and after stimulus. Mutate or CRISPR-edit specific AP-1 motifs, and use dCas9 epigenetic editors to test necessity. Also test positive feedback (e.g., JUN autoregulation) with perturbation and mathematical modeling to see whether it yields bistable, heritable states.",
plain_6_0,Transient stimulus with long-term chromatin accessibility tracking,"Expose cells (e.g., fibroblasts or macrophages) to a defined, transient stimulus (serum, TNF, wounding cue) and perform time-course ATAC-seq/CUT&RUN for AP-1 (FOS/JUN), H3K27ac and H3K4me1 through days to weeks after washout. Persistent accessible sites containing AP-1 motifs, and enhanced re-induction of nearby genes upon restimulation, would indicate AP-1-based memory.",
plain_6_1,Acute AP-1 degradation or inhibition during priming versus maintenance,"Use degron-tagged FOS/JUN or dominant-negative A-FOS to remove AP-1 either during the priming stimulus or only after it, then test the recall response. If AP-1 is needed only for establishing memory, the memory is chromatin-encoded; if it is needed for maintenance, AP-1 itself carries the memory.",
plain_6_2,Single-cell multiome and live imaging of AP-1 dynamics and memory heterogeneity,"Pair single-cell RNA+ATAC-seq with live reporters (e.g., FOS-GFP, AP-1 activity reporter) in primed vs. naive cells to link AP-1 history (amplitude, duration) to later accessibility and transcriptional response. Lineage tracing through divisions would test whether the memory is heritable and bistable versus graded and decaying.",
plain_6_3,Sufficiency test with synthetic or optogenetic AP-1 activation and locus-specific editing,"Induce AP-1 with optogenetic or chemically inducible FOS/JUN pulses of varied dose and duration, and use dCas9-based recruitment or CRISPR motif mutation at selected enhancers. Test whether AP-1 binding alone is sufficient to open chromatin and create a stable, restimulation-responsive state, and which sites require it.",
plain_6_4,Mapping AP-1 cooperativity with chromatin remodelers and histone marks,"Perform ChIP/CUT&Tag and proteomics for AP-1 interaction with BAF (SWI/SNF) components, plus BAF inhibition or depletion, and footprinting/Micro-C to assess nucleosome remodeling and looping at memory loci. Testing whether remodeler loss erases persistence despite AP-1 re-binding clarifies the mechanistic link between AP-1 and epigenetic memory.",
plain_7_0,Persistence of AP-1-associated chromatin accessibility after transient stimulus,"Expose cells (e.g., fibroblasts, macrophages, or keratinocytes) to a defined pulse of AP-1-activating stimulus (TPA, TNF, injury), then withdraw it and track ATAC-seq and CUT&Tag for FOS/JUN and H3K27ac at multiple time points. Persistent AP-1 motif-enriched accessible sites after signaling returns to baseline, together with a faster or stronger transcriptional response to restimulation, would indicate memory.",
plain_7_1,Acute degradation of AP-1 factors during and after the priming window,"Use degron tags (dTAG/AID) on FOS, JUN, or ATF family members to remove AP-1 only during priming, only during the memory/maintenance phase, or only at restimulation. If depletion during priming blocks memory but depletion afterward does not, AP-1 is needed for establishment. If depletion afterward erases memory, AP-1 is also required for maintenance.",
plain_7_2,Single-cell multiome tracking of lineage-linked memory,"Perform paired scRNA/scATAC-seq, or live imaging of AP-1 reporters, on clonally barcoded cells before priming, after priming, and through divisions. This tests whether AP-1 activity states and accessible regions are heritable across cell divisions, and whether they predict each clone's response to restimulation beyond what noise would explain.",
plain_7_3,Pioneer-like function and chromatin-state causality at AP-1 sites,"Use CUT&RUN or ChIP for AP-1, SWI/SNF (BAF) and histone marks, combined with perturbations such as BAF inhibition or CRISPR base-editing of motifs at specific memory enhancers. Test whether AP-1 binding is necessary and sufficient to open chromatin and keep it accessible after the signal ends, and whether the marks are lost when AP-1 is removed.",
plain_7_4,"Synthetic AP-1 activation with dose, duration, and feedback modeling","Drive AP-1 activity with optogenetic or chemogenetic inputs of varying amplitude, duration, and frequency, then measure the lasting output (target gene expression, accessibility) after input removal. Fit dynamical models to test for bistability, hysteresis, or positive feedback (e.g., FOS/JUN autoregulation) as the mechanism, and compare with AP-1-independent controls.",
verbalized_sampling_0_0,Longitudinal ATAC-seq/CUT&RUN of AP-1 occupancy after transient stimulus,"Profile chromatin accessibility and FOS/JUN binding at multiple time points after a transient stimulus (e.g., wounding, inflammation, or stress) and long after stimulus withdrawal. Persistent AP-1-motif-associated accessible sites would indicate a memory-like epigenetic state.",
verbalized_sampling_0_1,Acute AP-1 degradation/inhibition during priming vs. recall,"Use degron-tagged FOS/JUN or dominant-negative A-FOS/T-5224 to remove AP-1 either during the initial stimulus or only after it has been withdrawn, then measure the secondary response. Distinguishing a role in establishing versus maintaining memory shows whether AP-1 is required for the memory itself.",
verbalized_sampling_0_2,Single-cell multiome analysis of memory-state heterogeneity,Perform paired scRNA-seq and scATAC-seq on primed and naive cells to link AP-1 motif accessibility and target-gene expression to the strength of the secondary response. Use lineage barcoding to test whether the state is inherited through cell divisions.,
verbalized_sampling_0_3,Live-cell reporters of AP-1 dynamics across repeated stimulation,"Image endogenously tagged JUN/FOS or AP-1 transcriptional reporters in single cells across repeated stimulus pulses and across lineages. Measuring persistence, hysteresis, and heritability of the signal over days would test for memory-like dynamics.",
verbalized_sampling_0_4,Pioneer-like activity and histone modification analysis at AP-1 sites,"Test whether AP-1 binding deposits or maintains H3K27ac/H3K4me1 and recruits BAF at primed enhancers, and whether these marks persist after AP-1 is lost. Combine ChIP-seq, CRISPR motif mutation, and enhancer reporter assays to show causality.",
verbalized_sampling_1_0,Longitudinal ATAC-seq/CUT&Tag of AP-1 footprints after transient stimulus,Profile chromatin accessibility and AP-1 (FOS/JUN) binding at timepoints after a transient stimulus and long after its withdrawal. Persistent AP-1-dependent open sites that outlast the signal would indicate a memory-like state.,
verbalized_sampling_1_1,Acute AP-1 degradation during the memory phase,"Use degron (dTAG/AID) or dominant-negative (A-FOS) tools to remove AP-1 after the stimulus is gone. Then measure whether accessibility and the secondary-response transcriptional boost are lost, which would show AP-1 is needed to maintain memory rather than just to establish it.",
verbalized_sampling_1_2,Re-stimulation assays with RNA-seq,Compare transcriptional responses in naive versus previously stimulated cells after a rest interval of varying length. Test whether faster or stronger induction of target genes depends on AP-1 levels and occupancy.,
verbalized_sampling_1_3,Single-cell multiome and live imaging of AP-1 dynamics,"Use single-cell RNA+ATAC, or live reporters of FOS/JUN, to follow lineages and test whether the AP-1 state is inherited through divisions and is bistable. This separates heritable memory from transient signaling.",
verbalized_sampling_1_4,Targeted AP-1 site perturbation with CRISPR deletion or dCas9 repression and histone-mark profiling,Use CRISPR deletion or dCas9-based repression of specific AP-1 motifs at candidate enhancers. Profile H3K27ac and H3K4me1 to test whether AP-1 binding is causally required for persistent enhancer marks and for the memory response at linked genes.,
verbalized_sampling_2_0,Longitudinal ATAC-seq/CUT&RUN of AP-1 occupancy after a transient stimulus,"Profile chromatin accessibility and AP-1 (FOS/JUN) binding at timepoints during and long after a transient stimulus (e.g., wounding, inflammation, stress) to see whether AP-1-dependent accessible sites persist after the signal is gone and AP-1 levels have returned to baseline.",
verbalized_sampling_2_1,Secondary challenge (priming) assays with AP-1 perturbation,"Expose cells to a first stimulus, rest them, then re-stimulate and measure transcriptional response magnitude/kinetics by RNA-seq; compare with AP-1 dominant-negative (A-FOS), CRISPRi, or degron cells to test whether AP-1 is required for faster or stronger memory responses.",
verbalized_sampling_2_2,Timed acute AP-1 degradation to separate establishment from maintenance,"Use inducible degrons (dTAG/auxin) on FOS/JUN to remove AP-1 either during the priming stimulus or after memory is established. Then assay whether memory-associated accessibility and gene expression persist without AP-1, to distinguish an initiating role from a maintaining role.",
verbalized_sampling_2_3,Single-cell multiome and lineage tracing of memory inheritance,Perform single-cell RNA+ATAC with lineage barcodes or live-cell AP-1 reporters to test whether AP-1 activity state and its chromatin footprint are inherited through cell divisions and correlate with heterogeneous memory responses among sister cells.,
verbalized_sampling_2_4,Histone mark and SWI/SNF (BAF) dependence at AP-1 sites,"Measure H3K27ac, H3K4me1, and BAF occupancy at AP-1 motif-containing enhancers before, during, and after stimulation. Use BAF inhibitors or enhancer motif mutation/dCas9 editing to test whether these marks and AP-1-driven chromatin opening are necessary and sufficient for persistence.",
verbalized_sampling_3_0,Longitudinal ATAC-seq/CUT&RUN of AP-1 occupancy after transient stimulus,"Profile chromatin accessibility and FOS/JUN binding before, during, and long after a transient stimulus (e.g., injury, inflammation, or stress). Test whether AP-1-dependent accessible sites persist after the stimulus is withdrawn and AP-1 protein has returned to baseline.",
verbalized_sampling_3_1,Secondary challenge (priming) assay with AP-1 perturbation,"Expose cells to a first stimulus, rest them, then re-stimulate and measure the faster or stronger transcriptional response. Use inducible dominant-negative AP-1 (A-FOS), CRISPRi, or degron systems at different times to show whether AP-1 is required for establishing versus maintaining the memory.",
verbalized_sampling_3_2,Single-cell multiome with lineage tracing of memory states,"Perform paired scRNA/ATAC-seq on clonally related cells to determine whether AP-1 motif accessibility and target gene expression states are heritably transmitted through divisions, and whether they predict future response heterogeneity.",
verbalized_sampling_3_3,Live-cell reporters of AP-1 activity dynamics,"Track AP-1 activity using fluorescent reporters or tagged FOS/JUN in single cells over days and across divisions to measure persistence, bistability, and positive feedback (e.g., c-Jun autoregulation), and relate past activity history to current state.",
verbalized_sampling_3_4,Epigenetic mark and pioneer-factor mechanistic dissection,"Combine ChIP/CUT&Tag for histone marks (H3K27ac, H3K4me1), BAF/SWI-SNF recruitment, and DNA methylation with AP-1 motif mutation or site-specific dCas9 editing at memory enhancers to test if AP-1 is necessary and sufficient to establish stable, self-sustaining chromatin states.",
verbalized_sampling_4_0,Longitudinal ATAC-seq/CUT&RUN of AP-1 occupancy after transient stimulus,"Profile chromatin accessibility and AP-1 (FOS/JUN) binding at timepoints during and long after a transient stimulus (e.g., wounding, inflammation, stress) to see whether AP-1-dependent open regions persist after the signal has ended and AP-1 levels have returned to baseline.",
verbalized_sampling_4_1,Secondary challenge (priming) assays with AP-1 perturbation,"Expose cells to a first stimulus, rest them, then re-stimulate and measure faster or stronger transcriptional responses. Test whether inhibiting or degrading AP-1 (dominant-negative A-FOS, dTAG/degron) during priming only, versus during recall only, abolishes the memory.",
verbalized_sampling_4_2,Single-cell multiome tracking of memory-state heterogeneity,"Use scRNA+ATAC with lineage barcoding to determine whether AP-1 motif accessibility and target-gene expression define stable, heritable cell states that persist through cell divisions and predict future responsiveness.",
verbalized_sampling_4_3,Live-cell imaging of AP-1 dynamics and reporters,"Image endogenously tagged FOS/JUN or AP-1 reporters over days in single cells and lineages to measure pulse dynamics, persistence, and inheritance by daughter cells, correlating history with subsequent response.",
verbalized_sampling_4_4,Targeted epigenome editing and sufficiency tests at AP-1 sites,"Use CRISPR deletion of AP-1 motifs or dCas9-based editing at memory enhancers, plus ectopic AP-1 induction, to test whether AP-1 binding is necessary and sufficient to establish lasting accessibility, histone marks (H3K27ac), and enhanced re-induction, including pioneer-factor and BAF-complex dependence.",
verbalized_sampling_5_0,Longitudinal ATAC-seq/CUT&Tag of AP-1 occupancy after transient stimulus,"Profile chromatin accessibility and AP-1 (FOS/JUN) binding at timepoints during and long after a transient stimulus (e.g., inflammation, injury, stress) to identify sites that stay open after AP-1 levels return to baseline. Persistence of accessibility at AP-1 motif sites indicates memory.",
verbalized_sampling_5_1,Acute AP-1 degradation after priming,"Use inducible degradation (dTAG/AID) or dominant-negative A-FOS either during priming or after the stimulus has ended. If the memory response persists when AP-1 is removed after priming, AP-1 is only an initiator; if it is lost, AP-1 is needed to maintain memory.",
verbalized_sampling_5_2,Re-stimulation assays measuring faster or stronger transcriptional response,"Prime cells, rest them for days to weeks, then restimulate and measure nascent transcription (PRO-seq/RNA-seq) and AP-1 recruitment kinetics versus naive cells. Test whether the enhanced response depends on AP-1-bound primed enhancers by CRISPR perturbation of the motifs.",
verbalized_sampling_5_3,Single-cell multiome tracking of AP-1 activity and heritability through divisions,"Combine single-cell RNA and ATAC, or live reporters of AP-1 activity, with lineage tracing to see whether the primed state is inherited by daughter cells. Quantify the persistence of the state, its bimodality, and its dependence on cell division.",
verbalized_sampling_5_4,Histone modification and chromatin remodeler co-profiling at AP-1 sites,"Measure H3K27ac, H3K4me1, and BAF/SWI-SNF occupancy at AP-1 sites, and test whether inhibiting the remodeler or the modifying enzyme erases the memory. This tests whether AP-1 stores memory through epigenetic marks rather than its own continued presence.",
verbalized_sampling_6_0,Longitudinal ATAC-seq/CUT&RUN of AP-1 occupancy after transient stimulus,Profile chromatin accessibility and AP-1 (FOS/JUN) binding at time points after a transient stimulus and long after its withdrawal. Persistently open AP-1 motif-containing enhancers would indicate a retained memory state.,
verbalized_sampling_6_1,Re-stimulation (primed vs. naive) transcriptional response assays,"Expose cells to a first stimulus, rest them, then re-stimulate and measure target gene induction by RNA-seq or qPCR. Faster or stronger induction in primed cells compared with naive ones, and its loss on AP-1 inhibition, would test whether AP-1 is required for memory.",
verbalized_sampling_6_2,Acute AP-1 perturbation during priming vs. recall,"Disrupt AP-1 with a dominant-negative such as A-FOS, an auxin degron on JUN/FOS, or CRISPRi, either only during the priming phase or only during recall. This separates the role of AP-1 in establishing memory from its role in maintaining it.",
verbalized_sampling_6_3,Single-cell multiome with lineage tracing or live reporters,"Use single-cell RNA+ATAC, or live AP-1 activity reporters tracked through cell divisions, to determine whether the memory state is inherited by daughter cells. Test for heterogeneity and bistability in AP-1 activity and accessibility.",
verbalized_sampling_6_4,Pioneer-factor and chromatin-state analysis at memory loci,"Combine histone modification profiling (H3K27ac, H3K4me1), BAF/SWI-SNF occupancy, and DNA methylation with CRISPR or base-editing mutation of AP-1 motifs. This tests whether AP-1 sites are causally required to keep enhancers primed, and whether memory persists once AP-1 itself is lost.",
verbalized_sampling_7_0,Longitudinal ATAC-seq/CUT&RUN of AP-1 occupancy after transient stimulus,"Profile chromatin accessibility and FOS/JUN binding at timepoints during and long after a transient stimulus (e.g., injury, inflammation, or stress) to test whether AP-1-dependent open regions persist after the signal is gone. Compare with naive cells to identify a lasting memory signature.",
verbalized_sampling_7_1,Acute AP-1 perturbation during priming versus recall,"Use dominant-negative A-FOS, CRISPRi, or degron systems to remove AP-1 either during the initial stimulus or only at re-stimulation. If memory requires AP-1 for establishment and/or maintenance, the secondary response should be lost differentially, separating the two roles.",
verbalized_sampling_7_2,Primed re-stimulation transcriptional response assays,"Stimulate cells twice with a rest interval and measure faster or stronger induction of target genes (RNA-seq, nascent RNA/PRO-seq) relative to first-exposure cells. Correlate enhanced responses with AP-1 motif-containing loci to link memory phenotype to AP-1.",
verbalized_sampling_7_3,Single-cell multiome tracking of AP-1 activity and lineage inheritance,Combine single-cell RNA/ATAC with lineage barcoding or live-cell AP-1 reporters to determine whether AP-1 activity states are inherited through cell divisions and heterogeneous across clones. Persistence across divisions without ongoing signal would support memory.,
verbalized_sampling_7_4,Synthetic AP-1 induction sufficiency test with histone-mark readouts,"Use optogenetic or chemogenetic pulses of FOS/JUN expression to test whether AP-1 alone is sufficient to create persistent enhancer accessibility, H3K27ac/H3K4me1 marks and memory-like responses. Pair this with BAF/chromatin-remodeler inhibition to test the mechanism.",
persona_0_0,Hysteresis loop mapping of AP-1 activity vs. stimulus,"Ramp a controllable input (e.g., optogenetic or chemically induced ERK/JNK signaling, or inducible c-Fos/c-Jun) up and then down, and measure single-cell AP-1 reporter output and target-gene expression. A path-dependent loop, with different up and down thresholds that persist after the stimulus is removed, would indicate bistability. Memory would then be a property of the system's stable states rather than a lingering signal.",
persona_0_1,Bimodality and critical slowing down near the threshold,"Tune stimulus dose or AP-1 abundance toward the putative tipping point and track single-cell time series with live reporters. Look for rising variance and autocorrelation time, diverging relaxation time after perturbation, and a shift from unimodal to bimodal distributions. These are generic signatures of a nearby bifurcation and would show whether AP-1 sits close to a transition.",
persona_0_2,Perturbation and relaxation test of state stability,"Deliver pulses of varying amplitude and duration, then knock AP-1 down transiently (degron, dominant-negative) or overexpress it, and record whether cells return to the original state or settle into a new one. Mapping the fraction of cells in each state as a function of perturbation size defines the boundaries between states. Persistence after the perturbation is cleared, and its dependence on feedback loops such as FOS/JUN autoregulation, would distinguish a self-sustaining stable-state memory from slow decay.",
persona_0_3,Time-resolved ATAC/CUT&Tag with AP-1 motif tracking,"Profile accessibility, AP-1 occupancy and histone marks at AP-1-bound enhancers before, during and long after transient stimulation, including after cell divisions. Test whether enhancers opened by AP-1 stay open once AP-1 returns to baseline, and whether they enable faster or stronger re-induction. Pair this with AP-1 degradation at different times after the stimulus to distinguish initiation from maintenance of the memory.",
persona_0_4,Inference of a landscape and dynamical model from single-cell data,"Combine single-cell RNA-seq or multiome data with live reporters to fit a stochastic dynamical model (e.g., Langevin or Fokker-Planck) of AP-1 and its targets. Estimate the effective potential, number of minima, barrier heights and Kramers-type switching rates, then test the model's predictions of how memory lifetime scales with noise, feedback strength and AP-1 dosage experimentally.",
persona_1_0,Mutual information between past stimulus and present AP-1 state,"Deliver defined stimulus histories (e.g., varied EGF/ERK pulse number, amplitude, duration) and measure single-cell AP-1 state (live FOS/JUN reporters plus chromatin accessibility at AP-1 motifs) at increasing delays after stimulus withdrawal. Estimate the mutual information I(stimulus history; AP-1 state) in bits versus delay; memory is supported if information persists well beyond the lifetime of upstream signaling and FOS/JUN transcript/protein, and the decay time constant gives the memory half-life.",
persona_1_1,Channel capacity of AP-1 signaling with and without chromatin feedback,"Treat ERK/JNK dynamics as input and AP-1 target-gene output (nascent RNA, enhancer accessibility) as output, and estimate channel capacity from single-cell dose-response and dynamic-input distributions. Compare wild type with perturbations (dominant-negative A-FOS, BAF/SWI-SNF inhibition, degron-tagged JUN) to test whether AP-1-dependent chromatin remodeling increases capacity or the number of distinguishable stored states beyond what transient transcription alone allows.",
persona_1_2,Acute AP-1 removal after priming to test whether the primed state is self-sustaining,"After a priming stimulus, rapidly degrade or inhibit AP-1 (dTAG/AID on FOS/JUN, or A-FOS induction) at varied times and measure whether primed enhancer accessibility, H3K27ac, and the enhanced re-response persist. Quantify the conditional entropy of the secondary response given priming, with and without continued AP-1. AP-1-maintained memory should lose information upon removal, whereas AP-1-initiated but chromatin-held memory should persist, separating initiation from maintenance.",
persona_1_3,Single-cell multiome lineage tracing of memory inheritance across divisions,"Use barcode lineage tracing with paired scATAC/scRNA to compare AP-1 motif accessibility and target expression between sister cells and cousins after priming. Compute mutual information between mother and daughter states over generations and compare to shuffled controls; high, slowly decaying inter-generational mutual information at AP-1 sites indicates heritable memory, with the per-division loss of information as the rate of memory loss.",
persona_1_4,CRISPR motif editing and optogenetic activation to test sufficiency and coding structure,"Optogenetically drive FOS/JUN (or specific dimer compositions) with programmed pulse patterns and, separately, mutate AP-1 motifs at candidate memory enhancers via base editing. Measure whether transient AP-1 activation alone produces a lasting state, whether different dimer/dynamic patterns yield distinguishable stored states (decoding accuracy, confusion matrix, bits per cell), and whether motif loss abolishes the stored information at that locus.",
persona_2_0,Hysteresis mapping by ramping AP-1 input up and down,"Use optogenetic or chemically inducible control of AP-1 (e.g., c-Fos/c-Jun, or upstream JNK/ERK), sweep the input up and then down, and measure single-cell AP-1 activity and target-gene output. A bistable memory element would show hysteresis, meaning different on and off thresholds and path-dependent output at identical input; a monostable system would not.",
persona_2_1,Pulse-duration and frequency stimulation with washout,"Deliver defined stimulus pulses varying in amplitude, duration, and spacing, and track AP-1 reporter dynamics and chromatin accessibility for hours to days after washout. Fit linear and nonlinear state-space models to estimate decay time constants and test whether the system retains a state after input removal, and test whether a prior pulse alters the response to a later one (priming), which would indicate memory beyond the stimulus.",
persona_2_2,Perturbing AP-1 feedback loops,"AP-1 autoregulates (c-Jun induces its own transcription, and Fos/Jun feed back on DUSPs and other negative regulators). Open each loop using CRISPRi on the c-Jun promoter, dominant-negative TAM67, or a synthetic constitutive replacement of the endogenous promoter. Then test whether memory is lost, which would show the loop is necessary. Add a synthetic positive feedback to test whether it is sufficient to create memory in naive cells.",
persona_2_3,Single-cell live imaging with lineage tracking and state estimation,"Image endogenously tagged Fos/Jun (or AP-1 reporters) in single cells over multiple divisions after transient stimulation. Quantify heritability of the state across mother-daughter pairs, bimodality, and switching rates, and apply observer/Kalman-style state estimation to the reporter time series to infer hidden states such as chromatin-bound AP-1 versus nuclear abundance. This tests whether the hidden state is observable and persistent.",
persona_2_4,Chromatin-level readout of the stored state (ATAC/CUT&Tag/Hi-C time courses),"After transient stimulation, profile AP-1 motif accessibility, AP-1 occupancy, and histone marks (H3K27ac, H3K4me1) at enhancers over time, comparing naive, primed, and recovered cells. Then perturb AP-1 binding acutely, for example with degron-tagged Jun or Fos, at different delays after the stimulus. If memory is stored in the enhancer state and needs AP-1 to be maintained, late removal should erase it; if AP-1 only establishes the state, late removal should leave it intact, which separates establishing from maintaining roles.",
persona_3_0,Transient-stimulus hysteresis assay with chromatin accessibility readout,"Expose cells to a defined, brief AP-1-activating stimulus (e.g., serum, TPA, or stress), wash out, and track AP-1 binding (CUT&RUN for FOS/JUN) and ATAC-seq accessibility over days to weeks. Memory is supported if AP-1-dependent enhancers stay open and primed after TF levels return to baseline, and if a second challenge gives a faster or stronger transcriptional response than the first, indicating path-dependence.",
persona_3_1,Acute degradation and optogenetic AP-1 pulses to test necessity and sufficiency,"Use degron-tagged FOS/JUN or a dominant-negative (A-FOS) during priming, during the memory window, or at recall to test whether AP-1 is needed to establish versus maintain the memory. Pair this with optogenetic or chemogenetic AP-1 pulses of varied duration, amplitude and frequency to map the relationship between input and memory, and test whether AP-1 activation alone can write the state.",
persona_3_2,Single-cell lineage-resolved memory and heritability measurements,"Combine live-cell AP-1 reporters with lineage tracing or barcoding and multiome (scRNA and scATAC) to measure how long the primed state persists across divisions and how correlated it is between sister cells. Compare decay time and heritability with the noise-driven state fluctuations expected without memory, to separate true epigenetic memory from fixed cell-state differences or clonal selection.",
persona_3_3,Enhancer-level mutational scanning of the memory landscape,"Run saturating mutagenesis or CRISPR-edited variants of AP-1 motifs (TRE sites) and their spacing or cooperative partners at primed enhancers, using a reporter that records the response to the first and second stimulus. This identifies which motif sequence and arrangement features set memory strength, how robust the memory is to mutation, and whether the trade-offs between sensitivity, memory persistence and noise are constrained.",
persona_3_4,Comparative evolutionary analysis of AP-1 memory sites,"Compare AP-1-primed enhancers across mammals or other lineages with ATAC, ChIP and conservation scores, and test whether motif turnover and constraint are stronger at sites showing memory than at sites showing transient responses. Add population-level variant data (eQTL/caQTL) to test whether memory-linked elements are under purifying selection, which would show that memory has fitness value. Examine trade-offs such as faster re-response against the cost of maladaptive persistence in chronic inflammation or cancer.",
persona_4_0,Priming dose-response and hysteresis analysis,"Prime cells with a graded range of AP-1 activating stimuli (e.g., PMA, TNF, anisomycin, or optogenetic c-Fos/c-Jun induction), wash out, then challenge with a fixed second stimulus after varying delays. Plot the secondary response against the priming dose and the washout interval to obtain EC50 shifts, Emax changes, and memory decay half-lives, with hysteresis and a persistent left-shift of the dose-response curve as the signature of memory.",
persona_4_1,Time-windowed AP-1 inhibition with concentration-response curves,"Apply a selective AP-1 inhibitor (e.g., T-5224 or dominant-negative A-Fos) during priming only, the rest period only, or the challenge only. Run full concentration-response curves, and include inactive analogs and off-target controls for selectivity. If memory requires AP-1 during the rest period, it is actively maintained rather than only set at priming; the difference between memory-specific and acute-response IC50s defines the window.",
persona_4_2,Longitudinal profiling of chromatin accessibility and AP-1 occupancy,"Use ATAC-seq or CUT&RUN for c-Jun, c-Fos, and H3K27ac at multiple times after stimulus washout. Look for AP-1 motif-containing enhancers that stay open after the stimulus is gone and respond faster or more strongly on restimulation. Correlate the persistence of each site with the magnitude of the recall response per locus, as a quantitative readout of memory.",
persona_4_3,Single-cell reporter tracking of bistability and heritability,"Use live-cell AP-1 reporters or endogenous tagged Fos/Jun to follow single cells and their lineages through priming, rest and rechallenge. Measure whether the primed state is all-or-none and whether it passes through divisions. Dose-response curves with a sharp, switch-like Hill coefficient and bimodal distributions would support a self-sustaining memory circuit over a graded carryover.",
persona_4_4,Synergy analysis of AP-1 with co-regulators and epigenetic modifiers,"Test combinations of AP-1 perturbation with inhibitors of chromatin regulators (BAF/SWI-SNF, p300, HDACs, DNMTs) in a dose-matrix. Analyze with Bliss and Loewe synergy models to see whether they act in the same pathway for memory maintenance. Synergy or antagonism patterns, plus Jun/Fos paralog-specific knockdown, help place AP-1 as an initiator, maintainer, or reader of memory.",
persona_5_0,Transient-stimulus intervention with acute degron removal at different times,"Define memory as an effect of past exposure (S_t0) on later response (R_t1) after the stimulus has ended, with AP-1 binding/chromatin accessibility as the mediator. Deliver a pulse (e.g., TNF, EGF, or optogenetic ERK), then use a dTAG/AID degron to remove FOS/JUN either before the pulse, during the memory window, or only at restimulation. If memory persists when AP-1 is removed after the pulse, AP-1 isn't required for maintenance. If it vanishes, AP-1 is necessary. This separates establishment from maintenance.",
persona_5_1,Mediation analysis with single-cell multiome and lineage-tracked cells,"Run paired scRNA+scATAC (or CUT&Tag) on clonally barcoded cells before and after priming and restimulation. Estimate natural direct and indirect effects of priming on secondary transcription through AP-1 motif accessibility (chromVAR), adjusting for cell cycle, cell state, and clone as confounders. Use sibling-cell concordance within clones to separate heritable memory from shared microenvironment, and add sensitivity analyses (E-values) for unmeasured confounding of the mediator–outcome link.",
persona_5_2,Locus-specific causal perturbation of AP-1 sites with CRISPR editing and dCas9 tools,"Mutate or CRISPRi/dCas9-block AP-1 motifs at selected primed enhancers, or tether a dominant-negative (A-FOS) there, then test whether the faster or stronger secondary response is lost at that gene only. Compare against matched control motifs to rule out off-target accessibility effects. This yields site-level interventional evidence, rather than correlational ChIP, and tests whether memory is cis-encoded.",
persona_5_3,Positive-feedback and bistability test via synthetic circuits and mathematical modeling,"Memory mechanisms predict hysteresis and self-sustaining states. Quantify AP-1 (FOS/JUN) levels with live reporters across a dose-ramp up and down, and test for path dependence, bimodality, and decay time. Then cut candidate feedback edges, such as the JUN autoregulation promoter or the AP-1–BAF/p300 accessibility loop, in the DAG-informed model to see which edges are necessary for persistence. Fit competing models, including AP-1-independent ones like histone-mark memory, and compare them with held-out perturbations.",
persona_5_4,Genetic variation and cell-type contrasts as instruments for AP-1 occupancy,"Use allele-specific analysis of AP-1 motif-altering variants (caQTL/ASE in heterozygous cells, or MPRA) as instruments for AP-1 occupancy, and test whether the allele with stronger binding retains accessibility better and shows a greater secondary response after stimulus withdrawal. Also compare contexts with different priming histories, such as trained immunity or senescence, using difference-in-differences on accessibility between primed and naive states, to obtain within-individual evidence that is robust to confounders.",
persona_6_0,Persistence of AP-1 state after stimulus removal,"Expose cells to a transient stimulus (e.g., TPA, TNF, or wounding), then withdraw it and track AP-1 factor composition (FOS/JUN family), chromatin accessibility (ATAC-seq), and re-challenge transcriptional response over days to weeks. Memory is defined as a post-stimulus state that differs from the naive state and shows a faster or larger response, or dependence on stimulus history.",
persona_6_1,AP-1 family composition and diversity indices across time and cell states,"Use single-cell multiome (RNA + ATAC) and CUT&RUN or ChIP for each FOS/JUN/ATF member to quantify the relative abundance of AP-1 dimers at enhancers. Compute Shannon/Simpson diversity and beta-diversity (turnover) of AP-1 composition between naive, stimulated, and recovered cells to test whether a persistent shift in composition marks memory.",
persona_6_2,Competition between AP-1 and other factors at shared enhancers,"Map footprinting and motif occupancy of AP-1 relative to competing factors (e.g., CTCF, lineage TFs, NF-κB, glucocorticoid receptor) at memory-associated enhancers, and perturb AP-1 dosage using a degron or dominant-negative (A-FOS) to see whether the sites are lost or occupied by other factors. Displacement of AP-1 by other factors, or their gain of occupancy on AP-1 loss, would show whether AP-1 holds the site open and excludes competitors, thereby maintaining memory.",
persona_6_3,Acute AP-1 degron removal after the priming window,"Deplete AP-1 (dTAG/auxin degron on FOS or JUN, or A-FOS) either during priming or only during the memory interval, then re-stimulate. If memory persists after AP-1 loss in the interval, AP-1 is only an initiator. If it collapses, AP-1 actively maintains memory. Pair this with ATAC-seq and histone marks (H3K27ac, H3K4me1) to separate chromatin-based from TF-based persistence.",
persona_6_4,Lineage-tracked single-cell heritability and mathematical modeling of state persistence,"Use barcoded lineage tracing or live reporters (AP-1 activity reporter, FOS-GFP) to measure whether AP-1 state is inherited across divisions or reset by noise, comparing sister-cell correlation to random pairs. Fit bistability or positive-feedback population models to estimate persistence half-life, and test predictions by perturbing feedback loops such as FOS/JUN autoregulation.",
persona_7_0,Hysteresis and bistability test of path-dependence,"Expose cells to graded doses of a transient AP-1-activating stimulus (e.g., PMA, stress, or optogenetic c-Fos/c-Jun), then measure AP-1 target accessibility and expression after washout. Hysteresis, bimodal single-cell distributions, and a persistent high state under identical final conditions would indicate multiple stable states, which would indicate memory rather than a transient response.",
persona_7_1,Time-resolved ATAC/CUT&Tag of AP-1 occupancy through stimulus and washout,"Measure chromatin accessibility, AP-1 (FOS/JUN) binding, and histone marks (H3K27ac, H3K4me1) at defined time points after a stimulus ends. Test whether AP-1 sites stay open and primed, and whether loci that carry memory are enriched for AP-1 motifs relative to matched controls.",
persona_7_2,Necessity and sufficiency via acute degradation and optogenetic timing,"Use degron-tagged (dTAG/AID) or dominant-negative AP-1 (A-FOS) to remove AP-1 during priming, during the memory interval, or at re-challenge, and optogenetically pulse AP-1 in naive cells. Comparing the effects of depletion at each stage (for example, loss of memory only when AP-1 is depleted during priming) separates AP-1 roles in establishing, maintaining, or reading out memory.",
persona_7_3,Re-stimulation response assay with single-cell readouts,"Apply a first and second stimulus separated by variable delays, and measure the speed, amplitude, and cell-to-cell variability of transcriptional response (scRNA-seq, live reporters) versus naive cells. Fit decay kinetics of the primed advantage to estimate memory half-life, and test whether it depends on AP-1 dosage or motif integrity.",
persona_7_4,AP-1 motif perturbation and feedback-loop modeling,"Edit AP-1 motifs at candidate enhancers with CRISPR base editing, or run a massively parallel reporter assay, to test whether memory is locus-intrinsic. In parallel, build a dynamical model with AP-1 positive autoregulation (c-Jun autoinduction) and chromatin feedback, fit it to the data, and test whether it predicts when memory is stable, using inhibition of feedback components as the falsification step.",
poem_0_0,Transient stimulus with long-term chromatin accessibility tracking,"Expose cells to a brief inflammatory or stress stimulus (e.g., TNF, wound signal), then run ATAC-seq and AP-1 (FOS/JUN) CUT&RUN at multiple time points, including days to weeks after withdrawal. Persistent AP-1-motif-enriched accessible regions after the signal is gone would indicate AP-1-dependent memory, and these can be compared to naive cells.",
poem_0_1,Acute AP-1 degradation at defined times,"Use an inducible degron (e.g., dTAG on c-JUN/FOS) or dominant-negative A-FOS to remove AP-1 either during the priming stimulus or after it has ended. If AP-1 is needed only for establishment, depletion during priming abolishes memory; if it is needed for maintenance, depletion after priming erases it. This separates initiation from maintenance.",
poem_0_2,Re-stimulation response assay with enhancer-level readouts,"Prime cells, rest them, then restimulate and measure faster or stronger transcription (nascent RNA-seq such as PRO-seq, or scRNA-seq) at AP-1-bound loci versus unprimed controls. Pair this with H3K27ac and chromatin accessibility profiling to link a heightened response to AP-1-marked enhancers, and test whether CRISPR mutation of AP-1 binding sites removes the effect.",
poem_0_3,Single-cell multiome lineage tracing of memory inheritance,"Combine single-cell ATAC and RNA with lineage barcodes or sister-cell pairing to test whether AP-1 activity states and accessibility are inherited through divisions. High sister-cell concordance that persists after the signal ends, and that exceeds what current AP-1 levels explain, supports epigenetic heritability rather than ongoing signaling.",
poem_0_4,Live-cell AP-1 dynamics and synthetic locus perturbation,"Image AP-1 reporters or endogenously tagged FOS/JUN with single-molecule tracking over days, measuring bimodality and persistence of activity after transient input. Also use optogenetic or dCas9-based recruitment of AP-1 (or its motif deletion) at a reporter locus to test whether AP-1 binding alone is sufficient to create a self-sustaining active state, and whether that depends on cofactors like BAF/SWI-SNF or histone marks.",
poem_1_0,Transient stimulus with delayed re-challenge,"Expose cells (e.g., fibroblasts, macrophages, or T cells) to a defined stimulus such as TPA, TNF, or TCR signaling, then wash out and rest for days to weeks. Re-challenge them and compare transcriptional kinetics and amplitude with naive cells by RNA-seq, to test whether a persistent, AP-1-dependent altered response exists.",
poem_1_1,Longitudinal chromatin accessibility and AP-1 footprinting,"Run time-course ATAC-seq or CUT&Tag for JUN/FOS family members and H3K27ac before, during, and long after stimulus withdrawal. Test whether AP-1 motif-containing enhancers opened by the stimulus stay accessible and bound once AP-1 activity has returned to baseline. This separates a memory-like chromatin state from continued AP-1 occupancy.",
poem_1_2,Acute AP-1 degradation during maintenance versus establishment,"Use degron tags (dTAG/AID) or dominant-negative A-FOS to remove AP-1 either during the initial stimulus or only during the rest period before re-challenge. Measure memory genes by accessibility and nascent transcription. If AP-1 is needed for establishing but not maintaining memory, it acts as an initiator. If it is needed for both, it is a maintenance mechanism.",
poem_1_3,Single-cell multiome and live-cell reporters of memory heritability,"Pair single-cell RNA and ATAC profiling with live imaging of AP-1 activity reporters or endogenous tagged JUN/FOS. Track lineages through divisions to test whether memory states are heritable and bistable, and whether they correlate with AP-1 level, dynamics, or a positive feedback loop. Model the results to look for hysteresis.",
poem_1_4,Targeted synthetic perturbation of AP-1 sites at memory loci,"Use CRISPR base editing or deletion of AP-1 motifs, together with dCas9-based recruitment or blocking of AP-1 at specific enhancers. Test whether memory at a given gene needs local AP-1 binding, and whether forced AP-1 occupancy alone is enough to create memory without a prior stimulus. Add measurements of nucleosome remodeling (BAF recruitment) and histone marks to define the mechanism.",
poem_2_0,Transient stimulus with delayed re-challenge,"Expose cells to a defined, transient AP-1-activating stimulus (e.g., TPA, TNF, or injury signal), let AP-1 activity return to baseline, then re-stimulate days to weeks later. Compare transcriptional output (RNA-seq, nascent RNA) and kinetics against naive cells to test for primed or enhanced responses.",
poem_2_1,Time-resolved chromatin accessibility and AP-1 occupancy,"Run ATAC-seq, CUT&Tag/ChIP-seq for FOS/JUN family members, and H3K27ac/H3K4me1 profiling before, during, and long after stimulation. Test whether AP-1-dependent enhancers remain open or poised after AP-1 binding disappears, indicating a persistent epigenetic trace.",
poem_2_2,Acute AP-1 perturbation to test necessity and sufficiency,"Remove AP-1 at different times using dominant-negative FOS (A-FOS), degron-tagged JUN/FOS, or CRISPRi/KO, and pulse it with optogenetic or inducible expression. Determine whether AP-1 is needed only to establish the memory or also to maintain it, and whether a pulse alone is sufficient to create it.",
poem_2_3,Live imaging and single-cell multiome tracking of lineages,"Use live reporters of AP-1 activity (e.g., FOS-GFP or AP-1 response element reporters) with lineage tracing, plus single-cell multiome (RNA+ATAC) over time. Quantify whether the memory persists through cell divisions, how heterogeneous it is, and whether prior AP-1 dynamics (amplitude, duration, pulsing) predict later responses.",
poem_2_4,Locus-specific causal editing of AP-1 motifs and chromatin state,"Mutate or delete AP-1 motifs at candidate memory enhancers, or recruit dCas9 effectors (writers/erasers of H3K27ac or DNA methylation) to them. Measure whether the primed state, and the enhanced re-response of nearby genes, depends on those sites and on partner pioneer factors or chromatin remodelers, such as SWI/SNF.",
poem_3_0,Prime-rest-restimulate time course with chromatin profiling,"Expose cells (e.g., fibroblasts or macrophages) to a transient stimulus (TPA, TNF, or wounding cues), let them rest for days to weeks, then restimulate. Measure ATAC-seq, AP-1 (FOS/JUN) CUT&RUN, and RNA-seq to see whether primed cells show faster or stronger transcription and retained accessibility at AP-1 motif sites compared with naive cells.",
poem_3_1,Acute AP-1 degradation at different memory phases,"Use degron-tagged (dTAG/AID) FOS, JUN, or ATF family members and deplete them (a) during priming only, (b) during the rest period, or (c) during restimulation. Determine which window is needed to establish versus maintain the primed response, separating AP-1 as an initiator of memory from AP-1 as a continuous maintainer.",
poem_3_2,Single-cell multiome lineage-tracked memory,"Combine single-cell ATAC and RNA with barcoded lineage tracing, so sister cells can be compared after priming. Test whether AP-1 motif accessibility and target-gene expression states are inherited across divisions and heterogeneous among clones, consistent with heritable cell-state memory.",
poem_3_3,Live-cell AP-1 reporters and dynamics imaging,"Image endogenously tagged FOS/JUN or AP-1 transcriptional reporters with single-molecule tracking and optogenetic or pulsed stimulation. Quantify whether past stimulus history alters the amplitude, duration, or dimer composition of later AP-1 responses, and whether this predicts the memory state of single cells.",
poem_3_4,Locus-specific causal perturbation of AP-1 sites,"Use CRISPR base editing or dCas9 perturbation to mutate or block AP-1 motifs at primed enhancers, and measure pioneer-like opening (with or without SWI/SNF/BAF inhibition) and histone marks (H3K27ac, H3K4me1). Test whether the motifs are necessary and sufficient for stable accessibility and enhanced re-induction after a transient signal.",
poem_4_0,Transient stimulus with long-term chromatin accessibility tracking,"Give cells a brief pulse of a stimulus that activates AP-1 (e.g., TPA, a growth factor, or an inflammatory cue), then run time-resolved ATAC-seq and CUT&RUN for AP-1 factors (FOS, JUN) and histone marks (H3K27ac, H3K4me1) for days to weeks after signal removal. Memory would predict that a subset of AP-1 motif-containing enhancers stays open or marked after AP-1 returns to baseline.",
poem_4_1,Re-stimulation assays with transcriptional readouts,"Compare primed and naive cells by RNA-seq or single-cell RNA-seq after a second stimulus given at varying intervals. Look for faster, stronger, or qualitatively different induction of AP-1 target genes in primed cells. The decay kinetics of this priming effect quantify how long the memory lasts.",
poem_4_2,Acute AP-1 loss-of-function during the memory phase,"Use degron-tagged FOS/JUN or dominant-negative A-FOS, and time the depletion to different phases: during the initial stimulus, or only after it has ended. If AP-1 is needed only to establish memory, depleting it later should leave accessibility and primed responses intact. If it is needed to maintain memory, they should be lost. Pair this with ATAC-seq and re-stimulation readouts.",
poem_4_3,Optogenetic or synthetic AP-1 activation to test sufficiency,"Use a light- or drug-inducible FOS/JUN to give pulses of defined amplitude, duration, and dynamics in cells with no prior history. Measure whether the pulses alone cause lasting enhancer opening and stable target-gene priming. Then mutate the AP-1 motifs at selected loci with CRISPR, or use dCas9 effectors, to test whether the memory depends on those specific sites.",
poem_4_4,Single-cell multiome and lineage tracing of memory inheritance,"Perform single-cell multiome (RNA plus ATAC) on cells that have undergone several divisions after the stimulus, with clones tagged by barcodes. Test whether sister cells share accessibility states and primed responses and whether memory persists in a heritable, clone-specific way. Use live AP-1 activity reporters to determine whether memory is carried by AP-1 self-reinforcing loops (e.g., FOS/JUN autoregulation) or by chromatin states that persist without AP-1.",
poem_5_0,Transient stimulus with delayed chromatin accessibility readout,"Expose cells to a defined pulse of AP-1-activating stimulus (e.g., TPA, injury, or cytokine), then wash out and profile ATAC-seq/CUT&RUN for AP-1 (FOS/JUN) binding and H3K27ac at days to weeks later. Persistent accessibility at AP-1 motif sites after Fos/Jun levels return to baseline would indicate a memory-like state.",
poem_5_1,Acute degron depletion of AP-1 during the maintenance phase,"After the initiating stimulus has ended, use an inducible degron (dTAG/AID) on JUN/FOS or a dominant-negative (A-FOS) to remove AP-1. If primed enhancers close and the enhanced secondary response is lost only when AP-1 is removed during the maintenance window, AP-1 is required for maintaining memory, not just establishing it.",
poem_5_2,Secondary-stimulus response assay (priming test),"Compare transcriptional output (RNA-seq, single-cell) of naive versus previously stimulated cells upon restimulation, with and without AP-1 perturbation at the priming stage. Faster or stronger induction of AP-1 target genes in primed cells, dependent on AP-1 binding at those loci, directly tests memory function.",
poem_5_3,Live-cell AP-1 reporter and lineage tracking across divisions,"Image single-cell AP-1 activity (e.g., FOS-GFP knock-in or AP-1 transcriptional reporter) with lineage tracing through cell divisions after a pulse stimulus. Heritable reporter states in daughter cells, and their dependence on feedback loops, would show whether memory is cell-autonomous and mitotically propagated.",
poem_5_4,AP-1 pioneer function and mitotic bookmarking tests,Perform CUT&RUN/ChIP on mitotic-arrested versus interphase cells and use motif-mutant (CRISPR-edited) enhancers or dCas9-based AP-1 site recruitment/blocking to ask whether AP-1 retention at specific sites is necessary and sufficient to reopen chromatin and sustain gene expression after division. Pair with ordering of AP-1 relative to SWI/SNF (BAF) recruitment and histone marks to define the mechanism.,
poem_6_0,Transient stimulus with delayed re-challenge,"Expose cells to a brief, defined stimulus (e.g., TNF, EGF, or PMA pulse), wash out, then re-stimulate after hours to days. Compare the magnitude and kinetics of AP-1 target gene responses (RNA-seq, nascent transcription by PRO-seq) with those of naive cells to quantify primed or memory-like responses.",
poem_6_1,Longitudinal chromatin accessibility and AP-1 occupancy,"Run ATAC-seq and CUT&RUN or ChIP-seq for FOS, JUN and H3K27ac at time points before, during and long after stimulus withdrawal. Identify enhancers that stay open or acetylated after AP-1 levels return to baseline, and test whether motif-containing sites carry the persistent changes.",
poem_6_2,Acute AP-1 degradation to separate initiation from maintenance,"Use degron tags (dTAG/AID) or dominant-negative A-FOS to remove AP-1 either during the priming stimulus or after memory has formed. If memory requires AP-1 only at establishment, the epigenetic state persists after removal. If memory requires AP-1 at maintenance, it decays.",
poem_6_3,Single-cell live imaging of AP-1 dynamics and heritability,"Track AP-1 reporters, or endogenous FOS/JUN tagged with fluorescent proteins, in single cells over multiple divisions. Test whether activity states are inherited by daughter cells and whether the state depends on the history of past pulses, using lineage-resolved analysis and mathematical modeling of bistability or hysteresis.",
poem_6_4,Targeted perturbation of specific AP-1 sites,"Use CRISPR to delete or mutate AP-1 motifs at candidate memory enhancers. Use dCas9-based activation or repression to impose or erase accessibility at the same sites. Then measure whether the primed response and chromatin state follow the edit, which tests causality at individual loci.",
poem_7_0,Transient stimulus with delayed re-challenge,"Expose cells (e.g., fibroblasts, macrophages, or keratinocytes) to a defined stimulus such as TPA, TNF, or wounding. After a washout of days to weeks, re-challenge them and compare transcriptional kinetics and amplitude with naive cells by RNA-seq. A faster or stronger response that depends on AP-1 would indicate memory.",
poem_7_1,Longitudinal ATAC-seq/CUT&RUN of AP-1 occupancy,"Profile chromatin accessibility, AP-1 (FOS/JUN) binding, and histone marks (H3K27ac, H3K4me1) before stimulation, after it, and after a long washout. Identify AP-1 motif-enriched regions that stay open or primed once the signal is gone, and check whether those regions respond more strongly on re-challenge.",
poem_7_2,Acute AP-1 perturbation at different time windows,"Use inducible dominant-negative AP-1 (A-FOS), degron-tagged JUN/FOS, or CRISPRi to remove AP-1 either during the initial stimulus or only during the memory (washout) phase. If memory requires AP-1 only for establishment, or also for maintenance, the effects on later responses and on accessibility will differ. This separates a role in establishing memory from a role in maintaining it.",
poem_7_3,Single-cell multiome and live-cell reporters of AP-1 history,"Pair scRNA/scATAC multiome with live imaging of AP-1 activity reporters or FOS-GFP knock-ins to track individual cells and their lineages. Test whether a cell's past AP-1 activity predicts its later accessibility and responsiveness, and whether this persists through cell divisions, which would show heritable memory beyond a population average.",
poem_7_4,Targeted motif and site-specific causal editing,"Mutate or delete specific AP-1 motifs at candidate memory enhancers with CRISPR base editing, or block them with dCas9. Alternatively, use a massively parallel reporter assay or an integrated reporter to test whether enhancer priming and the memory response depend on those motifs. This tests whether the effect is local and sequence-specific, and whether it requires cofactors such as BAF/SWI-SNF, tested by inhibiting them.",
distant_paragraph_0_0,"Transient stimulus with AP-1 degron, then re-challenge","Expose cells to a defined transient stimulus (e.g., TNF, wounding, or growth factor pulse), then acutely deplete AP-1 (FOS/JUN family) with a degron at different times after the stimulus. Re-challenge weeks later and measure whether the primed transcriptional response persists without AP-1 present, separating AP-1 as a maintainer from AP-1 as an initiator.",
distant_paragraph_0_1,Longitudinal ATAC-seq/CUT&RUN of AP-1 occupancy and accessibility,"Profile chromatin accessibility, AP-1 motif footprints, JUN/FOS binding, and H3K27ac/H3K4me1 at time points from during the stimulus to many cell divisions after its removal. Test whether AP-1-bound enhancers stay open or become 'latent' after the stimulus, and whether AP-1 binding is required to keep them so.",
distant_paragraph_0_2,Single-cell multiome lineage tracing of memory inheritance,"Combine single-cell RNA/ATAC with clonal barcodes or live-cell reporters to compare memory states in sister cells and across divisions. If AP-1-dependent states are heritable, sister cells should show correlated accessibility and re-activation kinetics beyond what is expected from shared environment.",
distant_paragraph_0_3,Locus-specific perturbation with dCas9 tools,"Use dCas9-based recruitment or blocking of AP-1 motifs, plus CRISPR deletion or mutation of specific motifs at candidate memory enhancers. Test whether altering a single AP-1 site abolishes or creates memory at that gene (faster re-induction, retained accessibility) in cis, independent of global AP-1 levels.",
distant_paragraph_0_4,"Dose, duration, and composition sweeps with live reporters and modeling","Vary the strength, duration, and frequency of stimuli and AP-1 dimer composition (e.g., FOS vs. JUNB vs. ATF3 overexpression) while tracking AP-1 activity and target gene reporters live. Fit mathematical models (hysteresis, bistability, positive feedback) to test whether AP-1 dynamics show the signatures of a self-sustaining memory circuit versus a purely transient signal-following response.",
distant_paragraph_1_0,Longitudinal chromatin accessibility after transient stimulus,"Stimulate cells (e.g., macrophages, fibroblasts, or neurons) with a transient signal that induces AP-1, then run ATAC-seq and CUT&RUN for AP-1 (FOS/JUN), H3K27ac, and H3K4me1 at multiple time points after washout. Test whether AP-1-bound enhancers stay open and primed long after AP-1 activity returns to baseline, and whether a second stimulus gives a faster or stronger transcriptional response at those sites.",
distant_paragraph_1_1,Acute AP-1 degradation during memory maintenance,"Use degron tags (dTAG/AID) or dominant-negative A-FOS to remove AP-1 before priming, during the rest period, and at restimulation. If AP-1 is needed only to establish memory, accessibility should persist after removal; if it is needed to maintain memory, accessibility and the faster secondary response should decay.",
distant_paragraph_1_2,Single-cell multiome tracking of priming and response,"Perform paired scRNA/scATAC-seq on naive, primed, and restimulated cells to link each cell's AP-1 motif accessibility to its secondary response. Test whether memory is heritable and graded (clonal, tracked with lineage barcodes across divisions) or an all-or-none state. Compare this against cells that were never primed.",
distant_paragraph_1_3,"Live-cell AP-1 reporters, pulse history, and feedback dynamics","Use endogenous tagging of FOS/JUN and AP-1 transcriptional reporters, with optogenetic or pulsatile stimulation, to record single-cell dynamics over days. Test whether prior pulse history predicts later response amplitude or kinetics after AP-1 levels have returned to baseline, and whether the memory is carried by a self-sustaining feedback loop with bistable or hysteretic behavior.",
distant_paragraph_1_4,Site-specific causal perturbation of AP-1 motifs,"Use CRISPR editing of AP-1 motifs, or dCas9-based recruitment and blocking, at selected memory-associated enhancers. Then test whether priming-induced accessibility, histone marks, and faster re-induction of nearby genes are lost. Include perturbation of cooperation with SWI/SNF (BAF) and lineage factors such as PU.1 to distinguish AP-1 as the memory carrier from AP-1 as only one input to a broader chromatin state. Complement this with in vivo tests, for example in trained-immunity or injury-primed tissues after the stimulus is gone.",
distant_paragraph_2_0,Transient stimulus with delayed re-challenge,"Expose cells to a brief stimulus (e.g., TNF, EGF, or PMA), let it wash out for hours to days, then re-stimulate and measure the transcriptional response (RNA-seq, nascent RNA) relative to naive cells. Compare the memory-linked response in wild-type cells and cells with AP-1 (FOS/JUN) knocked out or acutely degraded to see whether AP-1 is needed for the primed or altered response.",
distant_paragraph_2_1,Longitudinal chromatin accessibility and AP-1 occupancy profiling,"Run ATAC-seq or scATAC-seq, plus CUT&RUN for JUN/FOS, before, during, and after stimulation and after long washout. Look for enhancers that stay open and keep AP-1 motifs or binding after the signal is gone, and test whether these sites carry H3K27ac or H3K4me1 and predict enhanced re-induction of nearby genes.",
distant_paragraph_2_2,Acute degron perturbation at defined time windows,"Use dTAG or auxin-inducible degradation of AP-1 components during the initial stimulus, during the memory (washout) phase, or during re-challenge. This separates AP-1's role in establishing memory from its role in maintaining it and from its role in executing the recall response.",
distant_paragraph_2_3,Single-cell live imaging of AP-1 dynamics and heritability,"Track endogenously tagged FOS/JUN and AP-1 reporters in single cells through stimulation, washout, division, and re-stimulation. Quantify whether pulse history, level, or duration is retained and passed to daughter cells, and whether it predicts later reporter output beyond cell-to-cell noise.",
distant_paragraph_2_4,Targeted enhancer editing and synthetic AP-1 recruitment,"Mutate AP-1 motifs at candidate memory enhancers with CRISPR, and in separate experiments recruit AP-1 or its cofactors with dCas9 fusions at those sites. Test whether motif loss abolishes memory and whether forced AP-1 binding is sufficient to create a lasting accessible, primed state. Add perturbation of chromatin partners such as BAF/SWI-SNF to probe mechanism.",
distant_paragraph_3_0,Transient stimulus with delayed re-challenge,"Expose cells to a defined, transient AP-1-activating stimulus (e.g., TPA, TNF, or injury), let signaling return to baseline, then re-stimulate days to weeks later. Compare transcriptional output (RNA-seq) and chromatin accessibility against naive cells to test whether prior exposure leaves a lasting, AP-1-dependent change in response.",
distant_paragraph_3_1,Time-resolved ATAC-seq/CUT&RUN of AP-1 occupancy and motif accessibility,"Track chromatin accessibility, H3K27ac, and JUN/FOS binding at AP-1 motif-containing enhancers before, during, and long after the stimulus. Persistent opening or retained binding after AP-1 activity decays would indicate an epigenetic memory, and chromVAR motif analysis can quantify it.",
distant_paragraph_3_2,Acute AP-1 depletion during memory maintenance phase,"Use degron-tagged (dTAG/AID) or dominant-negative (A-FOS) AP-1 factors to remove AP-1 either only during the initial stimulus or only during the maintenance/recall phase. This separates AP-1 as the initiator of memory from AP-1 as the maintainer, and shows whether enhancer accessibility and primed responses persist without it.",
distant_paragraph_3_3,Single-cell multiome and lineage tracing of memory states,"Perform single-cell RNA plus ATAC on stimulated and naive populations over time, combined with heritable barcodes or live reporters of AP-1 activity. This tests whether memory is carried by cell-autonomous states inherited through divisions, and whether it correlates with prior AP-1 dynamics in individual cells.",
distant_paragraph_3_4,Optogenetic AP-1 activation to test sufficiency,"Drive AP-1 factors (e.g., FOS/JUN) with light-inducible or pulsed expression at varied dose, duration, and frequency, then measure persistence of target gene expression and chromatin changes. Testing whether AP-1 alone is sufficient to create a lasting state, and how pulse patterns affect it, tests its causal role and tunability as a memory mechanism.",
distant_paragraph_4_0,Stimulus-then-washout chromatin accessibility time course,"Expose cells to a transient AP-1-activating stimulus (e.g., TPA, injury, or cytokine), then track ATAC-seq, CUT&RUN for FOS/JUN, and H3K27ac at multiple timepoints after washout. Persistent accessible regions containing AP-1 motifs after AP-1 protein levels return to baseline indicate a memory-like chromatin state.",
distant_paragraph_4_1,Re-stimulation response assay (primed vs naive),"Compare transcriptional output (RNA-seq, nascent PRO-seq) of previously stimulated versus naive cells upon a second challenge days to weeks later. Faster or stronger induction of AP-1 target genes in primed cells, with kinetics quantified, tests functional memory.",
distant_paragraph_4_2,Acute AP-1 perturbation with degron or dominant-negative,"Use dTAG/auxin-inducible degradation or dominant-negative A-FOS during different windows (during priming, during the memory interval, or at re-challenge). Loss of memory only when AP-1 is removed during specific windows distinguishes AP-1 as the establishing versus maintaining mechanism.",
distant_paragraph_4_3,Single-cell multiome and lineage-tracing of memory persistence,Perform paired scRNA/scATAC-seq on primed cells and track clones through division with barcoding or live reporters. This reveals whether AP-1 accessibility states are heritable across cell divisions and how heterogeneous memory is among individual cells.,
distant_paragraph_4_4,Synthetic sufficiency test with optogenetic or CRISPR-targeted AP-1 sites,"Pulse AP-1 activity with optogenetic FOS/JUN, or use dCas9-based recruitment or deletion of specific AP-1 motifs at candidate enhancers. Then measure whether accessibility, pioneer-factor cooperation (e.g., with BAF), and gene responsiveness persist after the pulse, testing sufficiency and locus-specific necessity.",
distant_paragraph_5_0,Longitudinal chromatin accessibility after transient stimulus,"Stimulate cells (e.g., with TNF, wounding cues, or EGF), then perform ATAC-seq and CUT&Tag for AP-1 factors (FOS, JUN) and H3K27ac at multiple time points after withdrawal, including weeks later. AP-1 motif-containing open regions that outlast the stimulus and are absent in naive cells would indicate an epigenetic memory footprint.",
distant_paragraph_5_1,Acute AP-1 degradation to test necessity for maintenance,"Use degron tags (dTAG/auxin) or dominant-negative A-FOS to remove AP-1 either during priming or only after the stimulus has ended. Then measure whether memory accessibility and faster or stronger transcriptional re-induction on restimulation are lost. Loss of memory with removal during maintenance but not priming would show that AP-1 is needed to sustain memory, not only to establish it.",
distant_paragraph_5_2,Single-cell restimulation response assay,"Prime cells, rest them for varying durations, then restimulate and compare naive and primed cells by scRNA-seq or live reporters of AP-1 target genes. Quantify response magnitude, speed, and the fraction of responding cells, and track the decay of the memory with time and cell division. This tests whether the memory is heritable and whether it is graded or binary.",
distant_paragraph_5_3,Sufficiency test via synthetic AP-1 induction and locus-specific recruitment,"Transiently express FOS/JUN, or recruit them with dCas9 to a defined enhancer, in naive cells. Then test whether chromatin opening, pioneer-like nucleosome remodeling (BAF recruitment), and later enhanced gene responses persist after the factor is removed. Comparing this with a DNA-binding or transactivation mutant controls for specificity.",
distant_paragraph_5_4,Live imaging of AP-1 dynamics with lineage tracking,"Image endogenously tagged FOS/JUN or AP-1 activity reporters in single cells through priming, rest and restimulation, and follow daughter cells. Correlate pulse history, dynamics and dimer composition with later responsiveness, to determine whether memory is stored in AP-1 levels, persistent feedback loops, or chromatin state inherited across divisions.",
distant_paragraph_6_0,Transient stimulus with delayed re-challenge (priming assay),"Expose cells to a brief inflammatory or growth-factor stimulus, let them rest for days to weeks, then re-stimulate and measure faster or stronger induction of AP-1 target genes (RNA-seq, nascent transcription via PRO-seq) relative to naive cells. Persistence beyond the decay of FOS/JUN protein and mRNA would distinguish memory from lingering signaling.",
distant_paragraph_6_1,Longitudinal chromatin accessibility and AP-1 occupancy profiling,"Use ATAC-seq, CUT&RUN/CUT&Tag for FOS/JUN family members, and H3K27ac/H3K4me1 ChIP at time points before, during and long after stimulation to find enhancers that stay open or bound after the stimulus is gone. Motif analysis and footprinting would test whether AP-1 binding marks the retained 'memory' regions, and whether these regions overlap with those showing enhanced re-induction.",
distant_paragraph_6_2,Acute AP-1 degradation during the memory phase,"Use degron-tagged (dTAG/AID) or dominant-negative (A-FOS) AP-1 factors to deplete AP-1 either only during the initial stimulus or only during the rest period, then re-challenge. The timing of loss will show whether memory requires AP-1 only for establishment or also for maintenance, and whether chromatin accessibility persists without it.",
distant_paragraph_6_3,Sufficiency test with a synthetic AP-1 pulse and site-specific recruitment,Induce a transient pulse of an AP-1 factor (optogenetic or chemically inducible c-Jun/FOS) without the natural stimulus and test whether it alone leaves lasting accessibility and enhanced responsiveness. Complement this with dCas9-targeted recruitment or CRISPR motif mutation at individual enhancers to test whether AP-1 sites at a locus are necessary and sufficient for its memory.,
distant_paragraph_6_4,Single-cell and lineage tracking of memory inheritance,"Combine live-cell reporters of AP-1 activity or target genes with single-cell multiome (RNA + ATAC) and lineage barcoding to test whether memory is carried through cell divisions and varies across clones. Compare sister cells and the number of divisions after the stimulus to determine whether memory is stable, heritable and cell-autonomous, versus a population-level or paracrine effect.",
distant_paragraph_7_0,"Transient stimulus with delayed re-challenge, mapped by ATAC/CUT&RUN","Expose cells to a brief stimulus (e.g., TPA, TGF-β, or inflammatory signal), withdraw it for days to weeks, then re-stimulate. Compare chromatin accessibility, AP-1 (FOS/JUN) binding, and transcription in primed versus naive cells to see whether AP-1-bound sites stay open and give a faster or stronger second response.",
distant_paragraph_7_1,Acute AP-1 degradation during the memory phase,"Use inducible degron or dominant-negative (A-FOS) systems to remove AP-1 either during the initial stimulus or only after stimulus withdrawal. If memory needs AP-1 to be established but not maintained, or needs it throughout, the two timings will show that and separate initiation from maintenance.",
distant_paragraph_7_2,Single-cell multiome with lineage tracing of memory persistence,"Run paired scRNA-seq and scATAC-seq on primed cells across time and through cell divisions, with barcodes or clonal tracking. This tests whether AP-1 motif accessibility and target expression are inherited by daughter cells, and whether memory is heterogeneous (bimodal) or graded.",
distant_paragraph_7_3,Site-specific perturbation of AP-1-dependent enhancers,"Use CRISPR deletion of AP-1 motifs, or dCas9-KRAB/dCas9-p300 at candidate memory enhancers. Measure whether disabling a motif abolishes the primed response and whether forced activation can substitute for the priming stimulus, which would show that the sites themselves carry the memory.",
distant_paragraph_7_4,Live-cell AP-1 dynamics and reporter readout,"Image endogenously tagged FOS/JUN, or an AP-1 transcriptional reporter, in single cells across repeated stimuli. Test whether the memory shows up as a persistent protein level, a change in dynamics, or a faster reporter induction, and whether it depends on cooperating factors or histone marks (H3K27ac, H3K4me1) checked by ChIP or CUT&Tag.",
random_tokens_0_0,Time course of chromatin accessibility after a transient stimulus,"Stimulate cells (e.g., fibroblasts or macrophages) with a transient signal, then run ATAC-seq and CUT&RUN for AP-1 factors (FOS, JUN) and H3K27ac at multiple time points after washout. Persistent AP-1-bound enhancers that stay open after the signal ends, and that prime a faster or stronger response to restimulation, would support a memory role.",
random_tokens_0_1,Acute AP-1 degradation during priming versus recall,"Use degron-tagged (dTAG/AID) FOS or JUN, or a dominant-negative A-FOS, to remove AP-1 either during the initial priming stimulus or only during the memory (washout) phase. If depleting it only during the washout phase erases enhanced re-induction, AP-1 is needed to maintain memory, not just to establish it.",
random_tokens_0_2,Single-cell multiome tracking of history-dependent responses,"Perform paired scRNA-seq and scATAC-seq on naive, primed and re-stimulated cells, and correlate AP-1 motif accessibility with each cell's transcriptional response. Include live reporters of AP-1 activity to link individual cells' stimulation history to their later response and to test whether memory is heritable across divisions.",
random_tokens_0_3,Optogenetic or synthetic AP-1 pulse-encoding experiments,"Drive AP-1 with controlled pulses of different duration, frequency and amplitude, using optogenetic or chemically inducible FOS/JUN. Measure target-gene output and enhancer state after later challenges to determine whether AP-1 dynamics are integrated and stored, and whether the memory is dose- or timing-dependent.",
random_tokens_0_4,Locus-specific causal tests of AP-1 pioneer-like function,"Use CRISPR deletion or dCas9 perturbation of AP-1 motifs at candidate memory enhancers. Pair this with in vitro nucleosome-binding assays and Hi-C or Micro-C to test whether AP-1 binding opens chromatin, recruits SWI/SNF (BAF) and sustains looping after the signal is gone. Compare the effects with those of non-AP-1 memory mechanisms, such as histone marks or DNA methylation.",
random_tokens_1_0,Transient stimulus with delayed re-challenge,"Expose cells to a defined AP-1-activating stimulus (e.g., TPA, TNF, or injury signals), wash it out, then re-stimulate after varying delays (hours to weeks). Measure whether transcriptional output and kinetics of AP-1 targets differ from naive cells, and whether the effect depends on prior AP-1 activity.",
random_tokens_1_1,Longitudinal chromatin accessibility and AP-1 binding profiling,"Use ATAC-seq, CUT&RUN/CUT&Tag for FOS/JUN family members, and H3K27ac at time points before, during, and long after the stimulus. Test whether AP-1-dependent enhancers stay open or primed after AP-1 levels return to baseline, and whether motif-containing sites show persistent accessibility.",
random_tokens_1_2,Acute AP-1 perturbation to separate initiation from maintenance,"Use inducible dominant-negative A-FOS, degron-tagged JUN/FOS, or CRISPRi to remove AP-1 either during the initial stimulus or only after it. If memory requires AP-1 only for establishment, it should persist after late removal; if AP-1 is also needed for maintenance, the memory should be lost.",
random_tokens_1_3,Single-cell live imaging of AP-1 dynamics with lineage tracking,"Image endogenous fluorescent reporters of FOS/JUN activity and target-gene transcription (e.g., MS2) in single cells through stimulus, rest, and division. Test whether the history of a cell's AP-1 pulses predicts its later response, and whether the state is inherited by daughter cells in a heritable, bistable manner.",
random_tokens_1_4,Targeted enhancer editing and epigenome manipulation,"Mutate AP-1 motifs at candidate memory enhancers, or use dCas9 to recruit or block chromatin modifiers there. Then measure the effect on persistent accessibility, histone marks, and the enhanced secondary response. This tests whether AP-1 binding at specific loci is causally required for memory, rather than merely correlated with it.",
random_tokens_2_0,Transient stimulus with delayed re-challenge and dose/duration series,"Expose cells to a defined pulse of AP-1-activating signal (e.g., TPA, TNF, or injury), wait days to weeks after AP-1 activity returns to baseline, then re-stimulate and measure whether transcriptional output (RNA-seq, target gene induction kinetics) is faster or stronger than in naive cells. Include dose and duration series to define the memory window.",
random_tokens_2_1,Longitudinal chromatin accessibility and AP-1 occupancy profiling,"Use ATAC-seq, CUT&RUN/ChIP-seq for FOS/JUN family members, and H3K27ac across a time course (before, during, and long after stimulation) to test whether AP-1-bound enhancers stay open or primed after AP-1 itself is no longer active. Motif footprinting and single-cell multiome data can reveal whether persistent accessibility is AP-1-dependent and heterogeneous across cells.",
random_tokens_2_2,Acute degron or dominant-negative perturbation at distinct phases,"Use an inducible degron (e.g., dTAG/AID on JUN/FOS) or dominant-negative A-FOS to remove AP-1 either during the initial stimulus (to test for establishment) or after stimulation but before re-challenge (to test for maintenance). Comparing the two shows whether AP-1 is required to establish the memory, to maintain it, or both.",
random_tokens_2_3,Single-cell live imaging of AP-1 dynamics and reporters across lineages,"Track endogenous FOS/JUN with fluorescent knock-ins and AP-1 target reporters over many days in single cells and their lineages, to ask whether past activity history predicts later response and whether states are inherited through division. Lineage-correlation and mother–daughter analyses separate cell-autonomous heritable memory from persistent external signaling.",
random_tokens_2_4,Targeted enhancer editing and epigenetic perturbation,"Use CRISPR to mutate AP-1 motifs at candidate memory enhancers, or dCas9-based writers or erasers (e.g., KRAB, p300, TET) to alter their chromatin state. Then test whether memory of the prior stimulus is lost or conferred. This establishes causal links between specific AP-1 sites, chromatin changes, and the memory phenotype, using cell-cycle-synchronized and parallel-lineage controls to control for cell cycle and other transcription factors.",
random_tokens_3_0,Transient stimulus with delayed recall of chromatin accessibility,"Expose cells (e.g., fibroblasts or macrophages) to a brief AP-1-activating stimulus (TPA, EGF, or injury cue), wash out, and after days to weeks profile ATAC-seq and H3K27ac CUT&Tag. Then restimulate and test whether sites that stayed open or primed show faster or stronger transcription (nascent RNA-seq) than in naive cells.",
random_tokens_3_1,Acute degron-based AP-1 depletion in different time windows,"Use dTAG/auxin degrons on FOS, JUN, or pioneer-like AP-1 factors to remove AP-1 during the initial stimulus, after it, or only during recall. If memory requires ongoing AP-1, removal after priming should erase it; if AP-1 is needed only to establish memory, removal at that point should have no effect.",
random_tokens_3_2,Single-cell multiome tracking of lineage-linked memory,"Perform paired scRNA/scATAC-seq, with lineage barcodes or live reporters, on cells at several times after a transient stimulus. Test whether AP-1 motif accessibility and target expression are inherited across cell divisions in clonal families, and whether they are bimodal, as expected for epigenetic memory.",
random_tokens_3_3,Live-cell imaging of AP-1 dynamics and target reporters,"Image endogenously tagged FOS/JUN and a transcriptional reporter of a target gene (MS2/PP7) through repeated pulses of stimulation. Quantify whether the history of pulses, such as their number or spacing, changes later binding dwell times or burst frequency, which would indicate a memory beyond simple signaling.",
random_tokens_3_4,Targeted epigenome editing at AP-1-dependent enhancers,"Use dCas9 tools to either block AP-1 motifs or force chromatin opening or closing (dCas9-p300, dCas9-KRAB) at selected primed enhancers, with and without prior stimulation. Measure whether the enhancer's state is sufficient to reproduce or abolish the memory response, which separates the contribution of AP-1 binding from that of downstream chromatin marks.",
random_tokens_4_0,Transient stimulus with delayed re-challenge,"Expose cells to a defined, transient AP-1-activating stimulus (e.g., TPA, TNF, or stress), wash out, then re-challenge after days to weeks. Compare transcriptional output and AP-1 occupancy with naive cells to test whether a persistent, stimulus-independent change in responsiveness exists.",
random_tokens_4_1,Longitudinal chromatin accessibility and AP-1 binding profiling,"Use ATAC-seq, CUT&Tag/ChIP-seq for FOS/JUN family members, and histone marks (H3K27ac, H3K4me1) at multiple time points before, during, and long after stimulation. Test whether AP-1-dependent accessible 'memory' regions stay open after AP-1 itself returns to baseline, and whether motif-bearing sites predict this.",
random_tokens_4_2,Acute AP-1 perturbation at different phases,"Use an inducible degron or dominant-negative (e.g., A-FOS) to remove AP-1 either during the initial stimulus or only during the memory/maintenance phase. Distinguish AP-1 as an initiator of memory (needed only early) from a maintainer (needed continuously) by assessing chromatin state and re-challenge response.",
random_tokens_4_3,Single-cell live imaging of AP-1 dynamics with lineage tracking,"Image fluorescent reporters of endogenous FOS/JUN levels or AP-1 activity in single cells through stimulation and division, tracking lineages. Test whether history-dependent AP-1 dynamics are inherited by daughter cells and correlate with future response heterogeneity, beyond what is explained by noise.",
random_tokens_4_4,Targeted motif editing and epigenome manipulation at memory loci,"Use CRISPR to mutate AP-1 motifs at specific enhancers, or dCas9-based recruitment of AP-1 factors or chromatin modifiers, and measure the effect on retained accessibility and faster re-induction of nearby genes. This tests sufficiency and necessity of AP-1 binding at individual loci for encoding memory, and extends to in vivo contexts such as wound-healing or immune-trained cells.",
random_tokens_5_0,Transient stimulus with long-term chromatin accessibility tracking,"Expose cells (e.g., fibroblasts, macrophages, or keratinocytes) to a brief stimulus such as TNF, TPA, or injury signals, then run ATAC-seq and AP-1 (FOS/JUN) CUT&RUN at multiple time points after washout. Persistence of AP-1 motif-enriched accessible sites and H3K27ac long after AP-1 activity returns to baseline would indicate a memory state.",
random_tokens_5_1,Acute AP-1 degradation or dominant-negative block during priming versus recall,"Use degron-tagged (dTAG/AID) c-JUN/FOS or dominant-negative A-FOS to remove AP-1 either only during the initial priming stimulus or only during the later restimulation. If depletion at priming abolishes the enhanced secondary response but depletion at recall does not, AP-1 is needed to establish the memory rather than just to read it.",
random_tokens_5_2,Single-cell multiome with live AP-1 reporters,"Combine single-cell RNA and ATAC profiling with a live-cell AP-1 activity reporter or FOS/JUN imaging to link each cell's history of AP-1 dynamics to its later chromatin state and transcriptional response. This tests whether the memory is cell-autonomous, heritable across divisions, and dependent on the dose or duration of the earlier AP-1 signal.",
random_tokens_5_3,AP-1 motif editing and dCas9 manipulation at candidate memory enhancers,"Use CRISPR base editing or deletion to mutate AP-1 motifs at enhancers that stay accessible after priming, and use dCas9-based activators or repressors to manipulate those loci. Then measure whether faster or stronger gene reactivation upon restimulation depends on the sites, which would show that they are causally required for memory.",
random_tokens_5_4,Pioneer and cofactor dependence plus mitotic inheritance of AP-1 binding,"Test whether AP-1 together with partners such as the BAF/SWI-SNF complex maintains accessibility through DNA replication and mitosis. Use synchronized cell cycles, mitotic bookmarking assays (mitotic-chromosome CUT&RUN or imaging), and BAF inhibitors or degraders to determine whether the memory is epigenetically inherited and depends on AP-1 recruiting remodelers.",
random_tokens_6_0,Chromatin accessibility time course after transient stimulus,"Expose cells (e.g., fibroblasts or macrophages) to a transient stimulus such as TPA, serum, or LPS, then profile ATAC-seq and AP-1 (FOS/JUN) CUT&RUN at multiple times after washout and re-stimulation. Persistent accessibility at AP-1 motif-containing enhancers after AP-1 levels return to baseline would indicate a memory-like chromatin change.",
random_tokens_6_1,Acute AP-1 degradation after priming,"Use dTAG/auxin-inducible degrons or dominant-negative A-FOS to deplete AP-1 either during priming or after priming but before the second stimulus. If the primed state needs AP-1 only during establishment, AP-1 acts as a trigger. If it needs AP-1 during maintenance and recall, AP-1 is a continuing component of memory.",
random_tokens_6_2,Single-cell multiome tracking of memory,"Run paired scRNA-seq and scATAC-seq on primed versus naive cells before and after a second challenge, and relate AP-1 motif accessibility (chromVAR) to the strength of the secondary transcriptional response in each cell. Test whether memory is cell-autonomous, heritable across divisions, and graded or binary.",
random_tokens_6_3,Live-cell AP-1 reporter with lineage tracing,"Image a FOS/JUN endogenous-tagged or AP-1 transcriptional reporter in single cells through repeated stimulation and cell divisions, using lineage tracking. Measure whether prior activation history, and its inheritance by daughter cells, predicts the amplitude or kinetics of later responses.",
random_tokens_6_4,Targeted enhancer perturbation and epigenetic editing,"Mutate AP-1 motifs at candidate memory enhancers by CRISPR base editing, or use dCas9-based writers and erasers of H3K27ac and H3K4me1 at those sites. Then measure changes in primed accessibility, cofactor recruitment (BAF, p300), and the faster secondary transcription, to test whether AP-1 binding is necessary and sufficient for the retained state.",
random_tokens_7_0,Transient stimulus with delayed re-challenge,"Expose cells to a transient AP-1-activating stimulus (e.g., TPA, TNF, or injury), let signaling return to baseline, then re-stimulate days to weeks later. Compare transcriptional output and chromatin accessibility to naive cells to test for primed, enhanced responses.",
random_tokens_7_1,Longitudinal ATAC-seq/CUT&RUN of AP-1 occupancy and chromatin state,"Track AP-1 factor binding (FOS, JUN, FOSL), accessibility, and H3K27ac/H3K4me1 at AP-1 motif-containing enhancers before, during, and long after stimulation. Persistent accessibility or histone marks after AP-1 binding is lost would indicate that AP-1 establishes a lasting epigenetic memory.",
random_tokens_7_2,Acute AP-1 degradation during stimulus versus memory phase,Use dTAG/auxin-degron or dominant-negative A-FOS to remove AP-1 either during the initial stimulus or only during the later maintenance period. This separates a role for AP-1 in establishing memory (needed only initially) from a role in maintaining it (needed continuously).,
random_tokens_7_3,Single-cell live imaging of AP-1 dynamics and heritability,"Use fluorescent reporters of AP-1 activity and endogenously tagged FOS/JUN to follow single cells and their lineages through stimulation and division. Quantify whether activity history predicts later responses and whether the state is inherited across cell divisions, which would indicate bistability or feedback.",
random_tokens_7_4,Motif mutation and synthetic enhancer tests with in vivo validation,"Use CRISPR to edit or delete AP-1 motifs at candidate memory enhancers, or use dCas9-based tethering of AP-1 or chromatin modifiers, and measure the effect on memory-associated accessibility and the response to re-stimulation. Complement this with in vivo models such as epidermal wound or inflammation paradigms with lineage tracing to test relevance in tissue.",
self_designed_0_0,AP-1 occupancy half-life after stimulus withdrawal,"Pulse cells with a stimulus (e.g., TPA, injury cytokines, or optogenetic ERK), then track AP-1 (FOS/JUN) binding, chromatin accessibility and enhancer H3K27ac by time-course CUT&Tag/ATAC over days to weeks. Memory is supported if AP-1-marked sites persist well beyond the decay of AP-1 protein and transcription, and the persistence is selective for previously stimulated sites rather than a general slow decay.",
self_designed_0_1,"Dose and dominant-negative titration of AP-1 at priming, rest and recall","Use degron-tagged JUN/FOS or inducible dominant-negative A-FOS (or partial-affinity motif variants) to deplete or weaken AP-1 only during priming, only during the rest period, or only at re-challenge. If AP-1 is needed only at priming to establish the memory but not at recall, it is an initiator, while a requirement at recall means it is a reader. Partial or mismatched motif variants should show whether graded AP-1 input produces graded memory.",
self_designed_0_2,Combinatorial dimer and cofactor composition of memory sites,"Profile which FOS/JUN/ATF dimers and partner factors (e.g., BAF or lineage TFs) occupy primed versus naive enhancers, using sequential ChIP (re-ChIP) or CUT&RUN with single-molecule footprinting. Test whether memory is carried by specific combinations that form on chromatin after priming and are not present for AP-1 or the partners alone.",
self_designed_0_3,Single-cell lineage-tracked memory inheritance,"Combine live AP-1 activity reporters with barcoded lineage tracing and multiome (scRNA and scATAC) to compare sister cells after priming and several divisions. Higher sister-cell concordance than unrelated cells in recall-response magnitude and accessibility at AP-1 sites would indicate heritable, cell-autonomous memory, while discordance would indicate transient signaling states.",
self_designed_0_4,Sufficiency by site-specific addition and removal of AP-1 motifs or recruitment,"Use dCas9-based tools to add or remove AP-1 motifs or AP-1 recruitment at chosen enhancers (e.g., motif deletion by base editing, or dCas9-FOS recruitment) in naive and primed cells. Test whether deleting motifs erases the faster or stronger re-response at that locus, and whether artificially recruiting AP-1 to a naive locus is enough to install a memory-like response without the original stimulus.",
self_designed_1_0,Single-site versus combinatorial AP-1 motif disruption,"Test whether memory depends on multiple overlapping, partially redundant AP-1 sites rather than any single enhancer. Use CRISPR base-editing of AP-1 motifs singly and in combinations at stimulus-primed loci, then measure the decay time of the enhanced re-response after stimulus withdrawal, to see whether persistence scales with the number of intact sites instead of depending on any one.",
self_designed_1_1,Testing propagation and transfer of the AP-1 chromatin state without the original stimulus,"Sort primed cells, withdraw the stimulus, and track AP-1 occupancy, accessibility (ATAC) and H3K27ac in daughter cells of the cell line over many divisions to test whether the state propagates without the original signal. Then test sufficiency by transplanting or co-culturing primed nuclei, or by nuclear transfer, into naive cells to see whether the primed response is transferred.",
self_designed_1_2,Single-cell variability in AP-1 pulses as a predictor of memory strength,"Live-image fluorescent FOS/JUN reporters and measure the pulse amplitude, frequency and duration in single cells during priming. Test whether the stochastic dynamics, and not the mean level, predict each cell's later hyper-responsiveness, using optogenetic AP-1 induction with matched means but different noise structures.",
self_designed_1_3,Time-resolved mapping of persistent versus transient AP-1-opened sites,"Map the lifecycle of AP-1-dependent enhancers with time-resolved CUT&RUN and ATAC-seq after priming, and separate sites that persist (memory candidates) from those that open and then close. Then ask whether the persistent subset has distinctive motif spacing, pioneer partners (e.g., BAF/SWI-SNF) or histone marks, and test with degron-mediated (dTAG) AP-1 removal at different times after priming to determine when AP-1 is required to maintain the sites versus only to establish them.",
self_designed_1_4,Delayed re-challenge with AP-1 loss at different times,"Run re-stimulation at intervals from hours to months, in vitro and in vivo (e.g., skin or immune stem cells), with acute AP-1 inhibition or degradation during the quiescent interval or at re-challenge. If AP-1 is a memory mechanism, loss of AP-1 at re-challenge but not during the interval, and vice versa, should dissociate storage from recall. Also record cases where the memory does not appear, to bound its duration and cell-type specificity.",
self_designed_2_0,Base-editing or dCas9 perturbation of individual AP-1 motifs at primed enhancers,"Instead of knocking out FOS/JUN, use CRISPR base editing or dCas9 perturbation of individual AP-1 motifs and their flanking sequence at stimulus-primed enhancers, then re-stimulate after a rest period. If memory resides in specific sites, edits there should alter the secondary response (faster or stronger re-induction) without changing the primary response.",
self_designed_2_1,"Footprinting of chromatin after AP-1 has left, combined with timed degradation","After a transient stimulus (e.g., TNF, injury, or neuronal activity) and washout, run time-course ATAC/CUT&Tag/DNase footprinting for AP-1 occupancy, together with H3K27ac and H3K4me1, to map sites that stay open or marked after AP-1 has left. Combine this with acute degron (dTAG) depletion of JUN/FOS at different times to test whether AP-1 is needed to establish, to maintain, or only to read out the memory.",
self_designed_2_2,Single-cell lineage-tracked history of AP-1 dynamics,"Live-image AP-1 activity (FOS/JUN reporters or optogenetic input) in single cells with lineage tracking through a first stimulus, a rest period spanning several divisions, and a second stimulus. Regress the second response on the cell's own past pulse history and on its relatives' histories, to separate heritable memory from cell-to-cell noise or a persistent signal.",
self_designed_2_3,Optogenetic pulse-pattern writing and erasing of memory,"Drive AP-1 with light-controlled FOS/JUN or an upstream kinase using defined pulse frequency, duration, and number, then measure the second response after varying delays. Map which input patterns leave a durable trace and which (e.g., opposing inputs or chromatin-opener inhibitors) erase it, using the same total dose delivered as one continuous pulse as the control.",
self_designed_2_4,Comparison of AP-1 memory in primed versus naive cells across tissues in vivo,"Compare AP-1 motif accessibility and transcriptional response in cells with documented history, such as trained-immunity macrophages, post-injury epithelial stem cells with wound memory, and activity-experienced neurons, against naive counterparts matched for age and cell type. Use single-cell multiome data and AP-1 dependency (e.g., dominant-negative A-FOS) to determine whether the memory is consistently AP-1-dependent across tissues or specific to some.",
self_designed_3_0,Pulse-pattern dependence of retained chromatin state,"Use optogenetic or chemically gated AP-1 (e.g., FOS/JUN) activation with identical total dose but different pulse frequencies, noise levels and spacing, then measure ATAC-seq accessibility and enhancer-gene output after a washout of weeks. If AP-1 acts as a memory mechanism, the retained chromatin state should depend on pulse pattern and history rather than total dose, and should show a threshold-like response.",
self_designed_3_1,Acute degron removal after the stimulus to separate maintenance from initiation,"After a priming stimulus (e.g., inflammation, injury, or differentiation cue), deplete JUN/FOS/ATF with a dTAG or auxin degron at staggered times. Measure whether primed accessibility and the faster secondary transcriptional response persist. Persistence after AP-1 removal would indicate memory stored in chromatin, whereas decay tracking AP-1 depletion would indicate a need for continuous AP-1 occupancy.",
self_designed_3_2,Footprinting of AP-1 motif sites that stay open without AP-1,"Compare primed and naive cells by CUT&Tag/ChIP for AP-1, partner factors (e.g., BAF), H3K27ac and H3K4me1, together with ATAC and footprinting, at various times after the stimulus. Classify sites where AP-1 binding is lost but accessibility or histone marks remain as a persistent chromatin layer, then use CRISPRi or motif mutation to test whether those sites cause the faster re-response.",
self_designed_3_3,Lineage-barcoded inheritance of AP-1 state in single cells,"Combine clonal barcoding with multiome (scRNA and scATAC) sequencing and live AP-1 reporters, and compare sister cells and clones across several divisions after the stimulus. Estimate heritability of the AP-1 accessibility state from the correlation within clones relative to random pairs, and its decay half-life in generations rather than time, to distinguish true mitotic memory from persistent signaling.",
self_designed_3_4,Noise perturbation of the AP-1 circuit to map memory states,"Introduce controlled variability into primed cells (variable stimulus dose, or tunable expression of a dominant-negative such as A-FOS), then quantify bimodality and hysteresis of the AP-1 target response using flow or imaging reporters in dose-up versus dose-down sweeps. A hysteresis loop, with cells remaining in the primed state at identical input, would show bistable self-reinforcement. Model fitting would determine whether AP-1 positive feedback (JUN autoregulation) is sufficient or whether chromatin must be included.",
self_designed_4_0,Degron-mediated AP-1 removal at graded times after the stimulus ends,"Instead of perturbing the inducing signal, use an acute degron (dTAG/AID) on FOS/JUN family members at graded times after a transient stimulus (e.g., wound, cytokine, or stress) and ask whether chromatin accessibility and the enhanced re-response persist without AP-1. If AP-1 is a memory mechanism, there should be a window where it is needed to establish the memory but dispensable to maintain it, or the reverse; the timing of that window distinguishes an establishing role from a maintaining role.",
self_designed_4_1,AP-1 motif editing at sites made accessible by prior stimulation,"Use CRISPR base editing or saturating mutagenesis at enhancers that gain accessibility after a first stimulus (ATAC-seq/CUT&RUN for FOS/JUN) to ablate single AP-1 motifs, then re-stimulate after rest and measure transcription (PRO-seq/reporter). Motifs whose disruption abolishes the faster or stronger secondary induction while leaving the naive first response intact identify sites required for memory but not for the response itself.",
self_designed_4_2,Competition between AP-1 dimers and other factors at memory loci,"Titrate the levels of different AP-1 dimer compositions (FOS/JUN/ATF, with dominant-negative A-FOS as a decoy) and measure occupancy competition with other factors (e.g., nucleosome, STAT, NF-κB) by single-molecule footprinting or Fiber-seq on the same DNA molecules. Test for memory as sites where the competitor-occupied state (factor-displaced or nucleosome-occluded) persists as a footprint after AP-1 itself is no longer bound.",
self_designed_4_3,Single-cell multiome comparison of two stimulus histories in barcoded clones,"Subject barcoded clonal cells to two regular stimulus trains (e.g., pulses with different periods) and measure paired scRNA/ATAC plus live AP-1 reporters (FOS-HaloTag/JUN). Test whether a clone-specific response not predictable from either train alone is inherited across divisions, comparing heritability within versus between clones with AP-1 occupancy as the mediator, to determine whether memory is carried by AP-1 state rather than lineage noise.",
self_designed_4_4,"Time-resolved measurement of AP-1 dynamics and nucleosome turnover, with prolongation of AP-1 activity","Perform time-resolved CUT&Tag for AP-1 factors, H3K27ac, and a nucleosome-turnover/histone-age label (e.g., SNAP-tag pulse-chase) across days after a transient stimulus, then fit models in which the delay between AP-1 loss and enhancer decay is the memory timescale. Then test causality by optogenetically or chemically prolonging AP-1 activity for a short window and checking whether the persistence time scales with it, which would show that the delay encodes the history.",
self_designed_5_0,AP-1-dependent accessibility after stimulus washout,"Expose cells to a transient stimulus (e.g., TPA, TNF, or wounding), then track chromatin accessibility (ATAC-seq/CUT&Tag for AP-1 motif sites, H3K27ac) over days to weeks after Fos/Jun levels return to baseline. Persistent AP-1-dependent accessibility at the same loci, with faster or stronger transcription on restimulation, would show memory is stored in chromatin state rather than in ongoing AP-1 activity.",
self_designed_5_1,"Acute AP-1 degradation timing: priming, rest, and restimulation","Use dTAG/auxin degrons or dominant-negative A-Fos to remove AP-1 at three distinct times: during priming, during the rest interval, and during restimulation. If loss during priming abolishes the memory but loss during rest or recall does not, AP-1 is needed only to establish it. If loss during rest erases it, AP-1 must keep maintaining it.",
self_designed_5_2,Single-cell lineage tracing of primed vs naive response with live AP-1 reporters,"Combine live Fos/Jun reporters or a FosTRAP-style recombinase label with barcoded lineages, so sister cells can be compared after a first stimulus and a later challenge. High sister-cell concordance of the second response, which persists through division, would indicate heritable memory and separate it from noise or persistent signaling.",
self_designed_5_3,Site-specific motif editing and dCas9 perturbation at memory enhancers,"Identify loci that show primed responses, then mutate individual AP-1 motifs by base editing, or recruit dCas9-KRAB or dCas9-p300, and test whether the memory of the loci is lost or created without altering the global AP-1 level. Doing this across many motifs (e.g., a massively parallel reporter assay in primed vs naive cells) tests whether the memory is sequence-encoded and whether AP-1 cooperates with partners such as BAF or pioneer factors.",
self_designed_5_4,"Dose, interval and decay-curve mapping with kinetic modeling","Vary the number, spacing and strength of stimulus pulses (including irregular intervals), and measure response amplitude and AP-1 binding for each. Fit models of no memory, a slowly decaying chromatin state, and bistability; the best-supported model (e.g., hysteresis, or a half-life much longer than AP-1 protein turnover) would indicate whether AP-1 behaves as a memory element and over what timescale.",
self_designed_6_0,Acute AP-1 removal at defined times after a transient stimulus,"Instead of overexpressing AP-1, use acute degron-mediated removal (dTAG/AID of FOS/JUN family members, or dominant-negative A-Fos) at defined times after a transient stimulus, and measure whether the primed transcriptional response and chromatin accessibility at AP-1 sites persist, decay, or collapse. This tests whether AP-1 is required to maintain the memory or only to establish it.",
self_designed_6_1,Predicting second-stimulus response from sites that were marked but not transcriptionally active,"After a first stimulus, use ATAC-seq and CUT&RUN for AP-1 and pioneer-factor co-binding to identify motifs that were occupied or opened but did not lead to transcription (poised or non-productive sites). Test, using held-out genes and a predictive model, whether these silent-but-marked sites predict the magnitude of the second-stimulus response better than the sites that were transcriptionally active.",
self_designed_6_2,Two-stimulus timing and dose offset test with live imaging of AP-1 dynamics,"Present two stimuli with varied timing and dose offsets (e.g., pulsed ERK/JNK inputs with different periods) while live-imaging AP-1 reporters and FOS/JUN dynamics in single cells. Test whether the second response depends on the offset between the stimuli, which would show history-dependent encoding in AP-1 dynamics rather than a simple state.",
self_designed_6_3,Single-cell lineage-tracked memory persistence,"Barcode or live-track cells through a stimulus, and let them divide without stimulus. Use sister-cell concordance of AP-1 target expression and accessibility, versus random pairs, over several divisions to quantify heritability and half-life. Pair with mitotic bookmarking assays (live imaging and CUT&RUN on mitotic chromosomes) to see whether AP-1 stays bound through mitosis.",
self_designed_6_4,Sufficiency by site-specific rewriting,"Use CRISPR to mutate individual AP-1 motifs (or dCas9-based recruitment and displacement of AP-1) at a few endogenous enhancers whose primed state is known. Then test whether memory of the prior stimulus is lost at that locus while neighboring loci retain it. Combine with an orthogonal epigenetic readout (H3K27ac, BAF nucleosome remodeling) to determine whether AP-1 itself or downstream chromatin marks carry the memory.",
self_designed_7_0,Prior-stimulus ATAC/CUT&Tag time course with AP-1 degron,"Stimulate cells (e.g., macrophages or fibroblasts with LPS, TNF, or wounding signals), wash out, and track chromatin accessibility, AP-1 (FOS/JUN) binding and H3K27ac at latent enhancers for days to weeks. Test necessity by acutely degrading (dTAG/AID) AP-1 factors at different times: before the first stimulus (is it needed to establish memory?) versus after it (is it needed to maintain memory?).",
self_designed_7_1,Re-stimulation response kinetics as a memory readout,"Challenge primed versus naive cells with a second stimulus after varying rest intervals, and measure the transcriptional response (bulk or scRNA-seq, nascent RNA via PRO-seq) for faster, stronger, or qualitatively different induction. Compare AP-1 site mutants (CRISPR editing of motifs at specific enhancers) or dominant-negative A-FOS with wild type to test whether the primed response depends on AP-1 and to measure memory half-life.",
self_designed_7_2,Single-cell live imaging of AP-1 dynamics with heritability analysis,"Use endogenously tagged FOS/JUN and an AP-1 reporter to follow lineages through divisions, quantifying pulse frequency, amplitude and the dynamics of a reporter gene. Treat cell-to-cell variability as signal: test whether sister cells' AP-1 history correlates with each other's re-response beyond what shared lineage alone predicts. Comparing correlation decay over generations to that of shuffled controls estimates mitotic heritability.",
self_designed_7_3,Sufficiency test by synthetic AP-1 pulses and optogenetic control,"Drive AP-1 activity with optogenetic or chemogenetic control (e.g., light-gated JUN/FOS, or a stimulus-free dCas9-activator at AP-1 sites), varying pulse duration, frequency and dose in the absence of any natural stimulus. Then measure whether chromatin opening and enhanced re-response persist after AP-1 is turned off, and which pulse patterns are encoded, to separate AP-1 as an establisher of memory from a passive reader of other marks.",
self_designed_7_4,Cooperating-factor and chromatin-remodeler dependency mapping,"Combine CUT&RUN/ChIP-seq, Micro-C or Hi-C, and proteomics (BioID) for AP-1 and its partners (BAF/SWI-SNF, pioneer factors, ATF/CEBP/ETS) at memory-bearing enhancers, then perturb the partners with CRISPR screens or inhibitors. Determine whether memory persists via AP-1 occupancy itself, via remodeler-deposited nucleosome changes or histone marks that outlast AP-1, or via self-reinforcing feedback such as AP-1 inducing its own genes (FOS, JUN), by testing which layer is lost first after AP-1 loss.",
word_salad_0_0,Prime-and-rechallenge with chromatin accessibility tracking,"Expose cells (e.g., fibroblasts, macrophages, or keratinocytes) to a transient stimulus such as TPA, wounding cytokines, or EGF, wash out, and rechallenge days to weeks later. Use ATAC-seq and CUT&RUN for FOS/JUN and H3K27ac to test whether AP-1-dependent enhancers stay open after the stimulus ends and whether they drive faster or stronger transcription on the second exposure.",
word_salad_0_1,Acute AP-1 degradation at defined time points,"Use degron tags (dTAG/AID) on FOS, JUN, or FOSL family members, or a dominant-negative A-FOS, to remove AP-1 either during priming or only during the post-stimulus memory phase. Loss during priming tests whether AP-1 is needed to establish memory, and loss during the memory phase tests whether AP-1 is also needed to maintain it. Compare outcomes by RNA-seq and accessibility.",
word_salad_0_2,Single-cell multiome lineage-resolved memory tracking,"Run paired scRNA/scATAC-seq on primed and naive populations over time, with barcoded lineage tracing, to see whether AP-1 motif accessibility and target gene expression persist in daughter cells through divisions. Heritability of the state within clones, compared with the variance between clones, would show whether it is truly mitotically stable memory or only long-lived signaling.",
word_salad_0_3,Live-cell reporters of AP-1 activity and dynamics,"Combine AP-1 transcriptional reporters, endogenous tagging of FOS/JUN, and optogenetic or pulsed stimulation with time-lapse imaging. Measure how long activity persists, whether it shows hysteresis or bistability, and whether the response to a second pulse depends on the interval and history of the first.",
word_salad_0_4,Causal enhancer perturbation and pioneer-factor tests,"Use dCas9-based epigenome editing, motif mutation, or CRISPR deletion of specific AP-1-bound memory enhancers to test whether they are required for faster re-induction of nearby genes. Pair this with ectopic AP-1 recruitment or induction at naive loci and with measurements of cooperating pioneer factors and histone modifiers (e.g., BAF/SWI-SNF, p300), to determine whether AP-1 is sufficient to establish a heritable open state rather than merely correlating with it.",
word_salad_1_0,Transient stimulus with long-term chromatin accessibility tracking,"Expose cells to a brief AP-1-activating stimulus (e.g., TPA, injury, or cytokine), then run longitudinal ATAC-seq/CUT&RUN for AP-1 factors (FOS, JUN) and H3K27ac at days to weeks after withdrawal. Persistent AP-1 motif-enriched accessible regions after the stimulus has cleared, and not in naive cells, would indicate AP-1-dependent epigenetic memory.",
word_salad_1_1,Acute degron-based depletion at distinct time windows,"Use auxin- or dTAG-inducible degradation of AP-1 components (e.g., FOS, JUNB, or dominant-negative A-FOS) during the priming phase versus the maintenance phase, then challenge cells with a second stimulus. If depletion during priming abolishes the enhanced secondary response but depletion during maintenance does not, AP-1 is needed to establish but not maintain memory; the reverse pattern would show it is needed for maintenance.",
word_salad_1_2,Primed vs. naive re-stimulation transcriptional response,"Compare RNA-seq and nascent transcription (PRO-seq/TT-seq) after a first versus second stimulus, with varying rest intervals between them, in wild-type and AP-1-perturbed cells. Faster or stronger induction of the same genes on re-challenge, with a decay constant that depends on AP-1 dosage, would quantify memory strength and duration.",
word_salad_1_3,Single-cell multiome and live-cell reporting of AP-1 dynamics and heritability,"Combine single-cell RNA+ATAC with live imaging of fluorescent AP-1 activity reporters (or endogenously tagged FOS/JUN) and lineage tracing to follow primed cells through divisions. Inheritance of AP-1 state and accessibility in daughter cells, and correlation between a cell's past AP-1 activity and its later response, would show whether memory is cell-autonomous and mitotically stable.",
word_salad_1_4,Site-specific causal perturbation of AP-1 motifs at memory loci,"Use CRISPR base editing or deletion of AP-1 motifs at candidate memory enhancers, plus dCas9-based recruitment or blockade of AP-1 or chromatin remodelers such as BAF, and test whether accessibility persistence and enhanced re-induction are lost. Also test sufficiency by inserting AP-1 sites into a naive locus and testing whether it stays accessible after transient AP-1 activation, to distinguish AP-1 as a driver from AP-1 as a passive marker.",
word_salad_2_0,Transient stimulus and delayed re-challenge with chromatin profiling,"Expose cells to a defined stimulus (e.g., TNF, serum, or wounding), allow rest until AP-1 (FOS/JUN) levels return to baseline, then re-stimulate and compare transcription and ATAC-seq accessibility with naive cells. Test whether AP-1 motif-containing enhancers stay open and whether primed genes respond faster or more strongly.",
word_salad_2_1,CUT&RUN/ChIP-seq time course of AP-1 occupancy and enhancer marks,"Map FOS/JUN/FOSL binding, H3K27ac, H3K4me1 and BAF (SWI/SNF) complex occupancy before, during, and long after stimulation. If AP-1 acts as memory, residual accessible 'latent' enhancers should persist after AP-1 has left, and the sites that remain should be enriched for AP-1 motifs.",
word_salad_2_2,Acute degradation of AP-1 at different phases,"Use degron tags (dTAG/AID) or dominant-negative A-FOS to remove AP-1 either during the initial stimulus or only during the memory/maintenance period. If AP-1 is needed to establish but not to maintain memory, priming would be lost only with early depletion. Dependence on AP-1 for maintenance would appear as loss of the memory response with late depletion.",
word_salad_2_3,Single-cell multiome tracking of memory and heterogeneity,"Perform paired scRNA/scATAC-seq, or live imaging of AP-1 reporters, across stimulation, rest and restimulation. Test whether individual cells with high AP-1 activity retain accessibility and respond more strongly, and whether the state is inherited through cell divisions in lineage-traced clones.",
word_salad_2_4,Motif-specific synthetic perturbation of enhancers,"Use CRISPR to mutate or delete AP-1 motifs at specific memory-associated enhancers, or use dCas9 to recruit or block AP-1 there. Test the effect on retained accessibility and on the faster secondary response at the linked genes. Combine with reporter assays to show that the AP-1 site is necessary, and that adding it to a naive enhancer is sufficient, to produce memory.",
word_salad_3_0,Longitudinal chromatin accessibility after transient stimulus,"Stimulate cells (e.g., TNF, EGF, or wounding) transiently, then perform ATAC-seq/CUT&Tag for AP-1 factors (FOS, JUN), H3K27ac, and H3K4me1 at days 0, 1, 7, and 28 after washout. Persistent AP-1-motif-enriched accessible regions in the absence of ongoing signaling, compared with naive cells, would indicate memory.",
word_salad_3_1,Acute AP-1 degradation to separate maintenance from initiation,"Use degron tags (dTAG/AID) on JUN/FOS or ATF family members, or a dominant-negative like A-FOS, at different times: before the priming stimulus, during the memory phase, and before re-stimulation. Compare chromatin state and transcriptional response to determine whether AP-1 is required to establish memory, to maintain it, or to execute faster re-induction.",
word_salad_3_2,Re-stimulation kinetics and single-cell heterogeneity,"Compare primed versus naive cells upon a second stimulus using time-resolved scRNA-seq, nascent RNA (PRO-seq/TT-seq), and live reporters of AP-1 target genes. Faster, stronger, or more frequent induction in primed cells that depends on AP-1 binding site integrity would indicate memory, and single-cell data can distinguish stable bistable states from graded changes.",
word_salad_3_3,Targeted enhancer editing and synthetic AP-1 recruitment,"Use CRISPR to mutate AP-1 motifs at candidate memory enhancers, and use dCas9-based tethering of FOS/JUN to a naive locus. Test whether motif loss abolishes retained accessibility and primed response, and whether forced AP-1 recruitment alone is sufficient to create a lasting, heritable open state after the tether is removed.",
word_salad_3_4,Mitotic retention and inheritance across divisions,"Track AP-1 occupancy and accessibility through mitosis and across multiple cell divisions using mitotic-synchronized CUT&Tag, live-cell imaging of tagged JUN/FOS, and lineage-tracked sister cells. Mitotic bookmarking by AP-1 and similar memory in sister cells would show it is heritable, and in vivo tests such as inflammation-primed epithelial or stem cells could test physiological relevance.",
word_salad_4_0,Transient stimulus with longitudinal chromatin accessibility tracking,"Expose cells to a defined transient stimulus (e.g., TPA, TNF, or wounding-like signals), then run ATAC-seq and AP-1 (FOS/JUN) CUT&RUN at multiple time points, including long after the stimulus is gone. Sites that stay open and AP-1 bound after the signal clears, and that respond faster or more strongly on restimulation, would indicate a memory function.",
word_salad_4_1,Acute AP-1 degradation at defined time windows,"Use dTAG or auxin-inducible degradation of FOS, JUN, or a dominant-negative such as A-FOS, and deplete AP-1 either during the priming stimulus or only after it, during the memory period. If depletion during priming blocks later enhanced responses but depletion during the memory period does not, AP-1 is needed to establish the memory. If depletion during the memory period also erases it, AP-1 is needed to maintain it.",
word_salad_4_2,Single-cell multiome with lineage/clonal tracking,"Perform paired scRNA/scATAC-seq on primed and naive populations, with barcoded lineages, to relate AP-1 motif accessibility to transcriptional output across cell divisions. This tests whether the primed state is heritable through mitosis in clonal sisters and whether it depends on AP-1 motif activity.",
word_salad_4_3,CRISPR perturbation of AP-1 motifs at candidate memory enhancers,"Use CRISPRi/dCas9 or base editing to disrupt specific AP-1 motifs at candidate memory enhancers, then measure whether primed accessibility, histone marks (H3K27ac, H3K4me1), and enhanced re-induction of nearby genes are lost. Reporter or endogenous readouts would show whether the sites are causal rather than merely correlated.",
word_salad_4_4,Live-cell AP-1 dynamics and optogenetic priming,"Track AP-1 activity in single cells with live reporters or imaging of FOS/JUN levels and binding. Combine this with optogenetic or pulsatile stimulation using different durations and frequencies, then record later responses. This shows whether the dose, duration, and history of AP-1 activity predict the strength of a later response, and whether the memory is stored in the cell state or in ongoing AP-1 signaling.",
word_salad_5_0,Longitudinal ATAC-seq/CUT&RUN after transient stimulus,"Stimulate cells (e.g., macrophages, fibroblasts, or keratinocytes) with a transient signal, then profile chromatin accessibility and AP-1 (FOS/JUN) binding at baseline, during stimulation, and after weeks of washout. Test whether AP-1 motif-containing enhancers stay open or primed, and whether AP-1 stays bound, after the stimulus is gone.",
word_salad_5_1,Acute AP-1 degradation to test necessity for memory maintenance,"Use a degron (dTAG/AID) on JUN/FOS or a dominant-negative (A-FOS) either during the priming phase or only during the memory phase. Measure whether the enhanced secondary transcriptional response and the accessibility at primed sites are lost, to separate AP-1's role in establishing memory from its role in maintaining it.",
word_salad_5_2,Single-cell multiome with live reporter lineage tracing,"Combine single-cell RNA and ATAC with an AP-1 activity reporter (e.g., a TRE-driven fluorescent protein) to follow clones through stimulation and rest. Test whether the memory state is heritable across divisions, whether it is bimodal or graded, and whether the reporter history predicts the strength of the recall response.",
word_salad_5_3,Synthetic AP-1 recruitment sufficiency test,"Use dCas9-based recruitment of FOS/JUN, or insert AP-1 motifs, at a naive locus, with and without pioneer factor co-binding. Test whether transient AP-1 occupancy alone creates persistent accessibility, histone marks (H3K27ac/H3K4me1), and faster re-induction, and whether motif mutations at endogenous memory enhancers abolish these effects.",
word_salad_5_4,Epigenetic-mechanism coupling and mathematical modeling,"Measure histone modifications, DNA methylation and BAF/SWI-SNF occupancy at AP-1 memory sites, and inhibit these factors (e.g., BRG1 or p300 inhibitors) during the rest period. Fit kinetic models of AP-1 binding, nucleosome remodeling and feedback to the time-course data to test whether AP-1 itself carries memory or depends on a downstream chromatin state.",
word_salad_6_0,Longitudinal ATAC/CUT&Tag after transient stimulus,"Expose cells (e.g., fibroblasts, macrophages, or keratinocytes) to a transient stimulus such as TPA, TNF, or wounding. Map AP-1 (FOS/JUN) binding and chromatin accessibility days to weeks after washout, and test whether AP-1-motif enhancers remain open or primed and whether they drive faster transcription on restimulation than in naive cells.",
word_salad_6_1,Acute AP-1 degradation during the memory phase,"Use dTAG/auxin-inducible degrons or dominant-negative A-FOS to remove AP-1 either during the initial stimulus or only after it ends. If memory requires AP-1 only for establishment, degradation in the maintenance phase should leave it intact. If AP-1 is needed for maintenance, memory should decay. Read out restimulation response, accessibility, and H3K27ac.",
word_salad_6_2,Single-cell live imaging of AP-1 dynamics and memory,"Track AP-1 reporters or endogenously tagged FOS/JUN in single cells through repeated stimulation pulses. Quantify whether the history of past pulses predicts later response amplitude and kinetics, and whether the response is heritable across cell divisions in sister cells, to separate true memory from cell-to-cell heterogeneity.",
word_salad_6_3,Sufficiency test with synthetic AP-1 induction and optogenetics,Drive AP-1 activity with a controlled optogenetic or chemogenetic c-Jun/c-Fos system without upstream signaling. Then test whether a pulse alone creates durable accessibility and a primed transcriptional response at endogenous loci. Vary pulse duration and frequency to define the dose and timing thresholds for memory.,
word_salad_6_4,Perturbing chromatin cofactors and testing memory in vivo,"Test whether AP-1 memory depends on partner factors such as BAF/SWI-SNF, p300, or pioneer factors by inhibiting or depleting them after the initial stimulus, and use CUT&Tag and Micro-C to track enhancer-promoter contacts. Validate in vivo, for example with repeated skin injury or inflammatory challenge, using lineage tracing and comparison of primary and secondary responses.",
word_salad_7_0,Chromatin accessibility time course after stimulus washout,"Expose cells (e.g., fibroblasts or macrophages) to a transient AP-1-activating stimulus such as TPA, TNF, or wounding. After washout, run ATAC-seq and CUT&Tag for AP-1 (FOS/JUN), H3K27ac and H3K4me1 over days to weeks to determine whether newly opened enhancers stay open after AP-1 binding has decayed.",
word_salad_7_1,Acute AP-1 degradation at different times after the stimulus,"Use degron-tagged FOS, JUN or a dominant-negative (A-FOS) to remove AP-1 either during the stimulus or well after it. Measure whether accessibility and the faster secondary transcriptional response persist without continuing AP-1 activity. Persistence means the memory is independent of AP-1, and loss means AP-1 maintains it.",
word_salad_7_2,Functional re-stimulation assay of primed vs. naive cells,"Give a first stimulus, rest the cells, then give a second stimulus. Compare nascent RNA (PRO-seq or SLAM-seq) and gene induction kinetics against naive cells. Repeat with AP-1 perturbed during only the priming phase to test whether AP-1 is necessary for the enhanced or faster response.",
word_salad_7_3,Single-cell multiome lineage-tracked memory persistence,"Run paired scATAC and scRNA-seq with live reporters of AP-1 activity, using barcoded lineage tracing across cell divisions. This tests whether accessibility states are inherited clonally, whether memory is heterogeneous or bimodal, and whether it correlates with past AP-1 activity levels.",
word_salad_7_4,Targeted AP-1 site manipulation at memory loci,"At candidate memory enhancers, use CRISPR to mutate AP-1 motifs, or use dCas9-based recruitment or blocking of AP-1 and chromatin remodelers (e.g., BAF). Test whether the motif is needed to establish memory, to maintain it, or both. Read this out with allele-specific accessibility, histone marks and reporter induction after a delay. Add in vivo validation, such as epidermal stem cell wound memory in mice.",
semi_random_0_0,Longitudinal ATAC-seq/CUT&RUN after transient stimulus,"Expose cells to a transient stimulus (e.g., TNF, PMA, or wounding signals). Track AP-1 (FOS/JUN) binding and chromatin accessibility at AP-1 motifs at multiple times after washout, out to days or weeks and through cell divisions. Persistent accessibility or binding after AP-1 levels return to baseline would indicate memory.",
semi_random_0_1,Acute degron depletion of AP-1 during priming versus after priming,"Use an auxin-inducible degron or dTAG on c-JUN/c-FOS, or a dominant-negative A-FOS, to deplete AP-1 either during priming or only after priming and before re-challenge. If loss during priming abolishes the enhanced secondary response but later loss does not, AP-1 is needed to establish memory. If later loss also abolishes it, AP-1 is needed to maintain it.",
semi_random_0_2,Single-cell live imaging of AP-1 dynamics and reporter output,Image endogenously tagged FOS/JUN together with an AP-1 reporter across repeated stimulations and lineage tracking. Test whether prior pulse history predicts the amplitude of the next response in individual cells and in their daughters. Compare with the history dependence of non-AP-1 reporters.,
semi_random_0_3,Enhancer-targeted epigenome editing and AP-1 motif mutation,"Use CRISPR to mutate AP-1 motifs, or dCas9-based editing, at candidate primed enhancers. Measure whether this removes the faster or stronger transcriptional response on re-stimulation, and whether the accessibility and H3K27ac changes persist, to distinguish AP-1 as the cause of memory from AP-1 merely marking it.",
semi_random_0_4,Multiome profiling with pioneer-factor and cofactor perturbation,"Run single-cell RNA plus ATAC (multiome) on primed and naive cells, and link persistent accessible regions to the response on re-challenge. Perturb the AP-1 partners and chromatin remodelers that could provide the persistence, such as BAF/SWI-SNF, and test which are required for memory. Include Hi-C or Micro-C to see whether looping is kept.",
semi_random_1_0,Longitudinal chromatin accessibility after a transient AP-1-activating stimulus,"Give cells a brief pulse of an AP-1-activating stimulus (e.g., TPA, TNF, or injury), then run ATAC-seq and CUT&RUN for AP-1 factors (FOS/JUN), H3K27ac and H3K4me1 days to weeks after washout. Accessibility that persists at AP-1 motif-containing enhancers after AP-1 levels return to baseline would indicate a memory state.",
semi_random_1_1,Acute AP-1 degradation during the memory phase,"Use degron-tagged (dTAG/AID) JUN, FOS, or ATF family members, or a dominant-negative such as A-FOS, to deplete AP-1 either during the priming stimulus or only after it. Then measure whether primed accessibility and the enhanced transcriptional response to a second stimulus persist, to separate a role for AP-1 in establishing memory from a role in maintaining it.",
semi_random_1_2,Primed versus naive re-stimulation response assay,"Compare nascent transcription (PRO-seq or SLAM-seq) and gene induction kinetics between primed and naive cells after a second challenge. Include a gradient of rest periods and mutate or CRISPRi-silence specific AP-1 binding sites at candidate enhancers. This tests whether memory is encoded at specific AP-1-dependent loci, and how long it lasts.",
semi_random_1_3,Single-cell multiome and live-cell AP-1 reporter lineage tracing,"Use live imaging of an AP-1 activity reporter or tagged FOS/JUN, with lineage tracking through divisions. Follow with matched single-cell RNA and ATAC to link past AP-1 dynamics (pulse duration, amplitude) to later accessibility and responsiveness. This tests whether memory is heritable through mitosis and whether it is graded or all-or-none at the single-cell level.",
semi_random_1_4,Sufficiency test with synthetic AP-1 activation and chromatin-state perturbation,"Drive AP-1 optogenetically or chemogenetically in naive cells, and in parallel use dCas9-based recruitment of AP-1 to a target locus, then test whether this alone leaves lasting accessibility and enhanced responsiveness. Combine with inhibition of SWI/SNF (BAF) or of histone-modifying enzymes to determine which chromatin cofactors convert transient AP-1 binding into stable memory.",
semi_random_2_0,Transient stimulus with delayed re-challenge,"Expose cells to a defined pulse of AP-1-activating signal (e.g., TPA, TNF, or injury), let activity return to baseline, then re-stimulate days to weeks later. Compare transcriptional output (RNA-seq) and kinetics against naive cells to test whether prior exposure produces a faster or stronger response.",
semi_random_2_1,Longitudinal ATAC-seq/CUT&Tag of AP-1 occupancy and chromatin accessibility,"Profile AP-1 (FOS/JUN) binding, motif accessibility, and histone marks (H3K27ac, H3K4me1) before, during, and long after stimulation. Persistent open or primed enhancers after AP-1 levels fall would indicate a chromatin-encoded memory.",
semi_random_2_2,Acute AP-1 loss-of-function with timed degradation,"Use degron-tagged (dTAG/AID) FOS or JUN, or dominant-negative A-FOS, to remove AP-1 either during the initial stimulus or only during the memory interval. This separates AP-1's role in establishing memory from maintaining it, and tests whether enhancer accessibility and the primed response are lost.",
semi_random_2_3,Live-cell single-cell reporters and lineage tracking of AP-1 activity,"Image AP-1 activity with fluorescent reporters or tagged FOS/JUN in single cells after a pulse, following them and their daughters over several divisions. Test whether heterogeneous or persistent activity states are heritable and correlate with later response strength, distinguishing cell-intrinsic memory from ongoing signaling.",
semi_random_2_4,AP-1 motif editing and in vivo repeat-injury model,"Use CRISPR to mutate or insert AP-1 motifs at candidate memory enhancers, and test the effect on primed responses in cells. In parallel, perform in vivo repeat-injury or repeat-inflammation experiments, such as skin wounding, with AP-1 perturbation to test whether memory is functionally relevant in tissue.",
semi_random_3_0,Longitudinal ATAC/CUT&RUN after transient stimulus,"Expose cells to a defined, transient AP-1-activating stimulus (e.g., TPA, injury, or cytokine), then map chromatin accessibility and AP-1 (FOS/JUN) binding at timepoints from hours to weeks after washout. Persistent accessibility at AP-1 motif sites after AP-1 levels return to baseline would indicate a memory-like chromatin state.",
semi_random_3_1,Acute degron depletion to separate establishment from maintenance,"Use auxin- or dTAG-inducible degradation of FOS/JUN family members before, during, and after the priming stimulus. If depletion only during priming erases later hyper-responsiveness but depletion after priming does not, AP-1 is needed for establishing memory; if post-priming depletion also erases it, AP-1 is needed for maintenance.",
semi_random_3_2,Secondary-challenge transcriptional response assay,"Prime cells, rest them, then re-stimulate and measure RNA-seq or nascent transcription (PRO-seq/TT-seq) relative to naive cells. Compare magnitude and kinetics of induction at AP-1-dependent loci, and test whether the enhanced response is lost with AP-1 motif mutation or dominant-negative AP-1 (A-FOS).",
semi_random_3_3,CRISPR editing of AP-1 motifs at memory enhancers,"Mutate or delete specific AP-1 motifs at candidate primed enhancers, or use dCas9 to recruit or block AP-1 there, and then test the persistence of H3K27ac, accessibility, and re-stimulation response. This tests whether AP-1 binding at those sites is causally required for the stored state, rather than merely correlated with it.",
semi_random_3_4,Single-cell multiome and lineage tracing of memory inheritance,"Pair single-cell ATAC plus RNA with clonal barcoding or live reporters of AP-1 activity to follow primed cells through divisions. Test whether AP-1-linked accessibility and responsiveness are inherited by daughter cells and decay at a measurable rate, and whether memory is heterogeneous or bimodal across cells.",
semi_random_4_0,AP-1 chromatin accessibility mapping after transient stimulus and delayed re-challenge,"Expose cells to a brief stimulus (e.g., TNF, wounding, or PMA), let them rest for days to weeks, then profile ATAC-seq and AP-1 (FOS/JUN) CUT&RUN/ChIP. Persistent accessibility and AP-1 motif occupancy at 'memory' enhancers, along with faster or stronger transcription on re-challenge, would indicate memory.",
semi_random_4_1,Acute AP-1 degradation during priming versus memory maintenance,"Use degron-tagged (dTAG/AID) FOS, JUN, or ATF3 to remove AP-1 either only during the priming stimulus or only after priming. If depletion at priming prevents memory but depletion afterward does not, AP-1 is needed for establishment. If depletion afterward erases memory, it is needed for maintenance.",
semi_random_4_2,Single-cell multiome tracking of memory-state heritability,"Run paired scRNA/scATAC-seq, or live imaging with AP-1 reporters, across cell divisions after priming. Lineage barcoding or sister-cell comparison would show whether AP-1-linked accessibility and expression states are inherited clonally and how long they last.",
semi_random_4_3,Chromatin-mark analysis at AP-1 sites,"Measure H3K27ac, H3K4me1, nucleosome positioning, and BAF/SWI-SNF recruitment (e.g., BRG1 CUT&Tag) at AP-1 sites before, during, and after the stimulus. Use motif-mutated or dCas9-blocked enhancers to test whether AP-1 binding is required to leave a lasting epigenetic mark.",
semi_random_4_4,Synthetic AP-1 activation sufficiency test,"Use optogenetic or chemogenetic AP-1 activation (e.g., inducible FOS/JUN or a light-controlled version) in naive cells. Varying the dose and duration, then testing the response to a later stimulus, would show whether AP-1 activity alone is sufficient to create a persistent primed state. Compare the result with a non-AP-1 transcription factor control.",
semi_random_5_0,Longitudinal ATAC-seq/CUT&RUN after transient stimulus,"Stimulate cells (e.g., macrophages or fibroblasts with LPS, TNF, or wounding), then profile chromatin accessibility and AP-1 (FOS/JUN) binding at days to weeks after washout. Test whether AP-1 motif-containing enhancers stay open or primed, and whether AP-1 occupancy persists, compared with naive cells.",
semi_random_5_1,Acute AP-1 degradation at different timepoints (dTAG/AID),"Use degron-tagged FOS/JUN to remove AP-1 either during the initial stimulus or only during the later memory phase. If AP-1 encodes the memory, depleting it during the stimulus should prevent the memory; if AP-1 maintains the memory, depleting it later should erase it. Readouts are accessibility and the faster secondary-response transcription.",
semi_random_5_2,Secondary-challenge transcriptional response assay,"Give cells a primary stimulus, rest them, then re-challenge them. Measure nascent transcription (PRO-seq/TT-seq) and RNA-seq to quantify faster or stronger induction of genes at AP-1-bound loci. Correlate the size of the memory effect with the level of retained AP-1 binding and chromatin marks (H3K27ac, H3K4me1).",
semi_random_5_3,Single-cell multiome tracking of lineage-traced AP-1 memory,"Use single-cell RNA+ATAC with AP-1 motif activity inference (chromVAR) and clonal barcoding or live reporters (AP-1 activity reporter) to follow whether AP-1 history is inherited by daughter cells. Test whether past AP-1 activity predicts future accessibility and response across divisions, separating heritable states from transient noise.",
semi_random_5_4,Targeted epigenome editing and site-specific perturbation,"Mutate or CRISPR-block individual AP-1 motifs at candidate memory enhancers, or use dCas9 to recruit AP-1 or chromatin remodelers (BAF) to naive loci. Test whether the site is necessary and sufficient for establishing persistent accessibility and primed responses, and whether remodeler (BRG1) inhibition uncouples AP-1 binding from the memory.",
semi_random_6_0,Transient stimulus with delayed measurement of chromatin accessibility,"Expose cells to a defined pulse of a stimulus (e.g., TPA, wounding cytokines, or mechanical stress), then wash out and let them rest for days to weeks. Re-stimulate and use ATAC-seq/CUT&RUN for AP-1 (FOS/JUN) occupancy and accessibility to test whether AP-1-bound enhancers stay open and show faster or stronger transcriptional responses than in naive cells.",
semi_random_6_1,Acute AP-1 degradation during priming versus recall,"Use degron-tagged (dTAG/AID) JUN, FOS or a dominant-negative such as A-FOS, and deplete AP-1 either only during the initial priming or only during the memory (rest) phase. This separates AP-1 as the initiator of memory from AP-1 as the maintainer, as shown by whether accessibility and enhanced recall persist without it.",
semi_random_6_2,Single-cell multiome tracking of memory states,"Perform paired scRNA-seq and scATAC-seq (with lineage barcodes) before, during, and long after stimulation to link AP-1 motif accessibility to later gene expression in the same cells and clonal lineages. This tests whether the memory is heritable across divisions and whether it is heterogeneous (bimodal) or graded.",
semi_random_6_3,Live-cell imaging of AP-1 dynamics and reporters across stimulation and rest,"Tag endogenous FOS/JUN and use enhancer or target-gene reporters in live cells to measure AP-1 levels, binding residence time (single-molecule tracking), and reporter activity through stimulation, rest, and re-stimulation. This tests whether memory is carried by persistent AP-1 protein or feedback loops, or by a changed chromatin state that outlasts AP-1 presence.",
semi_random_6_4,Targeted enhancer manipulation and sufficiency tests,"Mutate or delete AP-1 motifs at specific memory-associated enhancers with CRISPR base editing or CRISPRi/dCas9 recruitment of AP-1 or chromatin remodelers (e.g., BAF), and ectopically recruit AP-1 to naive loci. Test whether these changes abolish or induce primed accessibility and faster re-induction of the linked gene, which establishes necessity and sufficiency at individual loci.",
semi_random_7_0,Longitudinal ATAC-seq/CUT&RUN after transient stimulus,"Expose cells to a transient stimulus (e.g., TNF, wounding, or growth factor), then track AP-1 (FOS/JUN) binding and chromatin accessibility at defined times after washout, including weeks later. Persistence of AP-1-dependent open regions after the stimulus and AP-1 levels have returned to baseline would indicate a memory-like state.",
semi_random_7_1,Acute AP-1 degradation to test maintenance versus initiation,"Use degron-tagged (dTAG/AID) FOS, JUN, or the BATF family to remove AP-1 either during priming or after memory is established. Then measure accessibility and the secondary-stimulus transcriptional response. If depletion during priming blocks memory but depletion afterward does not, AP-1 is needed only for initiation. Loss of memory after later depletion would show it is also needed for maintenance.",
semi_random_7_2,Secondary-challenge response assays in primed versus naive cells,"Compare the RNA-seq and nascent transcription (PRO-seq) responses of primed and naive cells to a second stimulus, and relate the strength of the enhanced response to AP-1 motif content at the affected genes. Include dose and time-gap titrations to define how long the memory lasts and whether it is AP-1-dependent.",
semi_random_7_3,Single-cell multiome with lineage tracing across divisions,Do paired scRNA/scATAC-seq together with a heritable barcode or clonal tracking in primed cells across several divisions. This tests whether AP-1-associated accessibility states are inherited by daughter cells and whether clonal sister cells share the memory more than random cells do.,
semi_random_7_4,Targeted epigenome editing and AP-1 site perturbation,"Use CRISPR to mutate or block specific AP-1 motifs at candidate memory enhancers, and dCas9-based tools to force AP-1 recruitment or histone-mark changes there without a stimulus. Then assess whether accessibility, H3K27ac, and enhanced re-induction are lost or created, to test whether AP-1 binding at those sites is necessary and sufficient for memory and whether it acts through cooperating factors or remodelers such as BAF.",
poem_required_0_0,Persistence of AP-1 binding and accessibility after stimulus withdrawal,"Expose cells to a transient stimulus (e.g., TNF, serum, or a stress signal) and then withdraw it. Measure AP-1 (FOS/JUN) occupancy by CUT&RUN and chromatin accessibility by ATAC-seq days to weeks later. If AP-1 sites stay open and bound after the signal is gone, that supports AP-1 as a memory mechanism.",
poem_required_0_1,Sensitivity to the second stimulus in primed versus naive cells,"Give a primed and a naive population the same second challenge. Measure the transcriptional response by RNA-seq and nascent-RNA assays, and compare the kinetics and magnitude of induction at AP-1-marked genes. Faster or stronger induction that depends on AP-1 would be the functional signature of memory.",
poem_required_0_2,Necessity and sufficiency by acute perturbation,"Use a dominant-negative AP-1 (A-FOS), degron-tagged JUN/FOS, or CRISPRi of specific enhancers, applied either during priming or only during the memory (maintenance) phase, then test whether the memory response is lost. Compare with ectopic AP-1 expression alone to see whether it can create memory without the original signal, to determine whether AP-1 is needed continuously or only to start the memory.",
poem_required_0_3,Single-cell tracking of AP-1 activity and heritability,"Use live-cell AP-1 reporters or FOS/JUN imaging, combined with lineage tracing or single-cell multiome (RNA + ATAC) of sister cells. Test whether the primed state is bistable, is inherited across divisions, and decays with a measurable half-life. Heritability and a stable, all-or-none state would distinguish memory from a simple lingering response.",
poem_required_0_4,Chromatin mechanism and independence test,"Test whether AP-1 maintains memory through chromatin remodeling (BAF/SWI-SNF), histone marks (H3K27ac, H3K4me1), and pioneer-like opening of closed sites. Perturb these factors after priming, and use optogenetic or inducible AP-1 pulses to ask whether a transient AP-1 input leaves a lasting epigenetic mark. Marks that persist after AP-1 is removed would show memory is carried by chromatin rather than continuous AP-1 presence.",
poem_required_1_0,Persistent chromatin accessibility after AP-1 loss,"Transiently induce AP-1 (e.g., FOS/JUN pulse or stimulus), then remove it by degron-mediated degradation or dominant-negative A-FOS, and at time points of days to weeks profile ATAC-seq, H3K27ac and CUT&RUN for residual open enhancers. Persistent accessibility at AP-1 motif sites after the factor is gone would indicate a memory imprint, and the question is whether it needs continued AP-1 binding.",
poem_required_1_1,Reversibility and decay kinetics of AP-1-associated memory,"Measure AP-1 binding (CUT&RUN), chromatin accessibility and target gene transcription at repeated time points after the stimulus ends, and fit decay half-lives. Compare the decay with the number of cell divisions, using synchronized or arrested cells to separate passive dilution from active maintenance, to test whether the memory is stable or decays over time.",
poem_required_1_2,Re-stimulation (primed response) assay,"Give naive cells and previously stimulated cells (for example, fibroblasts or macrophages after injury or inflammatory exposure) a second stimulus after a rest period, and measure the faster or stronger transcriptional response by RNA-seq or nascent-RNA (PRO-seq). Compare the effect of AP-1 perturbation (CRISPRi on FOS/JUN, or loss of specific enhancers) during the first versus the second exposure to see whether AP-1 is needed to establish the memory, to execute the memory response, or both.",
poem_required_1_3,Single-cell lineage-linked memory tracing,"Use live reporters of AP-1 activity (FOS promoter or AP-1 response element reporters) with barcoded lineage tracing, and record each cell's history of AP-1 activity, then ask whether sister cells inherit similar states and similar future responsiveness. Co-measure single-cell multiome (RNA and ATAC) to test whether AP-1 history predicts chromatin state better than the current AP-1 signal does.",
poem_required_1_4,Synthetic imprinting by targeted AP-1 recruitment,"Use dCas9 or a synthetic AP-1 (a tethered or optogenetic JUN/FOS) to bring AP-1 to a chosen locus for a limited time, and then test whether the locus keeps its accessibility and expression after the tool is removed. Compare wild-type motifs with motif mutants and with pioneer or SWI/SNF (BAF) recruitment-deficient variants, to test sufficiency and mechanism of AP-1-dependent memory.",
poem_required_2_0,Permanent labeling of cells with past AP-1 activity and re-challenge,"Use a FOS/JUN knock-in fluorescent or recombinase-based reporter (e.g., Fos-CreER-style tagging) to permanently mark cells that experienced a stimulus, then follow marked and unmarked cells through divisions. Re-challenge and compare transcriptional response and chromatin state between marked and unmarked sister lineages to test whether past AP-1 activity predicts altered future responses.",
poem_required_2_1,Paired-stimulus priming with washout time course,"Expose cells to a first AP-1-activating stimulus (e.g., TPA, TNF, or wounding), wash out, and re-stimulate after variable delays (hours to many cell divisions). Measure second-response magnitude by RNA-seq and nascent transcription, and test whether AP-1 dose, delay, and motif-linked gene sets quantitatively predict memory duration, using JUN/FOS dominant-negative (A-FOS) to test necessity.",
poem_required_2_2,Single-cell multiome of AP-1 motif accessibility persistence,"Run scATAC+RNA-seq before, during, and long after stimulation. Track whether AP-1-motif (chromVAR) accessible regions stay open after AP-1 protein levels return to baseline, and whether heterogeneity in cell states (e.g., fast vs. slow) maps onto subsequent responsiveness at the single-cell level.",
poem_required_2_3,Acute degradation to separate initiation from maintenance,"Tag endogenous AP-1 factors (JUN, FOSL, BATF) with a degron and deplete them either during the priming stimulus or only after the memory state has formed. If memory sites (ChIP/CUT&RUN, ATAC, H3K27ac) persist and the enhanced response remains after AP-1 loss at later times, AP-1 is only an initiator; if memory decays, AP-1 is required for maintenance.",
poem_required_2_4,Synthetic AP-1 enhancer perturbation and live reporting,"Use CRISPR dCas9 tools to edit or mutate specific AP-1 motifs at memory-associated enhancers (CRISPRi or base editing), while using live-cell imaging of a reporter at the locus. Test whether the motif is causally needed for faster or stronger reactivation after a prior stimulus, and whether ectopic AP-1 motifs can install memory at a naive locus.",
poem_required_3_0,Time course of accessibility after transient stimulus and washout,"Give cells a brief stimulus (e.g., TPA or a cytokine), wash it out, and run ATAC-seq and AP-1 (FOS/JUN) CUT&RUN at several times from hours to weeks. This tests whether AP-1-dependent accessible sites persist after the signal is gone and AP-1 levels have fallen.",
poem_required_3_1,Acute AP-1 degradation to separate establishment from maintenance,"Use a dTAG or auxin-inducible degron on JUN/FOS, or a dominant-negative A-FOS, applied either during stimulation or after it. If accessibility and transcriptional priming persist when AP-1 is removed after memory is set, AP-1 is an initiator but not a maintainer. If they are lost, AP-1 is needed continuously.",
poem_required_3_2,Secondary-challenge assay with single-cell multiomics,"Give a primary stimulus, rest the cells, then give a second stimulus. Use scRNA-seq plus scATAC-seq to compare the faster or stronger gene induction in primed cells against naive cells. Link this to AP-1 motif accessibility and binding at the same loci, and test causality with AP-1 site mutations or CRISPRi at selected enhancers.",
poem_required_3_3,Live-cell AP-1 dynamics and lineage tracking,"Image endogenously tagged FOS/JUN and a reporter of AP-1 target activity in single cells across divisions, following lineages after a pulse. Measure how long the state is inherited and whether it is heritable through mitosis, with mitotic bookmarking assessed by imaging and mitotic-chromosome ChIP, to determine whether the state is passed to daughter cells.",
poem_required_3_4,Synthetic enhancer-memory reporter and sufficiency test,"Insert AP-1-motif-only synthetic enhancers driving a reporter into a neutral locus, with motif variants that differ in number, spacing and affinity. Pulse the cells, then measure persistence of reporter activity, accessibility and histone marks (H3K27ac, H3K4me1) at the locus. This tests whether AP-1 binding alone is sufficient to make a self-sustaining state, and whether it needs cooperating factors or positive feedback loops. Adding an AP-1 recruitment-only control separates binding from a pioneer-like chromatin-remodelling function (BAF recruitment).",
poem_required_4_0,Decay-kinetics time course of AP-1 chromatin accessibility after transient stimulus,"Apply a brief stimulus (e.g., TPA, injury, or cytokine), then run ATAC-seq/CUT&RUN for FOS/JUN and motif accessibility (chromVAR) at hours, days, and weeks after washout to test whether the early AP-1 state persists or decays. Persistent AP-1-dependent open sites after signal removal, with measured half-lives, would indicate memory rather than a transient response.",
poem_required_4_1,Primed vs. naive re-stimulation challenge with acute AP-1 degradation,"Prime cells with a first stimulus, rest them, then restimulate and compare transcriptional output (RNA-seq, nascent PRO-seq) to naive cells; repeat with a degron (dTAG/AID) or dominant-negative (A-FOS) of FOS/JUN applied only during priming versus only during recall. If AP-1 is needed at priming to produce faster/stronger recall but not at recall, it acts as a memory-writing factor.",
poem_required_4_2,Single-cell multiome lineage tracing of heritable AP-1 accessibility,"Use paired scRNA/scATAC with barcoded lineage tracing to follow clones after a transient stimulus and test whether AP-1 motif accessibility is heritably maintained in daughter cells or reverts to baseline. Clonal correlation of AP-1 state across divisions, compared with random divergence between sister cells, quantifies heritability.",
poem_required_4_3,Live-cell AP-1 reporter imaging of dynamics and bistability,"Engineer knock-in FOS/JUN fluorescent reporters or AP-1 activity reporters and track single cells with time-lapse microscopy through pulse-and-washout protocols with varied pulse durations and doses. Hysteresis, bimodality, or sustained activity after the stimulus ends suggests a self-sustaining feedback memory; rapid return to baseline suggests none.",
poem_required_4_4,Ordering of AP-1 binding and epigenetic marks with synthetic recruitment,"At AP-1-dependent loci, map H3K27ac, H3K4me1, and DNA methylation over time after stimulus, and use CRISPR motif mutation or transient dCas9-based forced AP-1 recruitment to test whether AP-1 binding is necessary and sufficient to establish enhancer marks that outlast its presence. Marks that persist after AP-1 removal would indicate AP-1 initiates memory that is passed to chromatin, whereas persistent AP-1 occupancy itself would indicate AP-1 is the maintained state.",
poem_required_5_0,Paired-daughter lineage tracking of AP-1 state,"Live-image AP-1 reporters (e.g., FOS/JUN endogenous tags plus a TRE-driven reporter) in single cells after a transient stimulus, then compare sister cells across several divisions. High sister-sister correlation that exceeds that of unrelated cells and persists after the stimulus ends would indicate heritable memory rather than ongoing signaling.",
poem_required_5_1,Transient pulse followed by time course of chromatin accessibility and AP-1 occupancy,"Give a defined stimulus pulse (e.g., TPA or a cytokine), wash it out, and run ATAC-seq and CUT&RUN for JUN/FOS and H3K27ac over days to weeks. AP-1 motif-enriched sites that stay accessible after AP-1 levels return to baseline would indicate AP-1 left a lasting epigenetic change.",
poem_required_5_2,Acute degron depletion at different times after priming,"Use an auxin- or dTAG-degradable AP-1 subunit (e.g., c-JUN or FOSL1) and remove it either during priming or after it, then restimulate and measure the transcriptional response by RNA-seq. If depletion after priming still leaves the enhanced response, AP-1 is only needed to establish memory. If depletion abolishes the response, AP-1 is needed to maintain it.",
poem_required_5_3,Single-cell multiome of primed vs naive populations,"Run joint scRNA/scATAC on primed, naive and re-stimulated cells, then infer motif activity with tools like chromVAR and SCENIC. Compare the faster or stronger gene induction at AP-1-dependent loci in primed cells, and test whether the primed subpopulation is a discrete, stable state.",
poem_required_5_4,Synthetic AP-1 sufficiency and necessity test with dCas9 and mutated motifs,"Delete or mutate AP-1 motifs at candidate memory enhancers by CRISPR, and in parallel tether AP-1 or a pioneer-capable domain to naive loci using dCas9. Loss of memory after motif deletion, and induction of persistent accessibility and heightened response by tethering, would show necessity and sufficiency at specific loci.",
poem_required_6_0,Persistent AP-1 chromatin occupancy after a transient stimulus,"Pulse cells (e.g., fibroblasts or macrophages) with a stimulus such as TNF, PMA or wounding, then wash out and track AP-1 (FOS/JUN) binding by CUT&RUN and chromatin accessibility by ATAC-seq at days 0, 1, 7 and 21. Memory would be indicated by accessible AP-1 motif sites that are retained after the stimulus has ended and the FOS/JUN transcripts have decayed.",
poem_required_6_1,Acute degron depletion to separate initiation from maintenance,"Use auxin-inducible degradation of FOS or JUN (or dominant-negative A-FOS) before, during, or after the priming stimulus. If AP-1 is needed only during priming but memory persists, it initiates memory. If depleting it after priming erases accessibility and the faster secondary response, it maintains memory.",
poem_required_6_2,Primed-versus-naive re-stimulation response with motif-site mutagenesis,"Measure the transcriptional response (nascent RNA, PRO-seq) to a second stimulus in primed and naive cells, and identify the genes with enhanced responses. Then use CRISPR to mutate or dCas9-block the AP-1 motifs at selected enhancers to test whether those sites are necessary for the enhanced response. Add a reporter-based test of whether the primed state is cis-encoded.",
poem_required_6_3,Single-cell live imaging of AP-1 dynamics and heritability across divisions,"Track endogenous FOS/JUN with fluorescent knock-in tags and AP-1 reporters in single cells over time, with lineage tracing after a stimulus. Test whether the state is inherited by daughter cells and decays over a characteristic number of divisions, as expected for epigenetic memory, rather than reflecting continued signaling, and relate dynamics (pulsatile versus sustained) to the memory outcome.",
poem_required_6_4,"Coupling of AP-1 to chromatin state, with in vivo test","Test whether AP-1 recruits BAF remodelers and deposits H3K27ac or H3K4me1 that persist, using BRG1 inhibition, ChIP/CUT&Tag and sequential perturbation. Then check in vivo, for example in skin or after inflammation, whether tissue cells retain AP-1-dependent accessible regions weeks after injury and respond faster on re-challenge.",
poem_required_7_0,Single-cell live imaging of AP-1 history,"Live-image endogenous FOS/JUN with knock-in fluorescent reporters (and a stable lineage tracker) in single cells through a first stimulus, a rest period, and a second stimulus. Test whether prior activation history predicts the amplitude or kinetics of the second response.",
poem_required_7_1,Mapping AP-1-bound latent enhancers by ATAC-seq and CUT&RUN,"Profile AP-1 binding (JUN/FOS CUT&RUN), chromatin accessibility, and H3K27ac before, after, and long after stimulus withdrawal. Identify enhancers that stay open or primed after AP-1 levels return to baseline, and test whether they are the sites that drive faster or stronger reactivation.",
poem_required_7_2,Acute AP-1 degradation after priming,"Prime cells, then use degron-tagged (dTAG/auxin) JUN/FOS or a dominant-negative such as A-FOS to remove AP-1 at defined times: during priming only, during the rest period only, or at restimulation. Compare enhancer accessibility and transcriptional memory to distinguish AP-1 as the initiator of memory from AP-1 as its maintainer.",
poem_required_7_3,Dynamics-encoded memory via optogenetic pulse patterns,"Drive AP-1 with optogenetic or chemogenetic input using varied pulse number, frequency and duration, then measure target gene output and chromatin state after a delay. Fit a model, such as a bistable or hysteresis model, to test whether AP-1 dynamics encode a persistent state that depends on input history.",
poem_required_7_4,Lineage inheritance across divisions with sister-cell and single-cell multiome,"Track primed cells through mitosis with time-lapse imaging, or barcode them, then run paired scRNA/scATAC on sisters and distant relatives. Test whether the primed AP-1 target state is inherited, decays at a measurable rate, and is shared more by clonally related cells than by random cells, which would show cell-autonomous heritable memory rather than a persistent external signal.",
distant_paragraph_required_0_0,Degradation of individual AP-1 subunits after priming,"Acutely degrade individual AP-1 family members (FOS, FOSB, JUN, JUNB, ATF3) with dTAG/auxin degrons after a priming stimulus, and measure which are needed to maintain versus establish the primed response on restimulation. Irreversible loss of response after degradation versus recovery after degron washout distinguishes a maintained memory from a transient one.",
distant_paragraph_required_0_1,Time course of chromatin accessibility and AP-1 occupancy after priming,"Prime cells (e.g., with cytokine, wounding signal, or growth factor), then profile accessibility and AP-1 binding (ATAC-seq/CUT&RUN) days to weeks after stimulus removal to test whether AP-1-dependent enhancers remain open once AP-1 levels have returned to baseline. Motif-footprint analysis and comparison with naive cells would show whether AP-1 sites are the persistent memory elements.",
distant_paragraph_required_0_2,Single-cell multiome with lineage-tracked clonal memory,Use barcoded clones and paired scRNA/scATAC to test whether primed AP-1 activity states and target gene responsiveness are inherited across cell divisions in sister cells more than in unrelated cells. Heritability estimates of AP-1 activity and faster re-induction of target genes indicate cell-intrinsic memory rather than persistent signalling.,
distant_paragraph_required_0_3,Optogenetic/CRISPR perturbation of AP-1 sites with live reporters,"Deliver defined pulses of light-controlled AP-1 activation (or dCas9 activation of FOS/JUN) while imaging an AP-1 reporter and endogenous target loci, varying pulse number, duration, and rest interval. A memory mechanism predicts a history-dependent, faster or stronger second response, and mutating specific AP-1 motifs in enhancers by CRISPR tests whether those sites carry the memory.",
distant_paragraph_required_0_4,Pioneer-like function and causality of epigenetic marks,"Measure H3K27ac, H3K4me1 and nucleosome remodeling (BAF recruitment) at AP-1 sites after priming, and test whether blocking BAF activity or deacetylation erases memory while forced retention of the marks preserves it. Combine this with an in vivo model (e.g., skin inflammatory memory) to test whether AP-1-dependent accessibility is necessary and sufficient for faster secondary responses.",
distant_paragraph_required_1_0,Stimulus-order dependence of AP-1 dimer composition,"Stimulate cells with ordered pulses (e.g., growth factor then stress, versus the reverse) and measure FOS/JUN/ATF family composition and chromatin accessibility (ATAC-seq, CUT&RUN for each subunit). Test whether the same stimuli in different orders leave distinct, persistent AP-1 binding and transcriptional states.",
distant_paragraph_required_1_1,Persistence of AP-1-bound sites after stimulus removal,"Perform time-course ATAC-seq, H3K27ac and AP-1 CUT&Tag at days to weeks after a transient stimulus, tracking whether AP-1-bound enhancers stay open or primed after AP-1 itself returns to baseline. Pair with acute degron depletion (dTAG) of FOS/JUN at different times to determine whether AP-1 is needed to maintain the memory or only to establish it.",
distant_paragraph_required_1_2,Secondary-response test via AP-1 perturbation,"Give primed and naive cells a second stimulus and compare faster or stronger induction of target genes (RNA-seq, nascent transcription). Use CRISPRi or mutation of specific AP-1 motifs at memory-associated enhancers, plus dominant-negative A-FOS, to test if the enhanced second response requires those sites.",
distant_paragraph_required_1_3,Single-cell multiome lineage tracing of AP-1 states,Use single-cell multiome (RNA + ATAC) with heritable barcodes or sister-cell pairs to test whether AP-1 activity states are inherited through cell division. Correlate sister-cell similarity in AP-1 motif accessibility and target expression versus random pairs to quantify heritability beyond shared environment.,
distant_paragraph_required_1_4,Robustness of memory to perturbation,"Challenge primed cells with competing signals, inhibitors of kinases (JNK/ERK) or chromatin writers, and paralog knockouts (e.g., FOSL1/FOSL2 compensation). Measure how robust the memory is and which AP-1 members, cofactors (BAF, p300) or feedback loops stabilize it, using live reporters of an AP-1 target for longitudinal readout.",
distant_paragraph_required_2_0,Comparing decay rates of AP-1 memory components,"Memory may persist in some layers (chromatin accessibility at AP-1 motifs) but decay quickly in others (FOS/JUN protein, phosphorylation). After a transient stimulus, measure FOS/JUN protein and mRNA, JUN phosphorylation, ATAC-seq accessibility at AP-1 motifs, and enhancer H3K27ac over time, and fit decay rates to determine which layer carries memory beyond AP-1 protein levels.",
distant_paragraph_required_2_1,AP-1 priming of enhancers by prior stimulation,"Apply sequential stimulation (primary then secondary challenge, with variable rest intervals) and use single-cell multiome (scATAC + scRNA) to test whether initial AP-1 binding (CUT&RUN for FOS/JUN/JUNB) opens enhancers that enable faster or larger transcriptional responses to the second stimulus. Also test whether this effect is lost when AP-1 is removed.",
distant_paragraph_required_2_2,Acute degron removal after the priming stimulus,"Use dTAG/auxin-degron alleles of FOS, JUN, or dominant-negative A-FOS induced either during priming, or only after priming during the rest period. If memory persists after AP-1 is degraded post-priming, AP-1 is only an initiator; if memory decays, AP-1 is needed for maintenance. Read out secondary response magnitude, chromatin accessibility and nascent RNA (PRO-seq).",
distant_paragraph_required_2_3,Dose and duration dependence of memory (bistability),"Test for threshold behaviour by titrating stimulus strength and duration, using live-cell AP-1 reporters (FOS-GFP, AP-1 motif reporter) tracked over days in single cells. Look for a bimodal, hysteretic response in which cells above a threshold stay ON after stimulus removal and cells below it return to baseline. Model positive feedback (JUN autoregulation) mathematically to predict the threshold, then perturb to test it.",
distant_paragraph_required_2_4,Locus-specific causal test by motif editing and dCas9 recruitment,"Use CRISPR to mutate AP-1 motifs at candidate memory enhancers, or recruit dCas9-FOS or dCas9-repressors. Then measure whether memory of that gene (faster re-induction, retained accessibility, inheritance across cell divisions and passages) is lost, or can be installed ectopically without a stimulus.",
distant_paragraph_required_3_0,Transient stimulus with delayed re-challenge (hysteresis test),"Expose cells (e.g., fibroblasts or macrophages) to a defined pulse of an AP-1-activating signal (TPA, TNF, or injury), wash out, then re-stimulate after days to weeks and measure the transcriptional response by RNA-seq and nascent-transcript assays. Memory predicts faster or stronger induction of specific genes than in naive cells, and the effect should be lost if c-Jun/c-Fos is knocked out (e.g., by degron) only during the first pulse.",
distant_paragraph_required_3_1,Persistent chromatin accessibility and histone marks after AP-1 loss,"Use ATAC-seq/CUT&Tag for AP-1 factors (FOS, JUN), H3K27ac and H3K4me1 before, immediately after, and long after stimulus to find enhancers that stay open or primed once AP-1 has left. Test causality by showing those enhancers are AP-1 motif-dependent via CRISPR motif mutation or dCas9 perturbation and that persistent accessibility predicts the enhanced re-response.",
distant_paragraph_required_3_2,Single-cell tracking of AP-1 dynamics with live reporters,"Tag endogenous FOS/JUN (or use a synthetic AP-1 reporter) and image single cells over days to determine whether memory is stored as sustained AP-1 activity, a self-sustaining feedback loop, or heritable chromatin marks after AP-1 returns to baseline. Correlating prior pulse history with later per-cell response and lineage inheritance across divisions separates cell-autonomous memory from population effects.",
distant_paragraph_required_3_3,Acute degron-based necessity and sufficiency tests with timing control,"Use inducible degradation of AP-1 (e.g., dTAG on JUN/FOS or dominant-negative A-FOS) during priming, during the memory interval, and during re-challenge. If AP-1 is needed only to establish memory, removal during the interval will have no effect, whereas an effect of removal then implies AP-1 is needed to maintain memory; also test sufficiency by transient ectopic AP-1 expression in naive cells.",
distant_paragraph_required_3_4,Dose-dependence and decay kinetics of memory,"Quantify how memory scales with pulse strength, duration, and number of repeats, and measure its half-life and persistence across cell divisions. Fit a dynamical model (e.g., bistable versus graded) and test its predictions, such as bistability with a threshold, by sorting cells and checking for bimodal, heritable states.",
distant_paragraph_required_4_0,Sequential occupancy mapping of AP-1 co-binding,"After a transient stimulus (e.g., TPA, serum, or a stress signal), profile FOS/JUN family members, the pioneer partner, and chromatin accessibility (CUT&RUN/ATAC) over days to weeks. Test whether multiple AP-1 factors accumulate on the same enhancers and whether early binding of the lead factor predicts later accessibility and H3K27ac. Persistence of these sites after AP-1 levels return to baseline would indicate a memory-like state.",
distant_paragraph_required_4_1,Acute degron depletion at defined times after stimulus,"Use dTAG/AID degrons on c-Jun, c-Fos, or JunB to remove AP-1 either during the stimulus or after it has ended, then measure the primed transcriptional response to a second stimulus. If memory requires AP-1 only at induction, the enhancer state should persist after removal; if it requires AP-1 continuously, memory should collapse once AP-1 is removed. This distinguishes AP-1 as the inducer of memory from AP-1 as its continuing carrier.",
distant_paragraph_required_4_2,Single-cell paired readout of AP-1 dynamics and re-stimulation response,"Combine live-cell reporters for FOS/JUN activity (or a knock-in fluorescent tag) with a prime–rest–restimulate protocol, followed by single-cell multiome (RNA + ATAC). Test whether each cell's AP-1 activity history, such as amplitude and duration, predicts its secondary response, and whether the memory is binary or graded across cells.",
distant_paragraph_required_4_3,Enhancer-specific causal perturbation of AP-1 motifs,"Use CRISPR base editing or saturation mutagenesis of AP-1 motifs at primed enhancers, together with dCas9-KRAB or dCas9-based eviction, applied before or after priming. Measure whether the motif is required for establishing the open state, for maintaining it, and for faster re-induction of the linked gene. Compare with other motifs to show that the memory is attributable specifically to AP-1 sites.",
distant_paragraph_required_4_4,Memory kinetics and heritability across cell divisions,"Track primed chromatin state (accessibility, histone marks, nascent transcription by PRO-seq) in lineages after stimulus washout, using time-lapse lineage tracing or sorted daughter cells across multiple divisions. Fit decay models and test whether AP-1-dependent states are inherited through mitosis (mitotic-chromatin CUT&RUN for AP-1 bookmarking) or rebuilt each cycle, and compare half-lives with and without AP-1 perturbation to quantify AP-1's contribution to memory.",
distant_paragraph_required_5_0,Trimmed-consensus scoring of AP-1 occupancy across independent assays,"Profile AP-1 (FOS/JUN) binding and accessibility after a transient stimulus using several independent assays (CUT&RUN, ATAC-seq, ChIP-seq with different antibodies, footprinting) and labs/replicates. For each locus, drop the extreme scores and average the rest, so that only sites with robust, reproducible persistence long after the stimulus is gone are called memory sites, not artifacts of one antibody or batch.",
distant_paragraph_required_5_1,Separating priming potential from realized response,"For each AP-1-bound enhancer, define a fixed baseline predictor (motif strength, prior accessibility, baseline binding) and a separate response measure (transcriptional output, e.g., nascent RNA/PRO-seq, upon re-stimulation). Model whether prior exposure increases the response beyond what the baseline predictor predicts, to test if AP-1 history adds information beyond sequence and chromatin state.",
distant_paragraph_required_5_2,Acute AP-1 degradation after the stimulus ends,"Test whether memory is established and maintained without ongoing AP-1. Use degron-tagged FOS/JUN (dTAG/AID) or dominant-negative A-FOS added at defined times (during priming, after priming, before restimulation) and measure whether accessibility and faster re-induction are lost, to distinguish AP-1 as initiator versus maintainer of memory.",
distant_paragraph_required_5_3,Motif mutation and dose titration at single enhancers to test threshold behavior,"Use CRISPR base-editing of single AP-1 motifs (partial versus full disruption) and titrate stimulus dose and duration. Measure the effect on persistent accessibility and re-stimulation response to find threshold-like (nonlinear) behavior, which would indicate AP-1 sites act as discrete memory switches.",
distant_paragraph_required_5_4,Single-cell lineage tracing of memory inheritance through division,"After transient stimulation, use single-cell multiome (RNA + ATAC) with lineage barcodes or sister-cell pairing, plus live imaging of AP-1 reporters or endogenously tagged FOS/JUN. Test whether primed AP-1 target states are inherited by daughter cells and correlate with AP-1 binding retained through mitosis (mitotic bookmarking), compared with unstimulated controls.",
distant_paragraph_required_6_0,Single-cell ATAC/CUT&Tag of AP-1 motif accessibility after transient stimulus,"Stimulate cells (e.g., epithelial or immune cells with a wound/inflammatory cue), remove the stimulus, and track at single-cell resolution which AP-1 (FOS/JUN) motif-bearing enhancers stay open for days to weeks. Persistent accessibility at specific sites, heterogeneous between cells, would indicate stored state; compare to unstimulated cells and to cells re-challenged later.",
distant_paragraph_required_6_1,Re-stimulation test of primed response with variable rest intervals,"Give a first pulse of stimulus, rest for variable intervals, then a second pulse, and measure transcription (RNA-seq, nascent PRO-seq) and AP-1 binding kinetics versus naive cells. Faster or stronger induction at AP-1-dependent genes that decays with rest time quantifies memory duration; variation of the response with pulse timing and dose maps the memory's dependence on stimulus history.",
distant_paragraph_required_6_2,"Acute AP-1 degradation to separate establishment, maintenance, and recall","Use degron-tagged (dTAG/AID) or dominant-negative (A-FOS) AP-1 factors, depleting them before the first stimulus, during the rest period, or only at re-challenge. If depletion only at establishment erases memory while depletion during the rest period does not, AP-1 initiates but does not maintain it; loss with depletion at maintenance or recall shows AP-1 itself carries the memory.",
distant_paragraph_required_6_3,Site-specific perturbation of AP-1 motifs at memory enhancers,"Use CRISPR base editing or motif deletion at individual AP-1 sites, plus dCas9-based tethering of AP-1 or chromatin remodelers (e.g., BAF), to test whether single sites are necessary and sufficient for retained accessibility and faster re-induction. Rank sites by effect size to test whether a few key sites have disproportionately large effects on the larger accessibility pattern.",
distant_paragraph_required_6_4,Live-cell imaging of AP-1 dynamics and lineage-tracked memory,"Image endogenously tagged FOS/JUN and a target-gene reporter in single cells across stimulation, rest, and re-stimulation, tracking lineages through division. Correlating a mother cell's AP-1 history with its daughters' reporter responses tests heritability; single-cell traces may be noisy while population-level patterns resolve into distinct memory states.",
distant_paragraph_required_7_0,Stimulus-washout chromatin accessibility time course,"Expose cells (e.g., macrophages or fibroblasts) to a transient stimulus such as TNF, LPS, or wounding cues, then wash out and profile ATAC-seq, AP-1 (FOS/JUN) CUT&RUN and H3K27ac at multiple timepoints out to weeks. Persistent AP-1-motif-containing accessible sites after AP-1 binding itself has decayed would indicate a memory that outlasts the signal.",
distant_paragraph_required_7_1,Acute AP-1 degradation during induction versus maintenance,"Use degron-tagged (dTAG/AID) or dominant-negative (A-FOS) AP-1 components to remove AP-1 either only during the initial stimulus or only after washout, then restimulate and measure the transcriptional response by RNA-seq and accessibility. If depletion during priming prevents memory but depletion during maintenance does not, AP-1 acts as an initiator; the converse implies it actively maintains the memory.",
distant_paragraph_required_7_2,Combinatorial AP-1 motif grammar at memory-associated enhancers,"Map memory-associated enhancers and quantify AP-1 motif number, spacing, orientation, and co-occurrence with partner TFs (e.g., ETS, CEBP, NFAT), using massively parallel reporter assays with systematically varied motif arrangements. Test whether specific rules of motif combination predict which sites retain memory and which return to baseline.",
distant_paragraph_required_7_3,Single-cell multiome lineage tracing of memory inheritance,Combine single-cell RNA plus ATAC with barcode lineage tracing or sister-cell pairing after stimulation to test whether AP-1 activity states and accessibility are shared among sister cells across divisions more than expected by chance. High sister concordance that persists for generations and predicts the magnitude of the secondary response would support heritable memory rather than transient signaling.,
distant_paragraph_required_7_4,Targeted epigenome editing of AP-1-dependent memory loci,"Use dCas9-based tools (CRISPRi/KRAB) or base-editing motif mutation at individual AP-1-bound enhancers that stay open after stimulation, and test the effect on faster or stronger reinduction of the nearby gene. Locus-specific perturbation shows which sites are necessary and sufficient, and whether memory is cis-encoded or depends on global AP-1 levels.",
random_tokens_required_0_0,Barcoded lineage tracing of AP-1 state,"Barcode individual cells with unique heritable barcodes, give a transient AP-1 stimulus, and use single-cell RNA-seq with an AP-1 target signature to test whether sister cells share AP-1 activity states after washout more than unrelated cells do. Shared states across divisions would indicate heritable memory.",
random_tokens_required_0_1,Scrambled-motif enhancer editing,"Use CRISPR to scramble or delete AP-1 (TRE) motifs at candidate enhancers while leaving the surrounding sequence intact. Then test whether those enhancers lose primed accessibility and faster re-induction, which would show that the AP-1 motif itself is required for the memory.",
random_tokens_required_0_2,Optogenetic pulse-history encoding,"Drive AP-1 activity with optogenetic or chemogenetic control using different pulse patterns (single long, several short, and spaced pulses) that deliver the same total dose. Measure later target gene output to see whether the response depends on stimulus history and not only on current AP-1 level. History-dependent output is a functional signature of memory.",
random_tokens_required_0_3,Time-resolved chromatin profiling after washout,"After a transient stimulus, collect ATAC-seq and CUT&Tag data (FOS/JUN, H3K27ac) at several time points, from hours to multiple cell divisions. Identify sites that keep their accessibility or occupancy after AP-1 protein returns to baseline, and test whether the persistence predicts stronger re-induction of nearby genes.",
random_tokens_required_0_4,Hysteresis and maintenance test by acute depletion,"Ramp the stimulus dose up and then down and look for hysteresis, which indicates bistability. In parallel, use an inducible degron on AP-1 factors during the priming phase or only during the later memory phase. If depletion in the memory phase does not erase the primed response, AP-1 is needed for establishing but not maintaining memory; if it does erase the response, AP-1 is needed for maintenance.",
random_tokens_required_1_0,Transient stimulus with delayed re-challenge (hysteresis test),"Expose cells to a brief stimulus (e.g., TPA, growth factor, or stress) that activates AP-1 (Fos/Jun), let activity return to baseline, then re-stimulate after varying intervals and measure target gene transcription and AP-1 occupancy. Faster or stronger secondary responses that depend on the first exposure would indicate memory, as would a decay time constant longer than the half-lives of the Fos/Jun proteins. A response counts as memory only if it is reproducible and history-dependent rather than a one-off burst.",
random_tokens_required_1_1,Chromatin accessibility and AP-1 footprinting over time,"Run ATAC-seq or CUT&RUN for AP-1 factors, along with H3K27ac and H3K4me1, before, during and long after stimulation. Look for AP-1-dependent enhancers that stay open or primed after AP-1 levels have fallen, which would show the stimulus left a lasting chromatin mark. Motif-level footprinting across the time course can separate persistent occupancy from persistent accessibility.",
random_tokens_required_1_2,Acute degradation of AP-1 after the priming phase,"Use a degron (dTAG/auxin) or a dominant-negative such as A-Fos to remove AP-1 either during priming or only after it, then test whether the primed state persists. If the memory survives AP-1 loss after priming, AP-1 acts as an initiator that sets epigenetic marks. If the memory is lost, AP-1 is needed continuously to maintain it. Comparing the two timings separates these two mechanisms.",
random_tokens_required_1_3,Single-cell live imaging of AP-1 dynamics and reporters,"Track endogenously tagged c-Fos/c-Jun or an AP-1 reporter in single cells across repeated stimulations to test whether activity states are inherited through division. Compare sister-cell correlation and lineage trees against shuffled controls to determine whether response states are inherited, as expected for memory, or arise from independent noise.",
random_tokens_required_1_4,Motif mutation and synthetic AP-1 site insertion to test necessity and sufficiency,"Use CRISPR to mutate AP-1 motifs at candidate memory enhancers, and separately insert a synthetic AP-1 site at a neutral locus, then measure whether transient AP-1 signalling produces lasting accessibility and primed transcription. Motif mutation tests necessity, and the synthetic insertion tests sufficiency for encoding the memory.",
random_tokens_required_2_0,Shuffled null-model control for memory readout,Build a null model by shuffling AP-1 motif positions and ChIP/ATAC labels across the genome. Compare real persistence of AP-1 binding after stimulus withdrawal against this shuffled null to show that retained accessibility is not due to chance.,
random_tokens_required_2_1,Stimulus-withdrawal time-course of AP-1 occupancy and accessibility,"Expose cells (e.g., fibroblasts or macrophages) to a transient stimulus, remove it, and track CUT&RUN for FOS/JUN plus ATAC-seq at days 0 to 14. Sites that stay open and AP-1 bound long after FOS/JUN transcript levels return to baseline indicate memory.",
random_tokens_required_2_2,Acute AP-1 degradation after priming vs. before,"Use degron-tagged JUN/FOS (dTAG) or dominant-negative A-FOS to remove AP-1 either during priming or only during rechallenge. If memory persists when AP-1 is removed after priming, it is held by other factors. If it is lost, AP-1 maintains the memory.",
random_tokens_required_2_3,Secondary stimulation response with motif mutation,"Use CRISPR editing or dCas9 interference to mutate AP-1 motifs at primed enhancers, then measure the enhanced transcriptional response to a second stimulus by RNA-seq or reporter assays. This tests whether specific sites are necessary for faster, stronger re-induction.",
random_tokens_required_2_4,Single-cell multiome and lineage tracing of memory inheritance,"Perform paired scRNA/ATAC on clonally related sister cells after priming and several divisions. Test whether AP-1-linked accessibility is inherited more similarly within clones than across them, and whether it predicts each cell's rechallenge response.",
random_tokens_required_3_0,Chromatin accessibility memory after transient stimulus,"Stimulate cells (e.g., with TPA, growth factor, or injury signal), then wash out and perform ATAC-seq and AP-1 (FOS/JUN) CUT&RUN at time points over days to weeks. Persistent AP-1 motif-containing accessible sites after AP-1 levels return to baseline would indicate a retained memory state. Because the persistent sites are a sparse signal, they must be separated from noise by comparing against unstimulated controls and shuffled-motif backgrounds.",
random_tokens_required_3_1,Acute degron depletion to separate initiation from maintenance,"Use auxin-inducible degron tagging of FOS or JUN (or a dominant-negative A-FOS) to remove AP-1 either during the stimulus or only after memory is established. If accessibility and the enhanced secondary response persist after depletion post-establishment, AP-1 is needed only for establishing the memory. If they collapse, AP-1 is needed for maintaining it.",
random_tokens_required_3_2,Re-stimulation response assay (primed vs naive),"Give a first stimulus, rest the cells, then give a second stimulus. Compare RNA-seq and nascent transcription (PRO-seq) between primed and naive cells, and check whether the faster or stronger induction is limited to AP-1-bound loci. Include a no-first-stimulus control and a first-stimulus-with-AP-1-inhibition control to show the dependence.",
random_tokens_required_3_3,Single-cell multiome lineage tracing of memory inheritance,"Do single-cell RNA and ATAC profiling, with barcodes or live reporter imaging to identify sister cells, after a transient stimulus and several divisions. Test whether sister cells share AP-1 site accessibility and responsiveness more than random pairs, which would indicate mitotic inheritance. Live-cell AP-1 reporters can also show whether the memory is bistable or graded.",
random_tokens_required_3_4,Sufficiency test by synthetic AP-1 perturbation and histone context,"Use dCas9-based recruitment or an inducible pulse of AP-1 at a defined enhancer, and measure whether it creates lasting accessibility and H3K27ac/H3K4me1 after the trigger is removed. Pair this with perturbation of cofactors such as BAF/SWI-SNF, and with motif mutation by CRISPR base editing. This tests whether AP-1 alone is sufficient and which co-factors stabilize the memory.",
random_tokens_required_4_0,Transient stimulus with delayed ATAC/CUT&Tag readout,"Expose cells to a brief stimulus (e.g., TPA or inflammatory cue) and then profile chromatin accessibility and AP-1 (FOS/JUN) binding by ATAC-seq and CUT&Tag after a long washout. Persistent accessibility at AP-1 motif sites after the signal and AP-1 activity have returned to baseline would indicate a memory-like chromatin state, which relies on site-specific marks being retained after the signal ends.",
random_tokens_required_4_1,Acute AP-1 degradation during priming versus washout,"Use a dTAG/auxin degron on JUN/FOS, or a dominant-negative such as A-FOS, either during the priming stimulus or only during the washout, then test whether the enhanced re-response is lost. Loss when AP-1 is removed only during washout shows ongoing AP-1 is needed to maintain memory; loss only when removed during priming shows it acts as an initiator.",
random_tokens_required_4_2,Single-cell live imaging of AP-1 reporter history,"Image AP-1 activity with a live reporter or FOS/JUN biosensor across repeated stimulation pulses in single cells, then relate each cell's prior pulse history to its later response amplitude. Cell-to-cell heterogeneity and persistence of individual cells' response states over days and divisions would distinguish true memory from continued signaling.",
random_tokens_required_4_3,Perturbing AP-1 sites at memory enhancers,"Use CRISPR to mutate AP-1 motifs or tether dCas9-KRAB or dCas9-p300 at specific primed enhancers, and measure re-stimulation transcription (RNA-seq/PRO-seq) and H3K27ac. If memory-linked genes lose faster or stronger secondary responses only when their AP-1 motifs are disrupted, this shows AP-1 binding is causal rather than merely correlated.",
random_tokens_required_4_4,Mitotic bookmarking and inheritance assay,"Synchronize and sort primed cells, and map FOS/JUN occupancy on mitotic chromosomes by CUT&RUN. Follow lineage-tracked daughter cells through several divisions, measuring whether enhanced responsiveness and AP-1-associated accessibility are inherited. Retained AP-1 binding on mitotic chromatin and transmission of primed responses to daughter cells would support heritable memory.",
random_tokens_required_5_0,Chromatin priming time course after a transient stimulus,"Expose cells to a transient stimulus (e.g., TPA, serum, or injury) and use ATAC-seq and AP-1 (FOS/JUN) CUT&RUN over days to weeks to test whether AP-1-dependent accessible sites persist after the stimulus is gone. Then apply a second challenge to test for faster or stronger transcription at those sites.",
random_tokens_required_5_1,Combinatorial AP-1 dimer composition perturbation,"Test whether AP-1 memory is encoded in which FOS/JUN/ATF dimers form, not just in total AP-1 activity. Use dimer-specific CUT&RUN or ChIP-seq plus targeted degradation of individual members (dTAG) to identify which dimer compositions at which enhancers are needed to maintain primed states.",
random_tokens_required_5_2,Single-cell lineage-barcoded heterogeneity test,"Label clonal lineages with unique barcodes, stimulate transiently, and use single-cell multiome (RNA plus ATAC) to test whether sister cells share AP-1 motif accessibility and response strength after division more than random cells do. Shared states would indicate heritable memory.",
random_tokens_required_5_3,Acute AP-1 degradation after priming,"Prime cells, then remove AP-1 (inducible degron or dominant-negative A-FOS) after the stimulus ends and before re-challenge. If memory requires continuous AP-1, primed accessibility and the enhanced response should decay; if AP-1 only initiates memory, they should persist, which separates initiation from maintenance.",
random_tokens_required_5_4,Synthetic AP-1 reporter with live imaging,"Build a reporter containing AP-1 motifs in varied arrangements and spacings. Image single cells over multiple stimulus pulses with varied intervals to quantify hysteresis, pulse-history dependence, and decay time, and mutate motifs or add methylation inhibitors to test which sequence features and chromatin marks carry the memory.",
random_tokens_required_6_0,Transient stimulus with delayed ATAC/CUT&RUN re-challenge,"Expose cells to a defined stimulus (e.g., TPA or serum), wash out, and let AP-1 (FOS/JUN) levels return to baseline. Then map chromatin accessibility and AP-1 binding (ATAC-seq, CUT&RUN) days later and compare transcriptional responses to a second challenge with naive cells. The 'memory' should only become apparent when the second stimulus reveals the retained chromatin state.",
random_tokens_required_6_1,Acute AP-1 degradation during the memory phase,"Use a degron (dTAG/auxin) or dominant-negative A-FOS to remove AP-1 either during the initial stimulus only, or only after washout. If primed accessibility and the faster re-response persist after AP-1 is gone, AP-1 acts as an initiator; if they are lost, AP-1 is needed to maintain the memory. Comparing the two outcomes separates the two roles.",
random_tokens_required_6_2,Single-cell multiome tracking of priming and heterogeneity,"Run paired scRNA/scATAC-seq across stimulus, washout and re-stimulation time points. Test whether AP-1 motif accessibility in individual cells predicts the strength of the later response and whether the primed state is inherited by daughter cells. Lineage barcoding or cell-division tracking would link inheritance to memory rather than to persistent signaling.",
random_tokens_required_6_3,Live-cell reporters of AP-1 dynamics and target loci,"Image fluorescently tagged FOS/JUN together with a transcriptional reporter of an AP-1 target gene through repeated pulses. Quantify whether previous pulses change the amplitude, timing or probability of later responses, and whether this lasts across divisions. Fit the data with mathematical models of hysteresis or bistability to distinguish true memory (history-dependent, self-sustaining) from slow decay of the signal.",
random_tokens_required_6_4,Targeted epigenome editing and histone-mark profiling at AP-1 sites,"Profile H3K27ac, H3K4me1 and nucleosome remodeling (BAF/SWI-SNF) at AP-1-bound enhancers after the first stimulus and after washout. Then use dCas9-based editing to erase or install these marks, or mutate AP-1 motifs, at selected enhancers and test for causal gain or loss of primed re-responses, to link AP-1 binding to a persistent chromatin state at specific loci.",
random_tokens_required_7_0,Heritable barcoding of stimulation history,"Give cells a brief, distinct AP-1-activating stimulus (e.g., anisomycin, TPA, or EGF) and record each cell's history with a heritable lineage barcode or fluorescent reporter. After a washout of days to weeks, test whether the original stimulus can be read out from chromatin accessibility (scATAC) and from the transcriptional response to a second challenge.",
random_tokens_required_7_1,Priming and re-stimulation assay with ATAC-seq and AP-1 mapping,"Stimulate cells once, wash out, rest them for several cell cycles, then re-stimulate. Compare the kinetics and magnitude of the second response with naive cells (RNA-seq, nascent RNA), map retained AP-1 (FOS/JUN) binding and accessibility at enhancers with ATAC-seq and CUT&RUN, and test whether sites that stay open predict which genes respond faster.",
random_tokens_required_7_2,Acute AP-1 degradation at defined times (dTAG/AID),"Use degron-tagged FOS or JUN to remove AP-1 at set times after the initial stimulus. Removal after the stimulus ends but before re-challenge tests whether AP-1 itself must persist to maintain memory, or whether it is only needed to establish it. Measure whether accessibility and the enhanced second response persist without AP-1.",
random_tokens_required_7_3,Single-cell live imaging of AP-1 dynamics and heritability,"Image FOS/JUN reporters or endogenously tagged proteins in lineages over several divisions, using microfluidic pulse protocols that vary pulse number, duration and spacing. Quantify whether the dynamics of a mother cell predict those of its daughters, and whether second-response amplitude depends on the pattern of earlier pulses, which would suggest a history-dependent state rather than a transient one.",
random_tokens_required_7_4,Pioneer-like activity and chromatin-mark causality tests,"Test whether AP-1 recruits chromatin remodelers (BAF) and deposits H3K27ac or H3K4me1 at memory enhancers, and whether those marks persist after AP-1 is gone. Use dCas9-based epigenome editing to add or remove the marks at specific enhancers, or use an AP-1 motif mutation, and measure the effect on memory of the response. This separates AP-1 as the trigger that establishes the marks from the chromatin state as the carrier of memory.",
self_designed_required_0_0,AP-1 decay kinetics versus memory persistence with acute degron removal,"After a transient stimulus (e.g., TPA, wounding, or cytokine pulse), measure the half-lives of AP-1 binding (CUT&RUN/ChIP time course, live-cell FOS/JUN reporters) and of the chromatin accessibility it created (ATAC-seq). Then use acute degron removal (dTAG on FOS/JUN) at varied delays to test whether memory requires continuous AP-1 or persists after AP-1 is gone, and compare the rate of memory loss with the rate at which the re-stimulation response is lost.",
self_designed_required_0_1,Primed-response assay with single-cell multiome and lineage tracking,"Give cells a first stimulus, let them return to baseline for days, then deliver a second stimulus and measure the primed response by scRNA+ATAC multiome, comparing naive, primed, and AP-1 dominant-negative (A-FOS) or degron-treated cells. Test whether the faster or stronger second response depends on AP-1 sites that stayed accessible after the first stimulus, and whether the dependence is cell-autonomous by tracking lineages via barcodes across division.",
self_designed_required_0_2,AP-1 dimer composition and partner factors as a code for stimulus history,"AP-1 dimers (FOS/JUN/ATF/MAF families) combine with partner TFs (e.g., ETS, NFAT, lineage TFs) to produce composite motifs. Use paired perturbation of dimer composition and partner presence (CRISPRi/degron matrix) with ChIP/CUT&Tag and MPRA to test whether history is encoded in which dimer and partner pairs were engaged, a pattern neither input contains alone. Predict that a history-specific dimer/partner signature at enhancers can decode a cell's past stimulus from chromatin state with a classifier trained on known histories.",
self_designed_required_0_3,Weak-affinity AP-1 sites as memory elements,"Use CRISPR base editing or saturation mutagenesis of AP-1 motifs at a memory-associated enhancer to create variants with weakened affinity, then test whether suboptimal sites are the ones that retain memory (e.g., sustained accessibility with slow decay), while consensus TRE sites respond quickly and lose memory. Quantify with MPRA and locus-specific live imaging (dCas9 or reporter) across stimulus histories, to test whether suboptimal motif affinity produces hysteresis.",
self_designed_required_0_4,Dose-history mapping of AP-1 responses to different stimulus types,"Apply stimuli of different types (mechanical, inflammatory, growth factor, injury) with systematically varied intensity, duration, and spacing, and measure induced AP-1 composition, enhancer occupancy, and downstream gene state with time-resolved CUT&Tag and RNA-seq. Fit a dynamical (bistability/hysteresis) model to ask whether AP-1 responses show thresholds, history-dependent state transitions, and response-size distributions that differ by stimulus type even though the same factor is activated. Validate by predicting the outcome of untested stimulus sequences.",
self_designed_required_1_0,Persistence of AP-1 site occupancy despite turnover of individual AP-1 proteins,"Test whether memory persists even though no single AP-1 protein or complex persists: use degron-tagged FOS/JUN family members, pulse-label with HaloTag, and run CUT&Tag at timepoints long after a stimulus. If sites stay occupied while the original molecules have turned over, memory is carried by exchanging subunits together with chromatin state. If occupancy requires the original molecules, it is not.",
self_designed_required_1_1,Single-cell accessibility record of sequential distinct stimuli at AP-1 sites,"Stimulate cells with repeated, distinct pulses (e.g., TPA, then anisomycin, then serum) and run single-cell ATAC plus AP-1 motif-resolved footprinting. Test whether each stimulus leaves a separable, ordered accessibility signature at AP-1 sites that persists after washout and reflects stimulus history. Acutely removing FOS or JUN, or expressing a dominant-negative (A-FOS) after the stimulus, tests whether AP-1 is needed to maintain the signature rather than only to establish it.",
self_designed_required_1_2,Single-cell AP-1 fluctuation statistics as predictors of memory,"Live-image an endogenous FOS/JUN reporter (MS2 or knock-in fluorescent tag) in single cells over days and measure the autocorrelation and pulse statistics of AP-1 activity. Test whether cells with higher pulse frequency or longer autocorrelation show a primed response (faster, stronger re-induction of target genes) on restimulation. Then use optogenetic control to deliver the same total dose as bursts or as a plateau, to test causally whether the temporal pattern encodes memory.",
self_designed_required_1_3,Perturbation of AP-1 sites to test sequence-encoded versus state-encoded memory,"In cells with primed enhancers, use CRISPR to damage individual AP-1 motifs, or CRISPRi/dCas9 to transiently evict AP-1. Then quantify whether recovery leaves a stable epigenetic change, such as altered H3K27ac, DNA methylation, or reduced AP-1 re-binding, and whether the response to a second stimulus changes. Comparing wild-type, mutated-motif, and transient-eviction conditions separates sequence-encoded from state-encoded memory.",
self_designed_required_1_4,Test of AP-1 and a partner factor as a joint memory unit,"Test whether AP-1 memory requires a partner such as a pioneer factor (e.g., ETS, CEBP, or SWI/SNF/BAF). Acutely degrade AP-1 or the partner after priming, and use sequential ChIP or CUT&RUN co-occupancy plus Micro-C to map the joint state. Memory lost only when both are present, or only when the partner is removed, would indicate that AP-1 recruits a memory-bearing complex rather than storing memory itself.",
self_designed_required_2_0,"Tuning enhancer motif flanks, spacing, and affinity rather than knocking out AP-1","Instead of knocking out AP-1, use CRISPR base editing or dCas9 to subtly alter AP-1 motif flanking sequence, spacing, and affinity at primed enhancers. Then quantify how the strength and duration of the stimulus-induced memory response (ATAC accessibility, transcriptional re-induction kinetics) change. A graded dose-response of memory to motif affinity would show that AP-1 sequence encodes memory rather than merely being required for activation.",
self_designed_required_2_1,Footprinting of chromatin state after AP-1 loss,"After transient stimulation (e.g., TPA, wounding signal, or inflammatory cue) and AP-1 washout, use CUT&Tag/CUT&RUN for AP-1 factors alongside ATAC footprinting, histone marks (H3K4me1, H3K27ac) and the SWI/SNF (BAF) complex to map accessible, BAF-marked sites that retain open chromatin once AP-1 is gone. Compare days to weeks later and with acute AP-1 degradation (dTAG/auxin degron) to test whether the memory persists independent of continued AP-1 binding or needs it to be maintained.",
self_designed_required_2_2,AP-1 memory across quiescence and division,"Prime cells, then place them in quiescence (serum starvation or contact inhibition) or let them go through multiple cell cycles, for days to weeks without AP-1 activity (monitored with live AP-1 reporters). Re-challenge and test whether primed loci retain a faster, stronger response, and whether mitotic bookmarking by AP-1 (live-cell imaging, mitotic-chromosome ChIP) explains persistence, using degron removal of AP-1 during the dormant period as a causal control.",
self_designed_required_2_3,Single-cell lineage-traced memory with un-averaged readouts,"Combine barcoded lineage tracing with single-cell multiome (scRNA + scATAC) to compare sister cells after a primary stimulus and re-stimulus, testing whether the response of one sister predicts the other's response beyond what shared AP-1 dynamics predict. Heritable, clone-specific, bimodal memory states that track with AP-1-dependent accessibility would be hidden in bulk averages and would distinguish true cellular memory from persistent signaling.",
self_designed_required_2_4,Optogenetic AP-1 pulse-pattern training,"Use optogenetic control of AP-1 (e.g., light-inducible c-Fos/c-Jun or upstream kinases) to deliver defined pulse trains of varying frequency, duration and spacing, then measure whether later responses depend on the history of the pattern. Pair with live reporters of target genes and ATAC to build a map from stimulation history to cell state and test for hallmarks of memory: dependence on training pattern, spacing effects, decay time, and erasure by counter-stimuli.",
self_designed_required_3_0,Re-stimulation with and without injected noise to test hysteresis,"Prime cells with a transient stimulus (e.g., TPA, wounding-related cytokines, or optogenetic FOS/JUN), then apply a second stimulus of varying strength and timing, with and without deliberately injected noise (pulsed or fluctuating dosing). Measure AP-1 binding (CUT&RUN), chromatin accessibility (ATAC) and target transcription; memory predicts a primed-versus-naive hysteresis loop in the dose-response, and the noise condition tests whether the memory state advances only under fluctuating input.",
self_designed_required_3_1,Persistence of AP-1-opened enhancer state after AP-1 loss,"After priming, remove AP-1 with an acute degron on FOS/JUN, or a dominant-negative A-FOS, at several delays. Track by time-resolved ATAC, H3K27ac and H3K4me1 whether the accessible enhancer state persists and whether it accelerates re-induction of genes when AP-1 returns. If the state persists without AP-1 and drives faster re-induction, AP-1 acts as a writer of memory, not just a carrier.",
self_designed_required_3_2,Single-cell live reporters of AP-1 dynamics across divisions,"Use live-cell reporters of endogenous FOS/JUN activity and a target gene in lineage-tracked single cells. Measure whether a mother cell's past AP-1 pulse history predicts response amplitude in daughter cells, and compute mutual information between history and response across generations. Cells that stay quiet in between serve as controls, since memory without ongoing AP-1 activity would indicate a carrier not bound by AP-1.",
self_designed_required_3_3,AP-1 binding-site editing and dCas9 tethering at primed enhancers,"Mutate or CRISPRi/CRISPRa individual AP-1 motifs at primed enhancers, and tether synthetic AP-1 or chromatin-remodeler recruiters at the same loci. Test whether a site is necessary and sufficient to confer faster, stronger secondary responses, which separates local enhancer memory from global cell-state memory.",
self_designed_required_3_4,Perturb-and-recover regulatory network reconstruction,"Perform Perturb-seq or multiome sequencing at different times after a transient AP-1 stimulus, deleting AP-1 family members (FOS, JUN, ATF, MAF), and determine how the regulatory network (TF-to-enhancer-to-gene links) changes. Compare the rebuilt networks to the original and to naive cells and quantify path-dependence; stable differences after washout would indicate that AP-1 set a persistent network state.",
self_designed_required_4_0,Disruption and synthetic rescue of AP-1 motifs in stimulus-opened enhancers,"Use CRISPR to disrupt individual AP-1 motifs in enhancers that gained accessibility after a transient stimulus (e.g., FOS/JUN induction or injury), then rescue them with synthetic motifs at shifted positions. Measure by ATAC-seq whether accessibility and H3K27ac persist at the disrupted or rescued site after the stimulus ends, and measure re-stimulation response magnitude weeks later.",
self_designed_required_4_1,Dose titration of AP-1 pulse dynamics and memory,"Deliver defined AP-1 activation pulses (optogenetic FOS/JUN or c-Jun degron systems) varying in duration, amplitude and frequency, then wash out. Quantify retained accessibility and faster transcriptional re-induction on secondary challenge, to test whether memory requires a threshold of AP-1 dwell time rather than simple presence.",
self_designed_required_4_2,"AP-1 occupancy decay versus chromatin persistence, with delayed degradation","After a stimulus, time-resolve AP-1 binding (CUT&RUN for JUN/FOS) alongside accessibility, histone marks and nascent transcription over days to weeks and through cell divisions. If AP-1 leaves while accessibility persists, AP-1 acts as a pioneer factor that initiates the state. If its presence is required, acute degradation (dTAG) at various delays after the stimulus should erase memory only within a defined window, so the delay itself is the measurement.",
self_designed_required_4_3,Paired lineage-matched primed versus naive single-cell multiome comparison,"Use single-cell multiome (ATAC+RNA) on matched primed and naive clones or lineage-barcoded sister cells, and rank-compare AP-1 motif accessibility (chromVAR) and target gene responsiveness only within pairs. Test whether sister-cell pairs inherit the same relative AP-1 state across divisions, giving a heritability estimate of the memory independent of batch or absolute signal.",
self_designed_required_4_4,Composite motifs of AP-1 with a second transcription factor at memory loci,"Map composite motifs (AP-1 plus ETS, NFAT, or glucocorticoid receptor) genome-wide. Use MPRA and genomic perturbations to test whether memory loci are specifically those where AP-1 partners with a cell-type factor. Knock out each partner separately and together to test whether retained accessibility requires the combination.",
self_designed_required_5_0,Periodic AP-1 stimulation with varied schedule,"Expose cells to AP-1-activating stimuli (e.g., TPA, anisomycin, optogenetic c-Fos/JUN) in periodic regimes with varied period and duty cycle, then measure chromatin accessibility (ATAC-seq) and target-gene response to a later test challenge. If AP-1 is a memory mechanism, the priming should depend on the schedule (frequency tuning) and not just on total dose, and should outlast AP-1 protein levels.",
self_designed_required_5_1,Footprinting of AP-1 sites that stay accessible after stimulus withdrawal,"After transient stimulation, track time-resolved ATAC/CUT&Tag with TF footprinting to find AP-1 motif sites that remain open after AP-1 occupancy is lost. Compare with H3K27ac/H3K4me1 and with sites in never-stimulated cells to test whether the accessible state persists and carries memory without ongoing AP-1 binding.",
self_designed_required_5_2,Acute degradation of FOS/JUN at defined stages,"Use degron-tagged FOS or JUN (or dominant-negative A-FOS) to remove AP-1 before the priming stimulus (to test a role in establishing memory), during the resting interval (maintenance), and at re-stimulation (readout). Measure RNA-seq and accessibility on re-challenge to separate establishment, maintenance and recall roles.",
self_designed_required_5_3,Single-cell lineage tracking of AP-1 history with recorder reporters,"Use a live AP-1 activity reporter, such as a destabilized and stable fluorescent reporter pair or a Cre-based recorder that permanently marks past AP-1 activation, combined with lineage tracing and later re-stimulation. Test whether cells and their daughters with a recorded AP-1 history respond more strongly or faster, and for how many divisions, to separate cell-autonomous heritable memory from ongoing signaling.",
self_designed_required_5_4,Mutating AP-1 motifs at memory-associated enhancers,"Use CRISPR base editing or enhancer-deletion screens (MPRA plus endogenous editing) to alter AP-1 motif number, spacing and affinity at loci that show primed responses. Measure how these changes shift the strength and duration of the memory phenotype, to test whether AP-1 sites are necessary and sufficient, and whether suboptimal motif quality tunes the rate of memory decay.",
self_designed_required_6_0,Mapping accessibility loss after AP-1 or BAF perturbation in previously stimulated cells,"After a transient AP-1-activating stimulus (e.g., TPA, injury, or cytokine), perturb the cells with AP-1 degron depletion or BAF inhibition, and map which enhancers lose accessibility (ATAC/CUT&Tag) and in what order. Compare the pattern of accessibility loss between naive and previously stimulated cells to test whether it reflects the history of earlier AP-1 exposure.",
self_designed_required_6_1,Analysis of sites AP-1 binds but fails to open,"Use time-resolved ChIP/CUT&RUN plus ATAC across repeated stimulations to catalog AP-1 motif sites that are bound transiently but never become accessible or never retain accessibility. Compare their sequence, nucleosome, and cofactor features with sites that are retained to define the rules for which AP-1 binding is converted into memory and which is not.",
self_designed_required_6_2,Two offset AP-1 stimulus rhythms and timing-dependent memory,"Deliver optogenetic or chemical AP-1 pulses at two slightly offset periods or through two pathways (e.g., JNK and ERK), then measure whether residual enhancer accessibility and gene expression show a slow beat pattern or phase-dependent memory. The aim is to test whether AP-1 integrates stimulus timing rather than just dose, and to distinguish dynamics-based memory from a simple ratchet mechanism.",
self_designed_required_6_3,"Graded, time-specific reduction of AP-1 dosage to find a memory threshold","Use titratable degrons (dTAG/AID), CRISPRi alleles of FOS/JUN family members, and motif-site edits to reduce AP-1 stepwise at defined times (during priming, during the delay, or during recall), instead of overexpressing it. Measure recall amplitude and chromatin state to separate AP-1's roles in establishing, maintaining, and reading out memory, and to identify any dose threshold.",
self_designed_required_6_4,Lineage-tracked inheritance of the primed state through division and passaging,"Prime cells with an AP-1 stimulus, then serially passage them with strong dilution, using barcoded lineages, single-cell multiome (RNA and ATAC) and live AP-1 reporters. Test whether the primed state persists, is heritable by clone, and re-establishes after dilution without the stimulus, and whether passing it on requires continued AP-1 binding (acute degron versus no degron). Persistence through repeated dilution would indicate a self-propagating state.",
self_designed_required_7_0,Stimulus-order permutation with chromatin readout,"Expose cells to many different orderings of the same pulses (e.g., TNF, EGF, stress, or phorbol ester), with each ordering differing from another by a change in only one adjacent step. Then measure ATAC-seq accessibility at AP-1 (FOS/JUN) motif sites and the transcriptional response to a common test challenge. If the response depends on order and not just total dose, AP-1 acts as a history-dependent memory.",
self_designed_required_7_1,Mapping persistently open enhancers after AP-1 departure,"Use CUT&RUN or CUT&Tag for FOS, JUN, and H3K27ac, plus ATAC-seq, at several times after a transient stimulus to find enhancers that stay open after AP-1 has left. Test whether persistence of these sites predicts a stronger secondary response, and use acute degron removal of AP-1 (dTAG or AID) after priming to test whether maintenance requires continued AP-1 binding or only the initial engagement.",
self_designed_required_7_2,Live single-cell AP-1 reporter imaging with lineage tracking,"Image endogenously tagged FOS/JUN, or an AP-1 transcriptional reporter, across cell divisions and re-stimulations, treating cell-to-cell variability as the signal. Test whether sister cells share activation states more than random pairs do, and for how many generations. Quantify memory using mutual information between past and future responses, and compare with a control in which AP-1 dynamics are optogenetically clamped.",
self_designed_required_7_3,Optogenetic or chemogenetic AP-1 induction with sufficiency tests,"Drive JUN/FOS with a light- or drug-inducible system using pulse patterns that differ in duration, frequency, and dimer composition, then remove the input and track target gene expression, chromatin state, and responsiveness to later challenges. Whether a defined pulse pattern is sufficient to create a lasting, heritable state, and whether this depends on dimer identity, would test AP-1 as a causal writer of memory rather than a correlate.",
self_designed_required_7_4,"Cofactor, feedback, and synthetic-locus dissection of memory maintenance","Test whether memory resides in AP-1 itself or in surrounding factors by combining CRISPRi or dominant-negative (A-FOS) perturbation of AP-1 with perturbation of cofactors and chromatin machinery (SWI/SNF, p300, histone methyltransferases) and of the FOS/JUN positive-autoregulatory loop. Measure memory half-life after each perturbation, and use mathematical modelling to distinguish bistable feedback from epigenetic-mark inheritance. Finally, insert AP-1 sites into a synthetic locus to test whether the motif alone can store state.",
word_salad_required_0_0,Chromatin accessibility memory readout after transient stimulus (ATAC/CUT&Tag),"Give cells a brief inflammatory or injury stimulus (e.g., TNF or wounding), wash it out, and profile AP-1 (FOS/JUN) binding and chromatin accessibility by CUT&Tag and ATAC-seq at days 0, 1, 7 and 28. Compare AP-1 motif sites in primed cells with those in naive cells to test whether they remain persistently open after stimulation.",
word_salad_required_0_1,Acute AP-1 degradation during and after priming,"Use a degron (dTAG/AID) on JUN or FOS, or a dominant-negative such as A-FOS, to deplete AP-1 either only during priming or only after the stimulus has been removed. If AP-1 is needed to establish but not maintain memory, the primed state should persist after depletion in the later window; if it is needed for maintenance, the state should decay. This separates initiation from maintenance.",
word_salad_required_0_2,Re-stimulation response test with single-cell multiome,"Prime cells, rest them, then re-challenge. Measure faster or stronger induction of target genes with scRNA-seq plus scATAC, and link it to the AP-1 motif accessibility of individual cells. Naive cells are the control, and a non-AP-1 priming stimulus is a second control. A memory mechanism predicts a heterogeneous but heritable primed subpopulation whose response scales with its retained AP-1 sites.",
word_salad_required_0_3,Lineage-tracing of memory through cell division,"Track daughter cells with live reporters (a fluorescent AP-1 activity reporter, or endogenous FOS/JUN knock-in tags) and barcoded lineages after a pulse stimulus. Test whether sister cells share the primed state for several divisions, and whether mitotic bookmarking by AP-1 on chromatin (imaged or by mitotic ChIP) explains it. Such inheritance would separate true memory from a lingering signal.",
word_salad_required_0_4,Targeted epigenome editing and mathematical modeling of bistability,"Use dCas9 to open or close one AP-1-bound enhancer, and fit an ODE model of AP-1 feed-forward and positive-feedback loops with chromatin states. The model predicts hysteresis, meaning different response thresholds with increasing versus decreasing stimulus. Test this by dose-response titration of the stimulus, and check whether editing a single site shifts or abolishes the memory.",
word_salad_required_1_0,Transient stimulus with delayed re-challenge (priming test),"Expose cells to a brief stimulus (e.g., TPA, TNF, or injury signal), remove it, then re-stimulate after days to weeks and compare transcriptional responses to naive cells. Measure ATAC-seq, RNA-seq and FOS/JUN occupancy (CUT&RUN) to see whether AP-1-dependent primed or enhanced responses persist after AP-1 protein levels return to baseline.",
word_salad_required_1_1,Acute AP-1 degradation during the memory phase,"Use dTAG/auxin-inducible degradation or a dominant-negative (A-FOS) to remove AP-1 either only during priming or only after priming, before re-challenge. If memory persists after AP-1 removal, AP-1 is only the initiator. If it is lost, AP-1 is needed to maintain the memory. Readouts are chromatin accessibility and the secondary response.",
word_salad_required_1_2,Single-cell multiome tracking of chromatin and expression states,"Run paired scATAC/scRNA-seq at multiple times after stimulation and after resting. Test whether AP-1 motif accessibility, AP-1 target expression and enhancer states are inherited by daughter cells, using lineage barcodes or sister-cell pairs to separate heritable memory from persistent signaling.",
word_salad_required_1_3,Enhancer-level epigenetic readout and engineered AP-1 sites,"Map H3K27ac, H3K4me1, DNA methylation, and nucleosome remodeling (BAF) at AP-1-bound enhancers before, after, and long after stimulation. Then use dCas9 or motif mutation to delete or insert AP-1 sites at selected enhancers to test whether AP-1 binding is necessary and sufficient to leave a persistent open, primed state.",
word_salad_required_1_4,Live-cell reporters and mathematical modeling of feedback,"Image endogenously tagged FOS/JUN and a downstream reporter in single cells during pulses of different duration and frequency. Fit bistable or positive-feedback models and test predictions, such as hysteresis and a threshold dose, by perturbing feedback loops (e.g., JUN autoregulation) to see if AP-1 dynamics alone can store state.",
word_salad_required_2_0,Degron-based AP-1 depletion in haploid cells to test memory maintenance,"Use haploid cells with an auto-inducible degron on FOS/JUN family members, and deplete AP-1 at defined times after a transient stimulus. Then measure by ATAC-seq whether the stimulus-induced chromatin accessibility and the faster transcriptional re-response persist without AP-1 (memory is AP-1-independent) or decay (AP-1 maintains it).",
word_salad_required_2_1,Prime–rest–restimulate time course with dose and interval series,"Give a priming stimulus, wash it out, and re-challenge after varied intervals, measuring nascent RNA (PRO-seq) and target gene induction kinetics. If memory exists, primed cells should respond faster or more strongly, and the decay half-life of this effect can be compared between wild-type and AP-1-perturbed cells.",
word_salad_required_2_2,Single-cell live imaging of AP-1 reporters with lineage tracking,"Track AP-1 activity with live reporters or a FOS-GFP knock-in across cell divisions and lineages. Test whether the active or primed state is inherited by daughter cells more than expected by chance, and whether it correlates with later responsiveness.",
word_salad_required_2_3,Pioneer-like binding and chromatin state profiling over time,"Run CUT&RUN or ChIP for JUN/FOS and for H3K27ac and H3K4me1, together with ATAC-seq, before, during and after stimulation. Identify enhancers that stay AP-1 bound or open after the signal is gone, and test whether those sites are the ones that drive faster re-induction.",
word_salad_required_2_4,Targeted perturbation of memory-associated sites by CRISPR,"Use dCas9 inhibition or activation, or motif mutagenesis, at persistently accessible AP-1 sites. Test necessity by asking whether editing the AP-1 motif abolishes the primed response at that locus, and sufficiency by asking whether forcing AP-1 binding in naive cells induces a primed state without a stimulus.",
word_salad_required_3_0,Accessibility memory after a transient stimulus and recall,"Give cells a brief stimulus (e.g., TPA or a wound-like signal), wait until AP-1 (FOS/JUN) levels return to baseline, then re-stimulate and compare ATAC-seq, H3K27ac CUT&RUN, and transcription between naive and primed cells. Accessible sites that persist after the trigger is gone, with faster or stronger re-induction there, would indicate memory.",
word_salad_required_3_1,Acute AP-1 degradation at different times (necessity for maintenance vs. establishment),"Use degron-tagged FOS/JUN or a dominant-negative A-FOS, removed either during priming, during the rest period, or at re-stimulation. If memory needs AP-1 only during priming but not for later maintenance, AP-1 is an initiator. If memory is lost when AP-1 is removed during the rest period, AP-1 is a maintainer.",
word_salad_required_3_2,Single-cell multiome tracking with lineage barcodes,"Run paired scRNA/scATAC-seq with live reporters of AP-1 activity and heritable barcodes across divisions after a transient stimulus. Test whether the primed state is inherited by daughter cells and whether it correlates with the AP-1 motif accessibility of a clone, separating a stable epigenetic state from ongoing signaling noise.",
word_salad_required_3_3,"AP-1 pioneer-like binding and nucleosome remodeling kinetics (footprinting, BRG1/BAF dependence)","Measure AP-1 occupancy by CUT&RUN or footprinting, together with BAF/SWI-SNF recruitment and histone marks, at primed loci over a time course after the stimulus is withdrawn. Test whether AP-1 sites stay open after AP-1 departs (hysteresis) by inhibiting BAF, and whether a mutated motif at an endogenous enhancer (CRISPR base editing) abolishes the memory.",
word_salad_required_3_4,Synthetic sufficiency and dose-history test with optogenetic AP-1 and a mathematical model,"Drive AP-1 with optogenetic pulses of defined amplitude, duration and spacing, and read out reporter or endogenous gene responses over the following days. Fit bistability and hysteresis models, and test whether activation of AP-1 alone is sufficient to create a persistent state at naive loci that depends on pulse history and not just on current AP-1 levels.",
word_salad_required_4_0,Pulse-chase profiling of AP-1 occupancy and accessibility after transient stimulus,"Stimulate cells briefly (e.g., TPA or serum), remove the stimulus, and profile AP-1 (FOS/JUN) binding and chromatin accessibility by CUT&RUN and ATAC at defined time points over days. Sites that stay open after AP-1 binding has been lost, compared with unstimulated controls, would indicate AP-1-dependent memory.",
word_salad_required_4_1,Re-stimulation response with timed AP-1 degron,"Give a priming stimulus, rest the cells, then re-stimulate and measure transcription (RNA-seq, nascent PRO-seq) in primed versus naive cells. Use an acute degron (dTAG/auxin) on FOS/JUN either during priming only or during re-stimulation only, to distinguish a role for AP-1 in establishing memory from a role in reading it out.",
word_salad_required_4_2,Single-cell multiome lineage tracking of memory persistence,"Run scRNA+scATAC with a barcoded lineage label to follow primed clones through several divisions. Test whether accessibility and gene-expression states at AP-1 motifs are inherited by daughter cells more than expected from shared environment, using sister-cell concordance and decay rates.",
word_salad_required_4_3,Live-cell reporters of AP-1 dynamics and target gene state with modeling,"Image a FOS/JUN fluorescent knock-in alongside MS2/PP7 or destabilised-reporter readouts of target loci during repeated pulses. Fit a quantitative model to see whether prior pulses change the amplitude, kinetics or bistability of later responses (hysteresis), which would be the signature of memory.",
word_salad_required_4_4,Targeted perturbation of memory sites and AP-1 motifs,"Use CRISPR to mutate AP-1 motifs, or dCas9-based tools (KRAB or p300) at sites that stay open after priming, then test whether the primed response is lost and whether forcing the site open without AP-1 restores it. Pair this with ChIP or CUT&Tag for H3K27ac and with pioneer-factor cofactors (e.g., BAF/SWI-SNF) to identify the mechanism of persistence.",
word_salad_required_5_0,Stimulus-withdrawal chromatin accessibility time course (ATAC-seq + CUT&Tag),"Stimulate cells transiently (e.g., TNF, wounding, or an inflammatory signal), then remove the stimulus and track AP-1 (FOS/JUN) binding and ATAC accessibility at its target enhancers over days to weeks. Persistent accessibility or H3K27ac at AP-1 motifs after AP-1 binding has decayed would indicate AP-1-established memory, as in the epigenetic changes seen in inflamed epithelium.",
word_salad_required_5_1,Acute degron depletion at priming vs. recall stages,"Use dTAG/auxin degrons on FOS/JUN family members (or dominant-negative A-FOS) to remove AP-1 either during the first stimulus, during the rest interval, or only at re-stimulation. If depleting AP-1 only during priming abolishes the faster or stronger secondary transcriptional response, whereas depletion during rest has no effect, AP-1 is needed to establish memory but not to maintain it; the opposite pattern shows it actively maintains memory.",
word_salad_required_5_2,Single-cell multiome with lineage/history barcoding,"Perform paired scRNA/scATAC-seq on cells with and without prior stimulation, with a heritable barcode or fluorescent AP-1 reporter recording previous exposure. Test whether AP-1 motif accessibility (chromVAR) and memory-gene expression stay correlated across cell divisions in clonal lineages, separating heritable (mitotically stable) memory from transient signaling noise.",
word_salad_required_5_3,Live-cell AP-1 reporter with optogenetic pulse patterning,"Image endogenously tagged FOS/JUN or an AP-1 transcriptional reporter while delivering controlled optogenetic or ERK-pulse inputs of varying duration, frequency, and rest interval. Fit input-history-dependent response curves (hysteresis, paired-pulse enhancement) to determine whether the system integrates past dynamics and for how long, giving quantitative memory timescales.",
word_salad_required_5_4,Targeted perturbation of memory-associated AP-1 sites with chromatin conformation readout,"After priming, use CRISPRi/dCas9 epigenome editing or motif mutation at selected AP-1-bound enhancers (identified by persistent accessibility), and combine with Hi-C/Micro-C to look for retained loops. Test whether disrupting the AP-1 site or its recruited BAF/SWI-SNF remodeling erases faster re-induction of linked genes, establishing sufficiency and necessity at specific loci rather than genome-wide correlation.",
word_salad_required_6_0,Chromatin accessibility memory after transient stimulus (ATAC-seq time course),"Stimulate cells (e.g., with TNF, wounding, or growth factor), then wash out and profile ATAC-seq and AP-1 (FOS/JUN) CUT&RUN at days to weeks. Persistent accessibility at AP-1 motif sites after AP-1 binding has decayed would show that AP-1 opens chromatin and that the open state is retained.",
word_salad_required_6_1,Acute degron depletion to separate initiation from maintenance,"Use auxin-inducible degradation of c-JUN/FOS or dominant-negative A-FOS at defined windows: during the stimulus only, or only after the memory is established. If depleting AP-1 during induction abolishes the later enhanced response but depleting it afterward does not, AP-1 is needed to establish but not to maintain memory (and vice versa), which tests whether AP-1 itself stores the state.",
word_salad_required_6_2,Secondary-challenge assay with single-cell readout,"Prime cells with a first stimulus, rest them, then re-stimulate and measure transcription of AP-1 target genes by scRNA-seq or live reporters, comparing to naive cells. Faster or stronger responses in primed cells, with and without AP-1 perturbation, quantify memory, and single-cell data reveal whether the state is graded or bistable and heritable across cell divisions.",
word_salad_required_6_3,Pioneer-like binding and histone mark dynamics at AP-1 sites,"Track H3K27ac, H3K4me1, and BAF/SWI-SNF (BRG1) occupancy with CUT&Tag over time at primed AP-1 sites, and test with AP-1 motif mutation via CRISPR base editing or dCas9 interference at selected enhancers. Mark persistence that requires the motif and recruited remodelers would show a mechanistic route from transient AP-1 binding to a lasting epigenetic state.",
word_salad_required_6_4,Optogenetic AP-1 perturbation with ODE modeling of memory mechanisms,"Control AP-1 activity with optogenetic or chemically induced pulses of varied duration and frequency, measure the resulting target gene state at later times, and fit ODE models of positive feedback (FOS/JUN autoregulation) versus chromatin-based memory. Model comparison, such as hysteresis and dependence on pulse number, discriminates network-based memory from epigenetic memory.",
word_salad_required_7_0,Longitudinal ATAC-seq/CUT&RUN after transient stimulus,"Stimulate cells (e.g., macrophages, fibroblasts) with a transient signal, then profile chromatin accessibility and AP-1 (FOS/JUN) binding at timepoints through weeks after washout. Memory is supported if AP-1-bound enhancers stay open and primed after stimulus clearance and give faster, stronger transcription upon restimulation.",
word_salad_required_7_1,Acute degron depletion of AP-1 during versus after priming,"Use dTAG/auxin degrons on JUN/FOS or dominant-negative A-FOS to deplete AP-1 either only during priming or only after priming (maintenance phase). If priming-phase loss abolishes the enhanced secondary response while maintenance-phase loss does not, AP-1 is needed for establishment but not maintenance; the reverse pattern would show AP-1 itself maintains the memory.",
word_salad_required_7_2,Single-cell multiome with lineage/history tracing of AP-1 activity,"Combine an AP-1 reporter or recorder (e.g., Cre-based or fluorescent timer under TRE elements) with scRNA/ATAC multiome to label cells that experienced AP-1 activity and follow them after rest. Test whether past AP-1 history predicts accessibility state and restimulation response in individual cells, separating cell-autonomous memory from population heterogeneity.",
word_salad_required_7_3,Synthetic AP-1 recruitment sufficiency test,"Use a dCas9-based or optogenetic system to transiently recruit AP-1 factors (or their pioneer-like partners) to a defined locus with a reporter. Then remove the trigger and measure whether accessibility, histone marks (H3K27ac/H3K4me1), and responsiveness persist across cell divisions. Persistence sufficient to alter later induction would show AP-1 can initiate memory by itself.",
word_salad_required_7_4,Live-cell imaging and kinetic modeling of AP-1 dynamics and division inheritance,"Track endogenously tagged FOS/JUN with single-molecule or live imaging, and measure binding residence time, nuclear levels, and mitotic bookmarking across divisions in mother-daughter pairs. Fit mathematical models (bistable feedback vs. chromatin-based epigenetic memory) to determine which explains retention and inheritance of responsiveness; AP-1 autoregulation (JUN induces JUN) is a candidate positive-feedback mechanism.",
semi_random_required_0_0,Priming assay with delayed re-challenge,"Expose cells to a brief stimulus (e.g., TNF, EGF, or PMA), wash it out for hours to days, then re-stimulate and measure transcription of AP-1 target genes by RNA-seq and nascent RNA (PRO-seq). Compare naive, primed, and AP-1-depleted cells; a faster or stronger second response that is lost when AP-1 is inhibited would show an AP-1-dependent memory.",
semi_random_required_0_1,Longitudinal chromatin accessibility and AP-1 occupancy tracking,"Run ATAC-seq, CUT&RUN for FOS/JUN family members, and H3K27ac ChIP at time points before, during and long after the stimulus. Identify enhancers that stay open and AP-1-bound after the signal has gone. Motif footprinting would show whether AP-1 binding persists or whether only an epigenetic mark remains.",
semi_random_required_0_2,Acute degron perturbation at defined memory phases,"Fuse AP-1 subunits (c-JUN, FOSL1, or a dominant-negative like A-FOS) to a degron or place them under inducible control. Remove AP-1 either only during the initial stimulus (testing establishment) or only after the stimulus ends (testing maintenance), then re-challenge the cells. This separates a role for AP-1 in establishing memory from a role in maintaining it, and controls for general cell responsiveness.",
semi_random_required_0_3,Single-cell live imaging of AP-1 reporters with lineage tracking and modeling,"Image endogenously tagged FOS/JUN or a fluorescent AP-1 transcriptional reporter in single cells across stimulation, rest, and re-stimulation, and follow daughter cells through divisions. Measure whether activity states persist, are heritable, and are bistable, using autocorrelation between mother and daughter cells. Fit the data to a mathematical model of positive feedback (JUN autoregulation) to test whether the memory is a cell-intrinsic state.",
semi_random_required_0_4,Targeted epigenome editing of AP-1 sites to test sufficiency and necessity,"Use dCas9-based tools (KRAB or p300) or motif mutations through CRISPR base editing to alter specific AP-1-bound enhancers that stay accessible after the signal. Test whether closing them erases the primed response, and whether forced AP-1 binding or opening creates a memory without the stimulus. Readouts are the gene expression response to re-challenge and the persistence of chromatin marks, which would show causality at single loci.",
semi_random_required_1_0,Transient stimulus with long-delay re-challenge (primed response),"Expose cells to a brief AP-1-activating stimulus (e.g., TPA, EGF, or injury signal), let AP-1 activity return to baseline, then re-stimulate after days to weeks and measure transcriptional output by RNA-seq. A memory would show as a changed second response compared with naive cells, and the change should depend on AP-1 (dominant-negative FOS/TAM67 or c-Jun degron).",
semi_random_required_1_1,Longitudinal chromatin accessibility and AP-1 footprinting,"Run ATAC-seq or CUT&Tag for FOS/JUN and H3K27ac before stimulation, after stimulation, and after resolution. Test whether AP-1 motif-containing enhancers remain open or primed after AP-1 has left; persistent accessibility at sites opened by AP-1 is the key readout.",
semi_random_required_1_2,Acute degron depletion after the initial stimulus,"Use an auxin-inducible degron on JUN or FOS and remove the protein either during the priming stimulus or only during the maintenance period. If memory needs AP-1 only to establish it, removal during priming abolishes it and removal later does not. If AP-1 is also needed to maintain it, both abolish it. This separates initiation from maintenance.",
semi_random_required_1_3,Single-cell live reporters and lineage tracking,"Image AP-1 activity reporters (e.g., a FOS-GFP knock-in or an AP-1 response-element reporter) and track cell lineages through divisions after a pulse. Test whether activity states are inherited by daughter cells more than expected from random sibling pairing, and use single-cell multiome data to link state heritability to chromatin.",
semi_random_required_1_4,Synthetic AP-1 pulse sufficiency test with locus-specific perturbation,"Use optogenetic or chemogenetic JUN/FOS activation with defined pulse numbers, durations and frequencies, and measure persistence of target gene expression and accessibility. Then use dCas9 to block AP-1 sites at one enhancer to test that site's necessity. Together these show whether AP-1 dynamics alone are sufficient to establish a lasting state, and whether the memory is stored at specific loci.",
semi_random_required_2_0,Transient stimulus with delayed re-challenge (priming assay),"Expose cells to a brief stimulus (e.g., TPA, TNF, or wounding), wait days to weeks after FOS/JUN levels return to baseline, then re-stimulate and compare transcriptional output (RNA-seq) against naive cells. Include AP-1 inhibitors (e.g., T-5224) or dominant-negative FOS (A-FOS) present only during the first stimulus to test whether AP-1 is needed to establish the memory.",
semi_random_required_2_1,Longitudinal chromatin accessibility and AP-1 footprinting,"Run ATAC-seq or CUT&Tag for AP-1 factors and H3K27ac at time points before, during and long after the stimulus. Test whether AP-1 motif-containing enhancers stay open after the AP-1 proteins have left, and whether they are the same loci that show the primed response. Also test whether AP-1 binding is interleaved with other pioneer or chromatin factors that keep sites open.",
semi_random_required_2_2,Single-cell live imaging of AP-1 dynamics and pulse history,"Use endogenously tagged FOS/JUN or AP-1 reporters in single cells and deliver stimulus pulses that vary in number and spacing. Test whether earlier pulses change later response amplitude (hysteresis), and whether the response is cell-autonomous and inherited by daughter cells after division.",
semi_random_required_2_3,Targeted perturbation of memory-specific enhancers after the initial stimulus,"Use CRISPRi/dCas9 or motif mutation at candidate AP-1-dependent enhancers only after the initial stimulus, and optionally use acute degron tags (dTAG) to remove AP-1 at defined times. If AP-1 maintains memory continuously, late depletion should erase it; if AP-1 only establishes memory, late depletion should not. This separates initiation from maintenance.",
semi_random_required_2_4,Mathematical modeling and bistability tests,"Build a model of AP-1 feedback (e.g., JUN autoregulation, with chromatin states) and fit it to dose-response and washout data. Test its predictions of bistability, a threshold dose for memory, and a hysteresis loop using dose titration and cell sorting by AP-1 level, looking for small stimulus changes that switch the system between stable states.",
semi_random_required_3_0,Persistence of chromatin accessibility after transient stimulus,"Stimulate cells briefly (e.g., TPA, TNF, or wounding), then profile ATAC-seq and AP-1 (FOS/JUN) CUT&RUN days to weeks after withdrawal. AP-1-motif-enriched open sites that remain accessible after AP-1 occupancy is lost would indicate a memory of the stimulus.",
semi_random_required_3_1,Acute degradation of AP-1 during priming vs. recall phases,"Use dTAG/auxin-inducible degradation of c-JUN/FOS (or dominant-negative A-FOS) only during the priming stimulus, only during the maintenance interval, or only during restimulation. Comparing secondary transcriptional responses separates AP-1 as the initiator of memory (needed at priming) from the reader or maintainer (needed later).",
semi_random_required_3_2,Single-cell multiome tracking of AP-1 activity and memory-gene response,"Pair live-cell AP-1 reporters or single-cell multiome (RNA + ATAC) with repeated stimulation to correlate each cell's first-pulse AP-1 dynamics with its second-pulse response. Test whether AP-1 dose and duration predict a heritable, cell-autonomous response bias, including through cell division by lineage tracing.",
semi_random_required_3_3,Motif-mutation and dCas9 perturbation of AP-1 sites at memory loci,"At candidate memory enhancers, use CRISPR base editing to mutate AP-1 motifs, or dCas9-KRAB/p300 to silence or activate specific enhancers, and test whether the primed chromatin state (H3K27ac, H3K4me1, accessibility) and faster re-induction are lost. To test sufficiency, force AP-1 binding there with a synthetic recruiter and test whether memory is created without the stimulus.",
semi_random_required_3_4,BAF remodeler dependence and histone mark kinetics after an AP-1 pulse,"Perform time-resolved ChIP or CUT&Tag for SWI/SNF (BRG1/ARID1A), H3K27ac and H3K4me1 after an AP-1 pulse, and inhibit or degrade BAF during the memory interval. If AP-1 only initiates and remodelers keep sites open, accessibility should collapse when they are removed; this tests whether memory resides in AP-1 itself or in the chromatin states it establishes.",
semi_random_required_4_0,Prior-stimulus re-challenge assay with acute AP-1 degradation,"Expose cells to a transient stimulus (e.g., TPA, growth factor, or stress), rest them for days, then re-stimulate and measure transcription kinetics (nascent RNA-seq/PRO-seq) of AP-1 targets versus naive cells. Faster or stronger induction that depends on the first exposure, and that disappears when AP-1 (e.g., c-Fos/c-Jun) is acutely degraded during the rest period, would indicate AP-1-dependent memory.",
semi_random_required_4_1,Longitudinal chromatin accessibility and AP-1 occupancy tracking,"Run ATAC-seq, CUT&RUN for Fos/Jun family members, and histone marks (H3K27ac, H3K4me1) before stimulation, after it, and after a long washout. Check whether AP-1 motif-containing enhancers stay open or primed after AP-1 is no longer bound to them, which would show that AP-1 leaves a lasting chromatin imprint, and compare with enhancers that revert.",
semi_random_required_4_2,Acute degron perturbation at defined time windows,"Use dTAG/auxin degrons on JUN/FOS or dominant-negative A-Fos, applied only during the initial stimulus, only during the maintenance period, or only at recall. This separates AP-1's role in establishing memory from its role in maintaining it or reading it out, with persistence of accessibility and recall transcription as readouts.",
semi_random_required_4_3,Single-cell live imaging of AP-1 dynamics and heritability,"Track endogenously tagged Fos/Jun and an AP-1 reporter in single cells through stimulation, washout, and cell divisions. Test whether past activity predicts later responsiveness, and whether sister cells inherit similar states. Fit bistability or hysteresis models, such as feed-forward Jun autoregulation, to see if sustained states persist without the stimulus.",
semi_random_required_4_4,Enhancer-specific necessity and sufficiency tests for AP-1,"Mutate or CRISPR-dCas9-block AP-1 motifs at candidate memory enhancers, and conversely tether AP-1 or chromatin-remodeler recruiters (e.g., BAF) to them by CRISPR. Then measure whether recall expression and the epigenetic state are lost or gained. Necessity of the motif and sufficiency of tethering without stimulus would be the strongest causal evidence.",
semi_random_required_5_0,Pulse-chase of AP-1 accessibility after transient stimulus,"Give a brief stimulus (e.g., TNF, wounding cytokine, or PMA) and map chromatin accessibility (ATAC-seq) and AP-1 (FOS/JUN) ChIP/CUT&RUN at days 0, 1, 7, 21 after withdrawal. Persistent AP-1-bound open sites after signal loss would show an epigenetic trace; a faster secondary response at those loci would show it is functional.",
semi_random_required_5_1,Acute AP-1 degradation during the memory phase,"Use degron-tagged (dTAG/AID) c-JUN/FOS or dominant-negative A-FOS induced only after the priming stimulus is gone, then re-stimulate. If the enhanced transcriptional response disappears, AP-1 is needed to maintain memory and not only to establish it. Compare with degradation only during priming to separate establishment from maintenance.",
semi_random_required_5_2,Single-cell live imaging of AP-1 reporter history,"Image AP-1 activity reporters or endogenously tagged FOS/JUN in single cells through repeated stimulus pulses, and track lineages. Quantify whether the prior response predicts later amplitude or kinetics and whether the state is inherited by daughter cells, which distinguishes cell-autonomous memory from population heterogeneity.",
semi_random_required_5_3,Chromatin context and cofactor cooperation at memory loci,"Profile H3K27ac, H3K4me1, and DNA methylation, together with pioneer factor and SWI/SNF (BAF) occupancy, at AP-1 sites that stay open. Perturb the cofactors or the AP-1 motif by CRISPR, and test whether the site is self-sustaining (AP-1 recruits remodelers that keep the site accessible) or a passive mark.",
semi_random_required_5_4,Sufficiency test by synthetic AP-1 pulse and motif editing,"Drive AP-1 optogenetically or chemogenetically with defined durations and doses in naive cells, and measure whether transient AP-1 alone leaves lasting accessibility and enhanced re-induction. Pair this with CRISPR deletion or mutation of individual AP-1 motifs at candidate enhancers to test necessity at the locus level.",
semi_random_required_6_0,Transient stimulus then washout: persistence of AP-1 chromatin accessibility,"Expose cells (e.g., fibroblasts or keratinocytes) to a defined pulse of TPA, TNF or wounding signal, remove it, and track ATAC-seq, CUT&RUN for FOS/JUN, and H3K27ac at AP-1 motif sites over days to weeks. Memory is supported if accessibility and a faster, stronger transcriptional response to restimulation persist after signaling and AP-1 levels return to baseline. A second exposure is expected to differ from the first.",
semi_random_required_6_1,Acute AP-1 degradation to separate maintenance from initiation,"Use dTAG or auxin-degron alleles of FOS, JUNB or a dominant-negative (A-FOS) at different times: before priming, during the memory phase, and just before restimulation. If AP-1 is needed only to establish memory, then removing it later spares the primed response. If it is needed throughout, then removing it later erases the primed response, which indicates a maintenance role.",
semi_random_required_6_2,Single-cell multiome with lineage barcoding across divisions,Run paired scRNA/scATAC on barcoded clonal lineages after priming and after several cell divisions. Test whether sister cells share AP-1 motif accessibility (chromVAR deviation scores) and restimulation responses more than unrelated cells do. This tests whether the state is heritable rather than due to long-lived protein or persistent signaling.,
semi_random_required_6_3,Live imaging of AP-1 dynamics and reporter memory,"Tag endogenous FOS/JUN and use an AP-1 target-locus reporter in live single cells during repeated stimulation pulses. Quantify how the history of AP-1 dynamics (pulse number, interval) predicts later reporter output and speed of reactivation. Compare with mathematical models of bistability or hysteresis, and check for a persistent self-reinforcing loop.",
semi_random_required_6_4,Targeted epigenome editing and sufficiency tests at AP-1 sites,"Use dCas9 to recruit or block AP-1 at specific primed enhancers, or mutate the motifs, with CRISPRi/a and base editing. Then test whether deposited marks and the primed response last without the original stimulus. Pair this with Hi-C or Micro-C to see whether AP-1-dependent enhancer–promoter contacts carry the memory, testing whether AP-1 binding is necessary and sufficient and not merely correlated.",
semi_random_required_7_0,Transient stimulus with delayed re-challenge and first-pulse AP-1 loss,"Give cells a defined first pulse of a stimulus (e.g., TPA, EGF, or injury cue), rest them for varying intervals, then re-stimulate. Compare transcriptional output (RNA-seq, nascent RNA) with naive cells to test whether AP-1 history changes the second response and how long the change lasts. Include AP-1 loss (dominant-negative FOS/A-Fos, or degron) during the first pulse only, to test whether AP-1 is needed to set the memory.",
semi_random_required_7_1,Longitudinal chromatin accessibility and AP-1 occupancy mapping,"Use ATAC-seq, CUT&RUN or CUT&Tag for JUN/FOS, and H3K27ac at time points before, during and after the stimulus, through to weeks after it is withdrawn. Look for AP-1 motif sites that stay open or primed after AP-1 itself has left, then test whether those sites predict the stronger or faster second response.",
semi_random_required_7_2,Single-cell live imaging of AP-1 dynamics and persistence,"Track endogenously tagged FOS/JUN, or an AP-1 reporter, in single cells over repeated stimulations, using lineage tracing across divisions. Measure whether past AP-1 activity level, duration, or pulse pattern in a cell or its ancestors predicts the later response. This separates memory carried by cell state from population-level noise.",
semi_random_required_7_3,Targeted perturbation of memory-site enhancers,"Use CRISPRi/dCas9 or motif deletion at specific AP-1-dependent memory enhancers, either before the first stimulus or only between stimuli. If memory requires the site to be primed, silencing it before the first pulse should block memory, whereas silencing it afterward tests whether the site must be actively maintained. Add a gain-of-function arm, with synthetic AP-1 recruitment (dCas9-FOS) to a naive locus to test whether it can install memory.",
semi_random_required_7_4,Testing the maintenance mechanism: epigenetic and feedback contributions,"Test whether memory persists through chromatin remodelers (BAF/SWI-SNF), histone marks, or positive feedback of AP-1 on its own expression by inhibiting each during the rest period and measuring loss of the primed state. Use mathematical modelling of bistable or hysteretic AP-1 circuits to distinguish these mechanisms. In vivo, compare AP-1 conditional knockouts with controls on repeat injury in regenerating or injured skin.",
instruction_only_0_0,Hysteresis of AP-1 target expression with dominant-negative control,"Titrate a transient AP-1 stimulus (e.g., optogenetic or PMA/ligand-induced c-Fos/c-Jun) up and then down, and measure target gene expression and AP-1 occupancy at each dose. A down-sweep that differs from the up-sweep at identical input (path dependence) would show bistability and memory; compare with AP-1 dominant-negative (A-Fos) cells, which should lose this difference.",ef74e90f5bfe8741c185e1372e7cab145c976ef5e23b2b9f67cb9e83840f8967
instruction_only_0_1,Fos-driven permanent labeling of previously activated cells,"Use a Fos-driven Cre-ER/TRAP-style reporter to permanently label cells that experienced a prior AP-1 activation event, then re-stimulate days to weeks later. Compare transcriptional response and chromatin accessibility between labeled and unlabeled cells by single-cell multiome; faster, stronger, or qualitatively different responses in labeled cells would indicate AP-1-dependent priming memory.",e10c1afc838cb1e26dbbd97123274d9d806b4af05c153e0736ed6bd4f1b8a63e
instruction_only_0_2,Lineage-based autocorrelation of AP-1 activity across cell divisions,"Perform time-lapse imaging of live AP-1 reporters in single cells with lineage tracing across divisions, then compute the autocorrelation of AP-1 activity between mothers, daughters and cousins, as in heritability estimates. Inheritance of activity state after a transient pulse beyond what shared environment explains would quantify mitotic memory and its decay half-life.",7cbee8fe3ad199a911c9b89e83203337308aa8bbad25d5656f24d18dad6fb6b1
instruction_only_0_3,Mitotic chromatin profiling of AP-1 with acute degron depletion,"Perform CUT&Tag/ChIP-seq and ATAC-seq for AP-1 factors (FOS, JUN) and enhancer marks (H3K27ac, H3K4me1) in mitotically arrested versus interphase cells after a prior stimulation, to test whether AP-1 stays bound to or leaves persistent accessible sites at specific loci. Pair this with acute dTAG-mediated depletion of AP-1 after the stimulus to test whether maintaining accessibility requires continued AP-1 presence or only its initial pioneering.",aa92c1a6edc651ca5483977b22e723fb640431deaed72568d21c09c4b56479f0
instruction_only_0_4,Modeling and perturbing the AP-1 autoregulatory loop,"Build a mathematical model of the AP-1 autoregulatory loop (FOS/JUN promoters containing TRE sites), then test its predictions by breaking the loop (CRISPR mutation of TREs, inducible degrons at varied timing) and measuring whether the active state persists, collapses, or can be reset. Distinguish feedback-based from chromatin-based memory by comparing persistence after degron removal at early versus late times.",60daa8d5a46b55f9ec18210bef72ba0e7d758e17252e0de88c1ad6584fe9a5bd
instruction_only_1_0,Hysteresis in AP-1 occupancy and target expression under ramped stimulus,"Expose cells to a ramped-up then ramped-down stimulus (e.g., optogenetic or chemically controlled FOS/JUN input) and measure AP-1 occupancy (CUT&RUN) and target gene expression along both paths. A non-overlapping up/down response, with residual signal at zero stimulus, would indicate path-dependent memory attributable to AP-1.",bf773998e20633962cd9e538707c36738dd74aa96adb0a5ec03e078d6e253e13
instruction_only_1_1,Prime–rest–rechallenge with AP-1 degron and PRO-seq,"Give cells a first stimulus, rest them for variable intervals, then re-stimulate, measuring faster or stronger transcription at primed loci by nascent RNA-seq (PRO-seq). Acutely degrade AP-1 factors (dTAG) only during priming versus only during re-stimulation to separate AP-1's role in establishing versus retrieving memory.",95dfc9a7079e94a2748d530ef51aef22002fda2462a487adbb3f8ff07e9bb60a
instruction_only_1_2,AP-1-driven Cre or recorder tagging of past AP-1 activity,"Use an AP-1-driven Cre or recorder (analogous to FOS-driven TRAP) to permanently tag cells that experienced AP-1 activation. Compare tagged and untagged sibling cells for later chromatin accessibility (scATAC) and response to re-stimulation, to test whether past AP-1 activity predicts durable, cell-autonomous state differences.",4f64d09ba7e63808cc7fe4b039b480be65c9e9448bac5d5502a18629e0b21a21
instruction_only_1_3,Persistence-time analysis from single-cell live imaging,"Image endogenously tagged FOS/JUN and a transcription reporter in single cells over days, then fit autocorrelation and mutual-information decay times. Compare these decay times with AP-1 protein half-life and chromatin mark half-life to test whether persistence exceeds what protein turnover alone explains.",917066487fec534870f955a11be863ebe958fe6a7da2178f13260c66ccc96813
instruction_only_1_4,Persistence of AP-1-opened enhancers after AP-1 removal,"Test whether AP-1 opens enhancers that remain accessible after AP-1 is removed. Perform time-course ATAC-seq, H3K27ac ChIP and motif analysis after stimulus withdrawal, and use dCas9-based tethering of AP-1 or motif mutation at selected enhancers to test whether persistent accessibility is AP-1-dependent and whether it is sufficient to enhance later responses.",91addfd3cd0f93cdaab83dd8a72dcdec54d8b942f9f68b152f1df23f7457d48b
instruction_only_2_0,Stimulus up-and-down titration to test hysteresis in AP-1 and chromatin accessibility,"Titrate a stimulus (e.g., TPA, growth factor, or stress) up and then down, and measure AP-1 (FOS/JUN) levels and chromatin accessibility at target enhancers by single-cell ATAC/CUT&Tag at matched doses on each branch. Path-dependent output at identical input, persisting after the stimulus is removed, would indicate memory rather than simple tracking of the input.",d680c2376972546b0b9e0c1f94cbd23de61a3b966d378a0077259ce5a7584283
instruction_only_2_1,Prime-rest-challenge design with AP-1 loss during priming or recall,"Give cells a primary stimulus, rest them for days to weeks, then give a secondary challenge and compare transcription kinetics and magnitude with naive cells. Measure AP-1 occupancy and H3K27ac at primed enhancers by time-course ChIP/CUT&RUN, and test whether AP-1 loss (dominant-negative A-FOS or degron) only during priming, or only during recall, abolishes the faster or larger secondary response.",100a6709c0841f5917c8459580a96fe28656e7f642ad9796640609e193917d8c
instruction_only_2_2,Testing AP-1 positive autoregulation as a bistable switch,"Treat AP-1 positive autoregulation (JUN/FOS promoters bound by AP-1) as a candidate bistable switch. Use live-cell reporters of endogenous FOS/JUN and optogenetic or chemically induced pulses of varied duration to look for threshold behavior, bimodal single-cell distributions, and persistence of the ON state. Then mutate the AP-1 sites in the promoter to test whether memory is lost.",0d734ef82594a149db60aaa967412eb247f6dc75e98e9efadcf833d19d8794bd
instruction_only_2_3,Inheritance of AP-1 state across cell divisions and mitotic bookmarking,"Use time-lapse imaging of AP-1 reporters in sister and cousin cells after a transient stimulus to measure how the state is inherited, with correlation expected to decay with generational distance. Also use mitotic-chromosome CUT&Tag and live imaging to test whether AP-1 stays on chromatin through mitosis (bookmarking) and whether the memory persists across divisions.",331c70b7c38a8f47de9a1c0d34bad368cb877fb9d7bd1b9c561fd26cd79c4eed
instruction_only_2_4,Order-dependent AP-1 enhancer accessibility after sequential stimuli,"Apply sequential stimuli (A then B, or the reverse order) and map which AP-1 motif-containing enhancers become newly accessible. Use footprinting, motif-resolved ATAC and Hi-C/Micro-C to identify sites established by the first stimulus that persist after AP-1 is removed. Test sufficiency by recruiting AP-1 to the site with dCas9 in naive cells to see whether it recreates the remembered state.",30566742bb3bcf18f9a66e322007d332b9b014076dbff9c1e68680314b60bf56
instruction_only_3_0,"Hysteresis of AP-1 occupancy, accessibility and transcription","Ramp a stimulus (e.g., serum, TNF, or Ras/ERK activity via optogenetics) up and then down, and measure AP-1 (FOS/JUN) occupancy, chromatin accessibility and target transcription at matched stimulus levels. A path-dependent loop, with different output on the way up than on the way down, would indicate memory, and the loop area quantifies its strength.",69914450e419aa41686f757c254557a5685f4ff74f07dc93b55dd6c3445d40fe
instruction_only_3_1,Prime-rest-rechallenge with acute AP-1 degradation to separate establishment from maintenance,"Prime cells with a transient stimulus, rest them for varying intervals, then re-challenge. Compare ATAC-seq, CUT&RUN for AP-1 and H3K27ac, and the speed and amplitude of the transcriptional response with naive cells, with and without acute AP-1 degradation (dTAG or dominant-negative A-FOS) during priming versus during recall, to separate establishment from maintenance.",9ce7ea243a22ad32784986a8fcae3b76ca3d62f833350e4c2d2bbbf3d8cd6af6
instruction_only_3_2,Mutual information between past stimulus and current single-cell state,"Use live-cell reporters of FOS/JUN dynamics and target genes in single cells, and compute mutual information between past stimulus history and current state after the stimulus ends. Memory is indicated if the state retains information about past input beyond a decay time. Compare the analysis with perturbations of AP-1 dimer composition.",71058540007407ccb26c0ec56043a11d5fe43843d89683281a6fb9670054d1d2
instruction_only_3_3,Bistability modeling of AP-1 feedback with single-cell sorting,"Fit a mathematical model of AP-1 binding, nucleosome opening and positive feedback (e.g., FOSL1/JUN autoregulation) to time-resolved data. Test the predicted bistability and critical stimulus thresholds by sorting ON and OFF single-cell subpopulations and tracking their persistence through cell divisions.",fce1c46965330f3c1c56e4edd5c6dd8adeec0b82835e61fc90cb418d4ad3514f
instruction_only_3_4,Lineage barcoding with an AP-1 activation tag to follow past AP-1 activity,"Combine lineage barcoding with a mark of AP-1 activation (e.g., a Cre- or recorder-based AP-1-responsive tag) to record which cells experienced past AP-1 activity. Then use single-cell multiome (RNA and ATAC) to test whether tagged cells and their descendants keep distinct accessible AP-1 motif landscapes and expression compared with untagged siblings over many divisions.",4eda1d8b1f57e779f4c5d07b7687c5521ae7b13a4fdf2966d3234579145d6b96
instruction_only_4_0,Hysteresis of AP-1 occupancy and chromatin accessibility with acute degron test,"Titrate a stimulus (e.g., FOS/JUN induction via optogenetic or dox-controlled dosing) up and then back down, measuring AP-1 occupancy (CUT&RUN) and chromatin accessibility (ATAC-seq) at target enhancers. A path-dependent, non-retracing response at matched input levels would indicate AP-1-dependent memory, and acute degron removal of AP-1 would test whether the retained state requires it.",a00a4d1bbf549d42dcaa53ba2bc4771301e3462cc11765f0d770f6aadffe44b9
instruction_only_4_1,Prime–rest–rechallenge with memory half-life fitting,"Expose cells to a transient stimulus (e.g., TPA or a mechanical/inflammatory cue), rest them for variable intervals, then re-stimulate. Measure faster or stronger transcription of AP-1 target genes (nascent RNA, PRO-seq) and fit decay curves to estimate memory half-life, with and without dominant-negative AP-1 (A-FOS) during priming only.",1d3f11bf379c922abcde71419648ec9fca8ae0dedf19cc4b06521d3d0b68fb4a
instruction_only_4_2,Barcoded clonal inheritance of AP-1 activity,"Use lineage barcoding with live AP-1 reporters to follow sister cells after a transient stimulus. Compute intra-clonal versus inter-clonal correlation of AP-1 activity and target gene expression across divisions, and use the heritability of the state to quantify mitotic memory.",bd56dcd55e065fd2982472570561c2e46aa7802b131afbdbdaca57699bcea5a2
instruction_only_4_3,Single-cell test for bistability from AP-1 positive feedback,"Test whether AP-1, through positive autoregulation of the FOS/JUN promoters, forms a bistable switch. Use live single-cell imaging of AP-1 reporters with a scan of stimulus pulse width and amplitude to look for bimodality, a switching threshold, and persistence after the input is withdrawn. Then perturb the feedback loop (e.g., mutate AP-1 sites in the JUN promoter) to see whether bistability is lost.",854c9774cbb2340c4a70774c3c7fab05b88561786e1d4915d0e27afecea2d1f7
instruction_only_4_4,Time-resolved multi-omics of residual enhancer states with AP-1 motif editing,"After a stimulus is removed, perform time-course ATAC-seq, histone mark ChIP (H3K27ac, H3K4me1), and AP-1 motif-footprint analysis to define which enhancers stay in residual accessible states. Then use CRISPRi/dCas9 editing of AP-1 motifs at these sites to test causally whether the retained accessibility and the primed response of linked genes depend on the AP-1 sites.",966a1aa2f072bec2ca32d56ec60bddf8cf4de80024ef8ba4426beb48edd45353
instruction_only_5_0,Hysteresis of AP-1 chromatin state under rising and falling stimulus,"Expose cells to a rising then falling dose of a stimulus (e.g., TPA, or optogenetic c-Fos/c-Jun activation) and measure ATAC-seq accessibility and target gene expression at matched doses on both the up and down ramps. Non-overlapping up and down curves at AP-1 motif-containing enhancers, persisting after AP-1 levels return to baseline, would indicate memory rather than simple tracking of the input.",6bb2e50c682593b54231f22c739cee2400a7d3a8806bab2340d2ec08f3aa1358
instruction_only_5_1,Spaced versus massed optogenetic AP-1 pulses,"Deliver optogenetic AP-1 pulses with the same total dose either massed or spaced, then challenge cells days later with a weak stimulus. Compare the secondary response (transcription, accessibility) between the two regimes to test whether AP-1 encodes stimulus history and shows learning-like kinetics.",b92c637e952dd3ed582508ea9efa5d677784e7a9f3d3faa4f45bbcc3debf35a3
instruction_only_5_2,Lineage barcoding to test heritable AP-1-linked states,"Tag individual cells with heritable barcodes, expose the population to a transient stimulus, and track clonal lineages with single-cell multiome (RNA and ATAC) plus AP-1 footprinting. Test whether sister cells share AP-1-linked accessibility and expression states over multiple divisions, and whether the shared state predicts later responsiveness, to distinguish heritable memory from stochastic noise.",6021c9fba2aed896fdeec7e29c6b2685817be881ec820a378d67a3453364f117
instruction_only_5_3,Acute AP-1 degradation at different times after priming,"Prime cells, then acutely degrade AP-1 (dTAG or auxin degron on c-Jun or FOSL) at different times after priming. If primed accessibility and enhanced re-induction persist without AP-1, the memory is stored elsewhere (e.g., in histone marks); if the memory decays, AP-1 is required for maintenance and not only initiation. Use CUT&RUN for H3K27ac, H3K4me1 and AP-1 binding to map what remains.",34845250e98a825f66d0b9b077cc1c70e7ec4c722a18f427ba2ea552b0c98ba5
instruction_only_5_4,Single-cell time-lapse and modeling of AP-1 bistability,"Use live reporters of AP-1 activity (e.g., a Fos-GFP knock-in or synthetic AP-1 reporter) in single cells after transient stimulation, and fit ODE or Bayesian models to the dynamics to test for bimodal, self-sustaining states. Perturb feedback nodes (FOS/JUN autoregulation, MAPK inhibition) to test whether memory arises from the positive-feedback circuit, and compare model predictions with held-out perturbations.",a0ae201fae56cff7f050b7e30bf9480975abc31a34b9e2e6090a659d74513c43
instruction_only_6_0,Hysteresis of AP-1 target expression and accessibility,"Expose cells to a ramping-up then ramping-down stimulus (e.g., optogenetic or ERK/JNK activation driving FOS/JUN) and measure single-cell AP-1 target expression and chromatin accessibility on both paths. Non-overlapping up and down curves, with residual response after the stimulus returns to zero, would show state-dependent memory rather than simple input tracking.",6e57ff968b323f49231392644552f967ccdf53b819a8937934255f48fba003fa
instruction_only_6_1,Perturbation-recovery and tipping-point analysis of AP-1 activity,Apply pulses of varying strength and duration to cells and track recovery time and variance of AP-1 activity using live FOS/JUN reporters. Increasing recovery time near a threshold and bimodal persistence of the primed state would indicate bistability supporting memory.,7c1d221511999de7e1755ea71e932753d16a2d5b8ad02355dab1183a2897a8a6
instruction_only_6_2,AP-1 occupancy and accessibility time series through mitosis,"Map AP-1 (FOS/JUN) occupancy and accessibility at enhancers by ChIP/CUT&Tag and ATAC-seq days after stimulus withdrawal and through cell division (mitotic versus interphase chromosomes). Sites that remain open and AP-1-bound, and that respond faster on restimulation, would mark AP-1-dependent memory loci.",0c85870836f7eaed4408a48c3f65fa316de6f485feb4a306430653e230fa983b
instruction_only_6_3,Prime-rest-boost design with stage-specific AP-1 degradation,"Prime cells with a first stimulus, rest them, then give a second challenge and compare transcriptional kinetics and amplitude with naive cells. Acutely degrade AP-1 factors (dTAG/auxin) or express dominant-negative A-FOS only during priming, only during rest, or only during the second challenge, to determine whether AP-1 is needed to establish, maintain, or read out memory.",fd4e3db448118a580c6e0b620a3e57fdf3ee057edadf620485553b9ed2e2825d
instruction_only_6_4,Synthetic AP-1 site reporter to test sufficiency for stable ON state,"Insert a reporter flanked by wild-type versus mutated AP-1 motifs (or use dCas9 recruitment of FOS/JUN) and test whether a transient stimulus pulse yields a stable ON state over many divisions, read out by flow cytometry and single-cell lineage tracking. Include a control without pioneer factor and a BAF chromatin remodeler inhibitor to test whether AP-1 alone is sufficient to maintain the state.",135986e0615c035e5de8c3d35090af476abc79781ec9b99216fc2963bbab6ee3
instruction_only_7_0,"Hysteresis loops of AP-1 binding, accessibility and transcription per locus","Ramp a stimulus (e.g., optogenetic or titrated FOS/JUN induction or MAPK activity) up and then down, and measure AP-1 binding (CUT&RUN), accessibility (ATAC-seq), and target transcription at matched input levels. A non-overlapping up/down response that persists after the stimulus is removed would indicate history-dependent memory, and the loop width could be quantified per locus.",930c86e76b44b8bf63381769f78b7cc0a4dd80fd2febb3f4352189d4495265ae
instruction_only_7_1,Prime–rest–rechallenge with stage-specific AP-1 inhibition,"Expose cells to a transient stimulus (priming), allow a defined rest period, then rechallenge. Compare the kinetics and amplitude of target gene induction and AP-1 occupancy in primed versus naive cells. Give AP-1 dominant-negative (e.g., A-FOS) only during priming or only during rechallenge to separate AP-1's role in establishing versus executing memory.",9610a81ac9d739edc65ac3aa48659f1c6af33295abf196d9de4f1887cd987348
instruction_only_7_2,Barcoded lineage split-clone test of AP-1 state heritability,"Use barcoded lineages with a split-clone design: stimulate one sister arm and not the other, then use single-cell multiome (RNA + ATAC) to test whether AP-1 motif accessibility and target gene expression are more similar among sisters and across divisions than among unrelated cells. Estimate the heritability of the state across generations to determine whether it is mitotically stable.",d2f81e469ca08fc8479a11d08bd937c0927904852dd3ea04a58785e6d0b647f6
instruction_only_7_3,Dynamical model and live reporters to test AP-1 bistability,"Build a dynamical-systems model of AP-1 with positive feedback (FOS/JUN autoregulation, with cooperating pioneer factors) and fit it to single-cell trajectories from live reporters (a fluorescent AP-1 reporter and endogenous FOS-tagged knock-ins). Test model predictions of bistability: bimodal distributions, critical slowing down near thresholds, and state switching after brief pulses. Then perturb the feedback loops to see whether memory is lost.",d266f9f841296c65261147f77861f54863b6fcf74a4664690dc3cbb7fcbd0dc8
instruction_only_7_4,Locus-level perturbation and timed degron tests of AP-1 maintenance versus initiation,"After stimulation is removed and the state has been set, use dCas9-based degradation or motif mutation at selected AP-1 sites. Measure whether neighboring chromatin marks (H3K27ac, accessibility) and gene expression persist, collapse, or are rebuilt. Combine with timed AP-1 dTAG degron experiments to determine whether continuous AP-1 presence is required to maintain the state or whether AP-1 only initiates a self-sustaining state.",7570b00b35fa69848389efb6a7af026874fd1427d1023802e7bbffbae50c92b3
stream_blind_required_0_0,Timed AP-1 degradation after priming with counter-perturbation,"Acutely degrade or inhibit AP-1 (e.g., dTAG degron of FOS/JUN, dominant-negative A-FOS) at different times after a priming stimulus, then quantify chromatin accessibility and transcriptional response on restimulation. Compare this with a counter-perturbation that boosts the opposing factors, to show that AP-1 is needed specifically to maintain the primed state and not just to induce it.",763940c5acc06d95ee92b21896e28d54adf048be18242cacbbc267b6c62e8eb9
stream_blind_required_0_1,Pulse-train stimulation with live AP-1 reporters,"Test how AP-1 responds to pulsed versus sustained stimulus (e.g., optogenetic or growth factor pulses of varied frequency and spacing). Track FOS/JUN dynamics live with endogenous knock-in reporters, and test whether the response to a second pulse depends on the interval since the first. A decay time constant lasting days after the stimulus is gone would support memory.",d1a69de1efca3b8a39e399e7e76d2f3f4b869e66a9eff9d39281298cea8f5e5d
stream_blind_required_0_2,Single-cell multiome tracking of AP-1 motif accessibility across a prime–rest–restimulate time course,"Run scATAC-seq and RNA-seq at baseline, after priming, after a long rest, and after restimulation. Use chromVAR and footprinting to determine whether AP-1 sites opened by priming stay open during rest and whether they predict faster or stronger gene induction. Link this to lineage barcodes to separate heritable memory across divisions from persistence in non-dividing cells.",9216ba2c656a8d688d9eee4e5dd2b55d61d3968e6d70803e17ea210b7127a46b
stream_blind_required_0_3,Memory persistence through cell division,"Follow primed cells through a defined number of divisions using dye dilution or a division-tracking reporter. Measure AP-1 occupancy (CUT&RUN for FOS/JUN) and the primed response after 0, 1, 2 and more divisions. Test whether memory halves with each division, indicating dilution, or is stably re-established, indicating a self-propagating mechanism.",b64b63bfa1671fd9cc8516fa323e28261592e6a6e53ef336d77332a5774ff589
stream_blind_required_0_4,Sufficiency test with AP-1 motif editing and transient dCas9-FOS/JUN recruitment,"Use CRISPR to mutate or insert AP-1 motifs at specific enhancers, or to transiently recruit dCas9–FOS/JUN, then remove the trigger. Measure whether enhancer accessibility, H3K27ac, and enhanced gene induction persist after AP-1 is gone. Persistence would show AP-1 can write memory, and loss of memory when only the motifs are mutated would show the sites are necessary.",3cab6e7320d197ac1a1496c9ac2dea600235b8c3e9c7847f662789f95155afe7
stream_blind_required_1_0,Decoding AP-1 pulse patterns with live-cell reporters,"Image live-cell AP-1 reporters (e.g., FOS/JUN-tagged or AP-1 transcriptional reporters) after transient stimuli of different duration and frequency. Test whether pulse pattern, not just amplitude, is encoded and whether it predicts later gene expression and cell fate, and compare with single-cell memory of the pattern after a washout period.",7e3aae01e1111e0bc986d9747f74298f58174180c7d45eb0a93492a0bbce166c
stream_blind_required_1_1,Priming and rechallenge with AP-1 degron,"Give cells a first stimulus (e.g., growth factor, TPA, or inflammatory cue), rest them for days, then rechallenge and measure the enhanced or altered transcriptional response by RNA-seq. Use an acute degron (dTAG/auxin) on FOS/JUN family members during priming only versus rechallenge only, to separate AP-1 needed to establish the memory from AP-1 needed to read it.",acc876d95e5610cd744372a3381819537bd49b20d16557cb44bd963c9032f5b2
stream_blind_required_1_2,Time-course profiling of AP-1 sites that stay accessible,"Run ATAC-seq and CUT&RUN for AP-1 motifs, H3K27ac, and BAF/pioneer markers before, after, and long after stimulus to find enhancers that stay open after AP-1 levels return to baseline. Test whether persistence depends on AP-1 motif integrity using CRISPR motif mutation or dCas9 interference at selected enhancers.",e632b66789898321279e0040234b36178605fff286eaead3c8a495493cb9b7e3
stream_blind_required_1_3,Single-cell multiome lineage tracing of memory inheritance,"Combine single-cell RNA and ATAC sequencing with a lineage barcode in stimulated and unstimulated populations, and measure whether sister cells share AP-1 target accessibility and expression states after multiple divisions. Quantify heritability as sister-cell correlation versus random pairs, and whether it decays, to distinguish epigenetic memory from persistent signaling.",6bcc58b81002ad651beaa1868b6b01ba30b68cf2868d166d6070105727e78a48
stream_blind_required_1_4,Transient AP-1 induction and positive-feedback mapping,"Use optogenetic or inducible pulses of c-Jun/c-Fos in naive cells and test whether a self-sustaining state emerges by measuring endogenous JUN/FOS autoregulation, target gene persistence and enhancer state weeks later. Perturb the loop (mutate AP-1 sites in the JUN promoter, block signaling kinases such as JNK) to determine whether memory requires feedback or continuing upstream input.",8a25f10d0355b9f1ecce72a16eddfeb795df4c2b1a6805a068ad3f5f563bf695
stream_blind_required_2_0,Decoding of stimulus temporal patterns by AP-1,"Stimulate cells with pulsed versus sustained signals (optogenetic or ERK/JNK-activating pulses of defined count and interval) and measure FOS/JUN live-reporter dynamics and downstream gene sets. Test whether distinct temporal patterns produce distinct, persistent chromatin and transcriptional states, which would indicate the pattern is stored and not just transiently read.",31b321fea6391437ab7f37bd37f0b0fe2c5c5ed7cff11580bc56ec039d4637b0
stream_blind_required_2_1,Minimal set of persistently accessible AP-1-bound enhancers,"Use single-cell CUT&Tag/ATAC-seq to identify the minimal set of AP-1-bound enhancers that stay accessible after the stimulus ends. Compare accessibility, AP-1 motif occupancy and H3K27ac at these sites days after a transient stimulus versus in naive cells, and test whether this reduced set suffices to predict the primed response.",e2c0c8a63a4f59ae47bf034311a0ed8bd74bf875e669fa60da6be095182d6fac
stream_blind_required_2_2,Acute AP-1 degradation at defined times after stimulus,"Use dTAG/auxin-inducible degradation of FOS/JUN family members or dominant-negative A-FOS at different times after the priming stimulus. If memory persists after AP-1 removal, AP-1 only initiates it; if secondary responses and accessibility collapse, AP-1 actively maintains it. Compare these outcomes across timepoints.",70ada6a492ffe7d3ab1211a83e8a6d76200f44a041c3e73fb51f66e063324e5c
stream_blind_required_2_3,Dual readout of memory: re-stimulation response and persistent chromatin marks,"In the same cells, compare the faster, stronger transcriptional response on re-stimulation (RNA-seq/nascent PRO-seq) with the persistent chromatin marks present without stimulation. Correlate the two per locus and per cell, and test causality by CRISPR mutation of AP-1 motifs at primed enhancers to see whether both readouts are lost together.",61b25563b016d9c2bb99becf23f0f235c8096c4cc24c52e341ed41e773787339
stream_blind_required_2_4,Lineage tracing of memory across divisions with mitotic bookmarking assays,"Track primed cells through multiple cell cycles with live AP-1/target reporters and barcoded lineages or sister-cell comparisons, measuring how many divisions the primed state lasts and whether sisters inherit it equally. Combine this with mitotic-bookmarking assays (live imaging and mitotic ChIP) to test whether AP-1 stays bound to chromatin through mitosis, and use decay-rate modelling to separate heritable memory from slowly decaying signaling.",493ac1dfd9d383e10eee55cc53ee090047344779c31c8c8a0ab55f2e4ad00916
stream_blind_required_3_0,Minimal chromatin footprint of AP-1 memory elements,"Use CUT&Tag/ATAC-seq plus motif-mutant and dCas9-based perturbations to identify which AP-1-bound enhancer elements (c-Jun/Fos occupancy, H3K27ac, BAF-dependent accessibility) persist after stimulus removal. Then test whether this minimal set is necessary and sufficient for faster re-induction of target genes.",a6fcc54d5248b6bf3f95c8378faf826283f6a3b39fea506b488f09ff7af40b74
stream_blind_required_3_1,Prime–rest–restimulate with acute AP-1 degradation,"Stimulate cells (e.g., with TNF, EGF, or wounding signals), wait varying rest periods, and restimulate, measuring the transcriptional response by nascent RNA-seq. Use dTAG/auxin degrons on FOS/JUN during priming, during rest, or during restimulation to determine whether AP-1 is needed to establish, maintain, or read out the memory.",a5e44c6eef5bb045a878755fc1e25f3c0551700925b819983ac857860c907db3
stream_blind_required_3_2,Live-cell decoding of AP-1 pulse dynamics,"Test whether AP-1 encodes stimulation history in its temporal pattern. Image endogenously tagged FOS/JUN and AP-1 reporters in single cells under optogenetic or microfluidic pulses of varied frequency and duration, then relate prior pulse patterns to later response amplitude and persistence using information-theoretic measures.",def389cee3b6d396b0895c9deefe0518e52b08d900be12af349b9b613f08c86d
stream_blind_required_3_3,Single-cell multiome lineage tracing of memory inheritance,"Pair single-cell ATAC+RNA with lineage barcodes to follow sister cells after transient stimulation. Test whether AP-1 motif accessibility (chromVAR) and target expression are shared among clonal relatives more than expected and persist across divisions, which would indicate heritable memory, compared with transient states.",a06055fd2c3428ae4ecda3c510f41323c9181801b81ebe46f109ec17350c63dc
stream_blind_required_3_4,Bistability and hysteresis in a synthetic AP-1 circuit,"Build a synthetic or engineered positive-feedback AP-1 locus, such as a JUN autoregulatory loop, and measure input–output curves in forward and reverse dose sweeps to detect hysteresis. Fit mathematical models and perturb feedback (mutate the JUN promoter TRE site, block pioneering cofactors) to test whether AP-1 feedback is required for self-sustaining states.",9ecb1f0961cf2f2f268b19ddf8f5e02b00e073a759343ac720365d54dddf4da6
stream_blind_required_4_0,AP-1 dynamics as a temporal code for chromatin state,"Drive cells with optogenetic or chemically gated ERK/JNK pulses of varied frequency and duration, and live-image FOS/JUN reporters. Test whether pulse pattern, not just total dose, determines distinct downstream chromatin states and gene programs that persist after stimulation stops.",31a7bb426316771b0295de4c182697c9fa270f76f191dffd218757f5082fc7ee
stream_blind_required_4_1,Chromatin-accessibility memory after transient stimulation,"Stimulate cells once, wash out, and perform ATAC-seq and CUT&RUN for AP-1 factors (FOS, JUN, FOSL) and histone marks (H3K27ac, H3K4me1) at days 0, 1, 7, and 14 compared with naive cells. Persistent AP-1-bound, accessible primed enhancers that give faster or stronger re-induction on second stimulation would indicate memory.",9c57dd554dd71cf080d4b3164081b7b2e758f7363048a4ab573538fbc856a189
stream_blind_required_4_2,Acute AP-1 degradation to separate initiation from maintenance of memory,"Use degron-tagged (dTAG/AID) JUN/FOS or dominant-negative A-FOS to remove AP-1 either during the first stimulus or only after the memory is established. If depletion during priming abolishes the later re-response but depletion afterward does not, AP-1 is needed to establish the memory; if later depletion also erases it, AP-1 is needed to maintain it.",2b5b6c9ba6713ac476c223493f27b3693df0327ccc8b895eb00e75fda7c1c60f
stream_blind_required_4_3,Single-cell prime-and-rechallenge with lineage tracing,"Prime cells, let them divide, and perform single-cell multiome (RNA + ATAC) with barcoded lineage tracking to test whether sister cells share AP-1 motif accessibility and response magnitude to a second challenge. Heritable clonal concordance of response, correlated with AP-1 occupancy, would indicate mitotically stable memory rather than transient signaling.",2e4eae945e21babeefcaba18d3c89d928c9c3a467a4c029da8275b11b58709bb
stream_blind_required_4_4,Targeted enhancer perturbation: necessity and sufficiency of AP-1 binding,"Use CRISPRi/dCas9 or motif mutation to silence or edit AP-1 binding sites at candidate memory enhancers, and tether AP-1 (dCas9-FOS/JUN) to naive loci. Measure whether the edits eliminate or create faster re-induction of the nearby gene, to test necessity and sufficiency of AP-1 binding for locus-specific memory.",af25caea06dd541d4d8545bcce9d236afc0f466389f0ab3328b0444d481e6aef
stream_blind_required_5_0,Hysteresis test with graded stimulus dose and withdrawal,"Stimulate cells with a graded dose series of a stimulus (e.g., TPA, TNF, or growth factor), then withdraw it, and measure AP-1 (FOS/JUN) binding, chromatin accessibility (ATAC-seq) and target gene expression on the rising and falling arms. If AP-1 encodes memory, accessibility and expression should depend on stimulus history (hysteresis) and not just follow the current input.",9ae4ec0fa8061354e6e8efe129adfd145bb016d7c1334d8c30035ce5cd1d0d19
stream_blind_required_5_1,Acute AP-1 degradation after the priming stimulus,"After a priming stimulus, remove AP-1 with a degron (dTAG/AID) or dominant-negative A-FOS at different times, either during priming or after it has ended. Then re-stimulate and compare the secondary response. This separates AP-1 as initiator of memory from AP-1 as maintainer, and shows whether the memory state persists without continuous AP-1 occupancy.",7a14b94cfd9d6a2b43b916b01b4fee0bfad120a18d53bcc7ab270e23aa8160d6
stream_blind_required_5_2,Single-cell multiome tracking of synchrony and heritability,Combine live-cell AP-1 reporters or FOS/JUN imaging with lineage tracing across cell divisions and with single-cell RNA plus ATAC. This tests whether primed cells pass their state to daughter cells and whether neighboring cells synchronize through paracrine signals. It also tests whether memory is a bimodal cell-intrinsic state or a population average.,aea5707370ce02f459b2323c52aeabf67780c5eca8640dbe8b937cda0b57e76e
stream_blind_required_5_3,AP-1 pioneer-like activity and epigenetic coupling at new enhancers,"Do time-course CUT&RUN or ChIP-seq for AP-1 subunits, H3K27ac, H3K4me1 and BAF/SWI-SNF components, and measure nucleosome occupancy with ATAC footprinting at newly opened enhancers. Test whether the enhancers stay open and marked after AP-1 leaves, and whether motif mutation by CRISPR base editing removes the memory at that site only.",929d9789625cb860f2af865064696d475feac3fdd047e310cae23e1d729fec87
stream_blind_required_5_4,Feedback-loop modeling and perturbation of AP-1 positive feedback,"Build a dynamical model of AP-1 positive feedback, in which FOS/JUN transcription drives further AP-1 activity through autoregulation and signaling loops, and fit it to time-resolved data on protein levels and phosphorylation (JNK/ERK). Then test the model's predictions of bistability and a critical stimulus threshold by perturbing feedback nodes optogenetically or with inhibitors, to determine whether memory persists as a self-sustaining state.",18cf1297afe91bccc8a77ea6936de67447e56ba385c64f2fbc8ae04e3662dba9
stream_blind_required_6_0,Identifying the minimal AP-1 features required for memory,"Use domain-specific mutants of FOS/JUN (DNA-binding, dimerization, and pioneer-like or chromatin-remodeler recruitment domains) to test which element is required for a stimulus-induced chromatin accessibility state to persist after the stimulus is removed. Measure persistence by ATAC-seq and H3K27ac CUT&Tag over several cell divisions.",77fb278b223e1447da12299494a44028fea6205c191af3c5076a1ccf1cc7a33e
stream_blind_required_6_1,Stimulus-withdrawal time course with timed acute AP-1 degradation,"Stimulate cells (e.g., with TPA, wounding signals, or inflammatory cues), then withdraw the stimulus. Use degron tags (dTAG/AID) to remove AP-1 factors during priming only, after washout only, or both, and measure enhancer accessibility, AP-1 occupancy (CUT&RUN) and target gene re-inducibility to separate AP-1 as an initiator from AP-1 as a maintainer of the memory.",f4c84bf84be871084768d00737a3d39688c28caf0f299129675098dd2243317f
stream_blind_required_6_2,Pulse-pattern dependence of memory writing,"Deliver identical total stimulus doses with different on/off patterns (e.g., 2 h on, 6 h off versus continuous) using optogenetic or chemically inducible FOS/JUN, and read out with live-cell AP-1 reporters and single-cell RNA-seq or ATAC-seq. This tests whether AP-1 dynamics, not just level, determine whether a durable memory is written and how strongly secondary stimulation is primed.",80e28f16c2c4bab6dd3f644b21476dc2fc7226a276982c22deb148a03581ae03
stream_blind_required_6_3,Single-cell lineage-tracked memory inheritance,"Mark cells with a live AP-1 reporter or endogenous tagged FOS/JUN and a heritable barcode. After transient stimulation, follow sister cells through division and test whether the AP-1 state and accessible chromatin are shared more between sisters than between random cells. Then compare the restimulation response of memory-positive and memory-negative sister lineages, and use the results to model mitotic bookmarking and inheritance.",09aaeef226d0fa7d201645f5c8a7abe1135564d305df4eec1fca479473484dc7
stream_blind_required_6_4,Targeted addition and removal of AP-1 sites at specific enhancers,"Use dCas9-based recruitment, or deletion/mutation of AP-1 motifs, at candidate memory enhancers (e.g., near genes with faster second responses). Test whether adding AP-1 sites is sufficient to create a primed, faster-responding state and whether removing them abolishes it, without altering the global stimulus. Measure local accessibility, histone marks, nascent transcription (PRO-seq), and secondary-response kinetics to establish site-specific causality.",164122a62e93ce26b3a4fed4d44c8ef50026e4b4c394472b69090b69eae9eefb
stream_blind_required_7_0,Identifying minimal AP-1 sites and enhancers required for memory,Perform ATAC-seq and CUT&RUN for FOS/JUN after a transient stimulus and after washout to identify persistently accessible AP-1-bound enhancers. Then use CRISPR deletion or dCas9-KRAB at these sites to test which are necessary for a heightened secondary response.,abede25b7bd5390770655273e2b7e0699e0b3b16776209638fa8c2875219b2b4
stream_blind_required_7_1,Prime-rest-restimulate time course with AP-1 perturbation,"Stimulate cells (e.g., macrophages or fibroblasts) once, rest them for days, then restimulate and measure transcriptional output by RNA-seq and nascent RNA. Compare primed with naive cells under dominant-negative AP-1 (A-FOS) or acute degron-mediated JUN/FOS depletion applied only during priming versus only during restimulation, to separate AP-1 needed to establish memory from AP-1 needed to read it.",7efd9f8d2961f178510b91333afe56f55daa7ae05919235ec3b55d5989c366a8
stream_blind_required_7_2,Live single-cell AP-1 reporters for pulse-pattern history,"Test whether AP-1 activity dynamics (pulse number, duration, frequency) encode and store stimulation history. Use live-cell FOS/JUN knock-in fluorescent reporters with optogenetic or pulsed stimulation of defined patterns, then relate pulse history to later response and to chromatin state in the same cells.",d5134c0685e834d0ac4181128f983ea48c46f728d6cb9580e0c3037ab9da3590
stream_blind_required_7_3,Bistability and hysteresis test of the AP-1 positive-feedback loop,"Test whether AP-1 maintains its state through self-reinforcement by titrating stimulus up and then down and measuring single-cell JUN/FOS levels by flow cytometry or imaging. A history-dependent, bimodal response (hysteresis) would indicate a self-sustaining state; mathematical modeling and disruption of the feedback loop, such as mutating AP-1 sites in the JUN promoter, would test the mechanism.",a86ad8122cf7e7e8949d628adb329ec9d9c86275cf4d9c2c45a84a3ef493ed46
stream_blind_required_7_4,Persistence and inheritance of AP-1-associated memory across cell division,"Test whether memory outlasts the signal and is passed through mitosis by tracking sorted primed cells and their daughters over several divisions. Measure AP-1 occupancy, H3K27ac, and BAF/SWI-SNF recruitment, and compare with the half-lives of AP-1 proteins and mRNAs. Persistent accessibility without AP-1 would indicate AP-1 triggers a chromatin-based memory, while loss of memory when AP-1 is removed would indicate AP-1 itself carries it.",fc71ed1b626900a4efbbce38c34c70627c3cd5ac20e0f4579cab877dbb2db92a
stream_seeded_required_0_0,Single-event monitoring of AP-1 binding dynamics,"Use live-cell single-molecule tracking or CUT&Tag time courses to detect individual FOS/JUN binding and dwell events at specific enhancers after a transient stimulus. Test whether residence times and occupancy at 'memory' sites remain altered days after the stimulus ends, compared with naive cells.",b2a52c2af987627067e3c74444856ed5f9fa1e1fb80188db88af3cfddd89d5f1
stream_seeded_required_0_1,Probing latent AP-1 state with a small standardized re-stimulation,"Measure how cells respond to a small standardized re-stimulation at various times after a priming stimulus, reading out AP-1 target transcription, chromatin accessibility (ATAC-seq) and FOS/JUN levels. A faster or stronger response in primed cells that depends on AP-1 sites would indicate a stored state not visible at baseline.",894b2e31c4cafe611290e6bf63163fe143bd18cdc81115e80071b837b447d7e0
stream_seeded_required_0_2,Acute AP-1 degradation at different times after priming,"Prime cells, then remove AP-1 using a degron (dTAG/AID) or dominant-negative A-FOS during priming, during the memory interval, or only at re-challenge. Compare which windows abolish the enhanced secondary response and persistent accessibility, to separate AP-1 as initiator from AP-1 as maintainer of memory.",1e419b4988fdcd4ba91aa6e4e9a5bfdcea7f420453d3011bb62eab24de0739e8
stream_seeded_required_0_3,AP-1 motif mutagenesis with single-cell heterogeneity analysis,"Use CRISPR editing or base editing of individual AP-1 motifs at candidate memory enhancers, together with single-cell multiome (RNA and ATAC), to determine which sites carry the memory. Test whether memory is lost per site and whether cell-to-cell heterogeneity of retained accessibility predicts the strength of the later response and its inheritance through divisions.",b52ed13bb0715ca56fbeeaab5739faf60d62042f8a90a3e4da521bd86b057d48
stream_seeded_required_0_4,Lineage tracing of memory through cell divisions with chromatin mark analysis,"Track primed cells and their daughters by live imaging with AP-1 reporters or barcoded lineages, and test whether elevated accessibility and reporter state persist across several generations without ongoing stimulus. Pair this with measurements of histone marks (H3K27ac, H3K4me1) and DNA methylation at AP-1 sites to identify the maintenance mechanism, and compare with cells in which division is blocked.",898711afc365f83fd0394a7d26d9b861cdae42c598f0db276245177ce8e3823f
stream_seeded_required_1_0,Systematic mapping of AP-1 states across stimulus histories,"Expose cells to a grid of stimulus histories varying dose, duration, and order of pulses (e.g., TNF, EGF, or TPA). Measure AP-1 (FOS/JUN family) occupancy by CUT&RUN and chromatin accessibility by ATAC-seq, then test whether the final state depends on the path taken, which would indicate memory.",90b2ed5c2258657b69a29307b16e3430718c2bbd003e4d461f97ca4b25bb4c4a
stream_seeded_required_1_1,Test of whether AP-1 memory requires active maintenance,"After a priming stimulus and a rest period, acutely remove AP-1 using a FOS/JUN degron or dominant-negative A-FOS, and test whether primed enhancers lose accessibility and the faster secondary transcription. If memory is lost when AP-1 is removed during the rest period, it is actively maintained by AP-1. If it persists, it is held by other factors.",cb544e4b341db1f7f7282a9cdb124394cc5f41c6eca3e7dbe1995cf65e288cad
stream_seeded_required_1_2,Paired live-cell imaging of primed and naive cells,"Build a live-cell reporter of AP-1 activity, for example an AP-1 response element driving a fluorescent protein together with a tagged JUN. Follow single cells through priming, rest and restimulation, and compare the response of primed and naive cells. Measure how long the difference lasts and whether it is inherited by daughter cells, to distinguish true memory from a transient effect.",b50bc5dc05fbe3f74ca1ecea426891b88f324905f9ce06828bae4063e0e1cf01
stream_seeded_required_1_3,Sufficiency of ectopic AP-1 pulse for priming,"Use optogenetic or inducible AP-1 (e.g., dox-inducible c-Jun/FOS) to give a transient pulse in naive cells in place of the natural stimulus. Test whether the pulse alone converts enhancers to a persistent accessible state with H3K27ac and H3K4me1 and enhances later gene induction, and compare with a mutant lacking its DNA-binding or transactivation domain.",121bd8e0ed3904d47dc296fb0d844bfd0211e1d62137d80539b5f4f2c1a42e1e
stream_seeded_required_1_4,Single-cell multiome with AP-1 motif perturbation,"Perform paired scRNA-seq and scATAC-seq on primed and unprimed cells, using CRISPR deletion or mutation of specific AP-1 motifs at memory-associated enhancers. Test whether motif accessibility and chromatin-state heterogeneity predict each cell's secondary response, and whether recruitment of SWI/SNF (BAF) or pioneer factors depends on those motifs, which would indicate mechanism rather than correlation.",edb00cbe70b80c712b3221981e2510bc56e8b97abf0cbe5b3de89403494b3bcf
stream_seeded_required_2_0,Varying the interval between repeated stimulus pulses,"Deliver repeated stimuli (e.g., TNF, wounding cues or optogenetic c-Jun/Fos) at varied intervals and measure whether chromatin accessibility (ATAC-seq) and target gene output at AP-1 sites on later pulses depend on the interval. A memory-like mechanism predicts a minimum recovery interval and a persistence window, whereas a transient transcription factor does not.",00fdd03e494adc5df1ca54f0226e1d84180c900945f551ca4e4439ac329ac116
stream_seeded_required_2_1,Time-resolved AP-1 occupancy and accessibility after stimulus withdrawal,"After a priming stimulus, track AP-1 (FOS/JUN) binding by CUT&RUN, plus ATAC-seq and H3K27ac, at multiple time points over days to weeks, long after AP-1 activity returns to baseline. Persistently open enhancers at AP-1 motifs without sustained AP-1 binding would indicate that AP-1 established a durable epigenetic state that outlasts the signal.",23204be0e9c59b6583d0b09b17eeabbe5acc21047b51e655c8cbbdab4003d276
stream_seeded_required_2_2,Acute AP-1 degradation during priming versus recall,"Use degron tags (dTAG/AID) on c-Jun/FOS or dominant-negative A-FOS to remove AP-1 only during priming, only during recall (second stimulus), or during both. If memory requires AP-1 only at priming, AP-1 acts as a writer; if it is also needed at recall, AP-1 acts as a reader or maintainer.",b9a73f4f0e86893a98cfea40ab8a26f5a0849321c2796aa068ae406ab7752d16
stream_seeded_required_2_3,Single-cell lineage-tracked memory readout,"Combine live-cell AP-1 reporters or FOS/JUN imaging with barcoded lineage tracing and single-cell multiome (RNA and ATAC). Test whether sister cells share primed accessibility and faster re-induction, which would show heritable memory through division as opposed to a population-level transient response.",e93ba8d9e5d2991d878fb9e04e692accb73f37ba8d8bb0fc39037de4098db06e
stream_seeded_required_2_4,Motif perturbation and epigenome editing at memory enhancers,"Use CRISPR base editing to mutate AP-1 motifs at primed enhancers, and dCas9 tools to add or remove marks such as H3K27ac or DNA methylation, then measure the recall response. Loss of faster re-induction after motif mutation, with rescue by forced opening, would show necessity and sufficiency. Chromatin remodelers such as BAF could be tested as the maintenance link.",c230f5f76a29318475121bc0613cca558e8b6cbb8c93789a0983f4067261a33f
stream_seeded_required_3_0,Bistability test of AP-1 activity via hysteresis,"Test whether AP-1 activity is bistable by exposing cells to graded stimulus (e.g., TPA, serum, or inducible c-Fos/c-Jun) up and then down, and measuring single-cell AP-1 reporter output and target genes. Hysteresis, bimodal distributions, and persistence of the high state after stimulus removal at identical doses would indicate a self-sustaining memory state; perturbing positive feedback (c-Jun autoregulation) should abolish it.",0025ed0026ccbabeeef9f2d4e22201f38f40c0fe8715c62994b1248fabd4dec8
stream_seeded_required_3_1,Persistence of chromatin accessibility at AP-1 sites,"Test whether transient AP-1 activation leaves lasting accessible chromatin by performing ATAC-seq and CUT&RUN for AP-1 factors, H3K27ac, and BAF remodeler occupancy at time points after stimulus washout across many cell divisions. Compare motif-defined AP-1 sites with other sites for retained accessibility and faster re-induction on restimulation.",6c89d9ea7183c26567980964b0e1ece8d45a8301138ad0158db5ffc5e45db47a
stream_seeded_required_3_2,Acute AP-1 degradation at defined times after priming,"Use an auxin- or dTAG-degradable AP-1 subunit (c-Jun/FOS/FOSL) to deplete AP-1 during priming, during the memory interval, or only at restimulation. If memory requires AP-1 during the interval, depletion then should erase the faster secondary response. If only priming requires it, AP-1 acts as an initiator and the memory persists without it. Distinguish initiation from maintenance by RNA-seq and nascent transcription (PRO-seq).",a951e78d4c8bc5b8291bf49d700c04e3beb015a5a7e96a1640f87b92ea55ca55
stream_seeded_required_3_3,Optogenetic pulse encoding with live reporters,"Drive AP-1 with optogenetic or chemically timed pulses of varying duration, frequency and number while imaging a live AP-1 reporter and a target gene (e.g., MS2 or fluorescent knock-in). Fit models comparing responses of naive and pre-pulsed cells to quantify memory duration, dependence on pulse history, and whether cells integrate past inputs as a system with state.",3ff6d95266f99bc00af7a1f0910b84ff0216d2bd0bae46592665daad95476bf4
stream_seeded_required_3_4,Lineage-resolved single-cell multiome with memory-site mutagenesis,"Apply single-cell multiome (RNA + ATAC) or barcoded lineage tracing to primed versus naive cells to test whether AP-1 motif accessibility and target expression are inherited by sister cells beyond cell division. Then use CRISPR to mutate or dCas9-block specific AP-1 motifs at candidate memory enhancers, and test whether this selectively removes the primed response while leaving other enhancers intact.",44d97fa87f4f78279dee502ca5c8a3f900c46ee606d74635b2821fb0999f4a65
stream_seeded_required_4_0,Persistence of individual Fos/Jun dimers at enhancers,"Perform CUT&RUN or ChIP-seq for each Fos/Jun family member before, during and after a transient stimulus (e.g., TPA or injury). Test which dimers persist at enhancers after the stimulus is gone and whether persistence predicts faster or stronger re-induction of target genes.",9b1c05fc97ea1b8788d454f9b1c55c43c66cf6bc12fb2c74108f3a3a0e82eee5
stream_seeded_required_4_1,Stimulus–washout–restimulation with chromatin accessibility readout,"Give cells a defined pulse of signal, wash it out for varying intervals, then restimulate, and measure ATAC-seq, H3K27ac and nascent transcription (PRO-seq) at AP-1 motif sites. If AP-1 acts as memory, accessibility and the transcriptional response to the second pulse should depend on the first pulse and decay with a measurable half-life.",66483064127c3456185855f9a74efe883128c3890a359bb9141526707484378d
stream_seeded_required_4_2,Acute AP-1 degradation at different memory phases,"Use degron-tagged (dTAG/AID) c-Jun or Fos to remove AP-1 either during the priming stimulus only or during the maintenance interval only. If AP-1 is needed to establish but not maintain the memory, enhancers should stay open after removal. If it is needed for both, accessibility and re-induction should be lost, separating initiation from maintenance.",ceed86190b229ed06881a9f8fc0c5c7479e0f48761a87a1713b193fba02eea4c
stream_seeded_required_4_3,Live imaging of AP-1 activity with lineage tracking,"Image an AP-1 reporter and endogenously tagged Fos/Jun in single cells and follow their progeny after a transient stimulus. Test whether the reporter state is inherited across divisions, how long it persists, and whether sister cells remain correlated, which a heritable mechanism would predict and noisy transient signaling would not.",a6ef197d86ef84f4edbc0dcbd1cc5920cc83075186f0b3f2fdf6df6129144768
stream_seeded_required_4_4,Targeted perturbation of AP-1 motifs and chromatin state at individual enhancers,"Mutate AP-1 motifs by CRISPR base editing, or recruit dCas9-based writers or erasers (p300, KRAB) to selected enhancers, then compare the primed-state response of edited and unedited alleles in the same cell. This tests whether the motif and the chromatin state it leaves are causal for memory, and whether memory acts in cis on a single allele.",8aca870dcebeb25a507464bc4fe56be848d1b03c7b8a97b50b48cd51d88c4d87
stream_seeded_required_5_0,Persistence of AP-1 binding after stimulus withdrawal,"Stimulate cells (e.g., macrophages or fibroblasts with TNF, TGF-β or LPS), withdraw the signal, and measure AP-1 (FOS/JUN) occupancy by CUT&RUN and chromatin accessibility by ATAC-seq over days to weeks. This tests whether the AP-1 binding pattern is maintained at the same enhancers after the signal is gone and persists through cell divisions.",f5e89d7b6559b01b5b4ff607b2e11bacf4ff6c9a6010f395768e5bff9683fe07
stream_seeded_required_5_1,Acute AP-1 degradation during priming versus after memory establishment,"Use degron-tagged (dTAG/AID) c-JUN/FOS or dominant-negative A-FOS to remove AP-1 either during the priming window or after the memory is established. If AP-1 stores the memory, removal during priming should block enhancer accessibility and faster secondary responses, while later removal should erase the memory. Measure the secondary transcriptional response by RNA-seq to distinguish AP-1's role in establishing the memory from its role in maintaining it.",5bdfd9e722ef1d16cb235bc9f3cc762d52c8e2d9bb16577ec4c58ecdcab5904f
stream_seeded_required_5_2,Chromatin-state succession at AP-1 sites after AP-1 loss,"Profile H3K27ac, H3K4me1, and nucleosome remodeling (BAF/SWI-SNF, p300) at AP-1 sites over time to test whether other factors or epigenetic marks take over the site and persist without AP-1. Combine this with ChIP/CUT&RUN for co-factors and time-resolved AP-1 depletion to see whether the marks outlast AP-1, which would indicate that AP-1 initiates but does not store the memory.",21ba04e6899c317d1ed5aa0ad7682c69dbc7ebb7910667c685c8074bc30589ce
stream_seeded_required_5_3,Single-cell and lineage-tracing analysis of memory inheritance,"Use single-cell multiome (RNA + ATAC) with barcoded lineages, or live imaging of sister-cell pairs with an AP-1 reporter (e.g., FOS/JUN-driven), to test whether the memory state and AP-1 activity are inherited across divisions and correlated within clones. Compare the heritability of the response with its stability in unrelated cells to distinguish true cellular memory from persistent signaling.",29bc5f79d571028d7cb2c579b94daefd5601325abdf1a23edd310420fb94983e
stream_seeded_required_5_4,Necessity and sufficiency of locus-specific AP-1 binding for memory,"Use CRISPR base editing to mutate AP-1 motifs at a few memory-associated enhancers, and use dCas9-based recruitment of JUN/FOS to a naive locus. Test whether a transient pulse of recruitment at that locus alone creates durable accessibility and a stronger re-response. This tests necessity and sufficiency of AP-1 binding for memory at specific loci, as opposed to global signaling effects.",df4d8dc3acd687f971b719fe39c2976862c936f5c7c06ae1a16071011bfab5a9
stream_seeded_required_6_0,Hysteresis after transient stimulus and long washout,"Expose cells to a brief, defined stimulus (e.g., TPA, serum, or a cytokine pulse) that induces FOS/JUN, then track AP-1 binding (CUT&RUN), chromatin accessibility (ATAC-seq) and target gene expression for days to weeks after washout. Persistence of accessibility and transcription after AP-1 levels return to baseline would indicate memory, and a dose-response across pulse strengths would reveal hysteresis.",40c012a101321156049d23021150b762f8a10f93c11c3f9a9c48da52f3c06bde
stream_seeded_required_6_1,Time-gated AP-1 degradation to separate initiation from maintenance,"Use degron-tagged (dTAG/AID) FOS/JUN or dominant-negative A-FOS to remove AP-1 before, during, or after the priming stimulus. If the primed state survives AP-1 removal after the establishment window, AP-1 is only an initiator; if it is lost, AP-1 is needed to maintain the state. Readouts are ATAC-seq, H3K27ac and response to re-stimulation.",1a5ebdee54146fa23bf6e9e57d020933769b7c3291bd6662e3e740b6859643a4
stream_seeded_required_6_2,Single-cell live reporter imaging with lineage tracking,"Image endogenous AP-1 activity (knock-in FOS/JUN fluorescent tags plus an AP-1 transcriptional reporter) in single cells across stimulation, rest and re-stimulation, tracking daughter cells through divisions. Measure heterogeneity per cell rather than averaging, and test whether past activity history predicts later response amplitude and whether the state is heritable through mitosis, which would indicate a cell-intrinsic, bistable memory.",adf76db3c6773c61a145d109a2b0b477e123ba76fbbbd394fa6b8a71b1b99774
stream_seeded_required_6_3,AP-1 motif mutation and remodeler recruitment at memory enhancers,"Use CRISPR base editing or enhancer deletion to mutate AP-1 motifs at enhancers that remain open after stimulation, then test whether they still gain and retain accessibility, H3K4me1/H3K27ac, and faster re-induction. Pair this with Micro-C or ChIP for BAF/chromatin remodelers to test whether AP-1 recruits remodelers that leave a lasting chromatin change.",1e7e6fae8ddce2937520d6c54b6b27f5ee02fa5afbcca806fec7b1b62e65608e
stream_seeded_required_6_4,Second-stimulus response in primed vs. naive cells with mathematical modeling,"Compare primed and naive cells (in vitro and in vivo, e.g., inflamed vs. naive skin or epithelial stem cells) for the response to a second stimulus using RNA-seq, ATAC-seq, and footprinting, then fit a mathematical model (positive feedback, chromatin-state variables) to the data. Perturb predicted feedback components, such as AP-1 autoregulation or histone modifiers, to test whether the model explains persistence and distinguishes AP-1-driven memory from other mechanisms.",a725bcea0d4f8f286c36b5b2f008cdd6d7a85fbf7d433c9ba75d31c7618fd727
stream_seeded_required_7_0,Intersection of AP-1 occupancy and chromatin state at the same loci,"After a transient stimulus (e.g., TPA, TNF, or injury), measure two independent readouts at the same loci: AP-1 (FOS/JUN) ChIP/CUT&RUN occupancy and ATAC-seq accessibility or H3K27ac. Loci where both persist long after the stimulus ends, and where AP-1 motif-containing sites are the only overlap, are candidate memory sites.",6030baf038b9bdd6dc4a8d7ba5d638e6beb544431871350d66308e99b848eff5
stream_seeded_required_7_1,Acute AP-1 degradation after the stimulus ends (maintenance necessity test),"Prime cells, wash out the stimulus, and after a rest period add a dTAG/AID degron or dominant-negative A-FOS to remove AP-1 only during the memory phase. Compare accessibility and the faster secondary response on restimulation with controls; loss of memory when AP-1 is removed after induction would show that AP-1 is required to maintain memory, not only to establish it.",203b7fcc6a9335175fb2353905e0910517ef20a7d18bdfdc3453df196c8b59ac
stream_seeded_required_7_2,Sufficiency of optogenetic or chemogenetic AP-1 pulses,"Drive FOS/JUN activity with a light- or drug-inducible system in naive cells using pulses of different duration and frequency, then measure persistent chromatin opening and altered transcriptional responses to a later unrelated stimulus. This tests whether AP-1 activity alone can establish a lasting state and how its dynamics encode dose or history.",df4bf89163e9d52494e4da8d5754884033e53267c003c1125cba8469af2afc1f
stream_seeded_required_7_3,Single-cell lineage-tracked persistence and heritability of the primed state,"Use live AP-1 reporters (e.g., FOS-GFP) with time-lapse imaging, or barcoded lineages with scRNA-seq/scATAC-seq, to track whether the primed state passes through cell divisions and for how many generations it lasts. This gives a time-resolved record per cell, showing whether the state is bistable or heritable rather than a decaying signal.",f7c689ab0967fed8eca4473c5375f6851a379545cb69182e788cfe67f4639c3d
stream_seeded_required_7_4,Pioneer-like activity and cofactor dependence at primed enhancers,"Mutate or CRISPR-delete AP-1 motifs at specific primed enhancers, and use CUT&Tag, BAF/SWI-SNF inhibition, and Micro-C to test whether AP-1 recruits remodelers and keeps chromatin loops open. Reporter assays for memory (faster reinduction of the linked gene) will show whether site-specific AP-1 binding is causal, as opposed to alternatives such as other transcription factors or DNA methylation.",7224e9cf5a93d8a861b5eb6dc8f476ea770bcc80fd01421676b67c6aff5c79d7
stream_parallel_required_0_0,First-order reversal curves for AP-1 target loci,"Drive cells with a ramp of AP-1 input (optogenetic or inducible c-Fos/c-Jun, or a defined stimulus dose), reverse the ramp at varied peak levels, then sweep back up. Measure single-cell reporter output (AP-1 activity, chromatin accessibility at target enhancers) to map per-locus up and down thresholds, testing whether hysteresis and bistable switching exist rather than a simple graded response.",99e155bbd66113eede9639b0fda7233d245f9f7da275b72f31ca20c538df5ffc
stream_parallel_required_0_1,Return-point and wiping memory with nested stimulus histories,"Apply stimulus sequences with nested maxima and minima, such as a small excursion inside a larger one, then measure the final chromatin or transcriptional state. Test whether the state depends on the order of extreme amplitudes rather than timing, and whether larger excursions erase the imprint of smaller ones. Return-point memory would support a history-encoding mechanism rather than a transient signal.",90582728e32d12375e0def647cabf159e952eb4d6160a20a5ae1430f2fbce67e
stream_parallel_required_0_2,Decay kinetics of the remembered state,"After a transient AP-1 pulse, measure accessibility, H3K27ac and target expression over hours to weeks, with and without cell division. Fit logarithmic-in-time versus exponential decay, and use perturbations such as proliferation arrest, temperature, or BET/HDAC inhibitors to distinguish stable self-sustaining memory from slow forgetting (passive dilution or residual signaling).",c3b5950c4729b1a3e54781adf13097a9c4d9df83f8f86e0a6695cd753e058aeb
stream_parallel_required_0_3,Staged AP-1 removal after priming with dominant-negative and degron perturbations,"At staged times after the priming stimulus, acutely remove AP-1 (A-Fos dominant negative, or dTAG/auxin degron on c-Jun/FOSL) and measure ATAC-seq, CUT&RUN and RNA output. If memory persists after AP-1 loss, it is stored elsewhere; if it is lost, it requires continuous AP-1. Varying the priming time tests whether AP-1 carries the memory or only establishes it.",2664ef80eb172cb34314a72ad7a127a5bf8445ea7d92e1685a48b9bb1d3e56e0
stream_parallel_required_0_4,Re-stimulation response test against naive cells,"Prime cells with a known stimulus, rest them, then re-challenge with a standard test dose and compare with naive cells. Measure induction speed and magnitude, AP-1 binding (CUT&RUN) and accessibility at primed sites, and whether the effect scales with prior dose. Matched naive controls and different priming doses allow the memory signal to be calibrated and separated from later effects such as secondary signalling.",7ae14aa7f5bf6af40432c0031c4296f0b3abb3f1eea7e55ed03a9e3e551c8b25
stream_parallel_required_1_0,Hysteresis in the AP-1 dose-response,"Ramp a stimulus (e.g., optogenetic or PMA/ERK input driving FOS/JUN) up and then down in single cells, and measure AP-1 activity and target-gene output (live reporters, chromatin accessibility) to determine whether the descending branch differs from the ascending one. A gap that persists after long waits and decays logarithmically rather than exponentially would indicate stable memory with many energy barriers rather than slow relaxation.",c96cd55371916f86864c62b584561c791c4f8fec22604be0d48f8f8b716ae0cf
stream_parallel_required_1_1,Decay kinetics of AP-1 memory and erasure by decaying pulses or degradation,"After a transient stimulus, measure AP-1 binding (CUT&RUN for FOS/JUN), chromatin accessibility (ATAC-seq) and target gene expression over days to weeks to determine decay kinetics. Then attempt to erase the memory with an oscillating stimulus of decreasing amplitude or by acute degron-mediated removal of AP-1, to test whether AP-1 is needed for maintenance and not only for initiation.",db681fa11b73a05ed2c5cc3e1056a9273c67bfbb964d6f5371141e770dbb0dac
stream_parallel_required_1_2,First-order reversal curve analysis of AP-1 sites,"Apply stimulus histories with different peak and reversal levels, then measure accessibility or reporter activity at individual AP-1 enhancers. Fit a Preisach-type model with two thresholds per site to obtain the distribution of switching thresholds, and test return-point memory by cycling partway, returning, and checking whether the state is retraced exactly. This shows whether memory resides in independent enhancer switches or in their coupling.",cdd86b12b2aba404b3244ab4966224b9b1c27bd2240935552b57ef672a889151
stream_parallel_required_1_3,Order-of-exposure experiments to resolve layered memory,"Expose cells to sequential stimuli (e.g., wounding, then inflammation, then a third signal) in different orders. Use time-resolved ATAC/CUT&Tag to determine whether later AP-1 events overwrite or add to earlier accessible sites, and use stepwise degron depletion to remove layers successively. This tests whether the memory is hierarchical and which earlier imprints a later stimulus can overwrite.",f13188f0b8ac2261466c8341a6719bf9ad453bad01c044067b75b8519f9e1382
stream_parallel_required_1_4,Distinguishing site-intrinsic from network-based memory by perturbing cooperativity,"Separate the contribution of individual AP-1 motifs from that of the surrounding network (positive feedback of FOS/JUN on its own promoters, cooperation with partner factors such as ETS or the SWI/SNF complex). Mutate motifs at single enhancers by CRISPR and block feedback loops or chromatin remodelers, then measure single-cell bistability and persistence of the primed state. If memory is lost when coupling is cut but not when motifs are retained, memory is a network property rather than a property of individual sites.",c5b731718fd202ee06e1c8a6cb8b61a9fd5adf15cbafee6217b016948cdec29b
stream_parallel_required_2_0,Sweep-rate and relaxation controls for AP-1 hysteresis,"Stimulate cells with graded, ramped doses of a signal (e.g., TPA, EGF, or anisomycin) up and down at several sweep rates, then measure AP-1 activity (FOS/JUN levels, a reporter, ATAC accessibility at AP-1 motifs). If hysteresis loop width shrinks as the sweep slows, the apparent memory is slow relaxation; if it persists at slow rates, it reflects a bistable or stored state. Repeat the sweep in a JUN/FOS degradation-rate mutant to separate slow kinetics from true retention.",50caf1d9e385355e36e27da8e9b09917448d2d5f005f7332c0dbec1481a88f17
stream_parallel_required_2_1,First-order reversal curve mapping of single-cell AP-1 thresholds,"Drive cells partway up the dose axis, reverse, and repeat from many reversal points. Use live single-cell AP-1 reporters or multiplexed imaging to build a Preisach-type distribution of up- and down-switching thresholds across cells. A population of bistable cells with distinct thresholds would support a memory composed of many two-state units, while a unimodal graded response would argue against it.",03a303d76ffd5272d03c025a6275c40a08dcedfec8931a49395a7a5cb942dbfd
stream_parallel_required_2_2,Return-point memory and erasure with decaying-oscillation stimulation,"Give a pulse history with a defined peak and vary the stimulus within that peak, then test whether AP-1 target gene output and chromatin state retain only the maximum (return-point memory). Test erasure with a slowly decaying oscillating stimulus or an inhibitor washout (e.g., dominant-negative FOS such as A-FOS), and measure how much stimulus is needed to erase the record. Compare the dose needed to erase with the dose needed to establish it.",a917f9dda4af65aa09a222ad099e2cb2db1d0f0f46e9fbc958be9784e153d76b
stream_parallel_required_2_3,"Locating memory sites by AP-1 binding, chromatin state, and motif mutation","Map FOS/JUN binding (CUT&RUN or ChIP), accessibility (ATAC-seq), and histone marks (H3K27ac, H3K4me1) at enhancer sites before, during, and after the stimulus. Then mutate individual AP-1 motifs with CRISPR or degrade AP-1 with a degron after the stimulus, and test whether enhancer accessibility and the response to a second stimulus persist without AP-1. This distinguishes memory held in AP-1 itself, in feedback loops, or in chromatin sites that AP-1 only opened.",6602a6abcb6e17481ed164fd4ee2d9c5f4109e8f24029bdfabb7bd74aae2e6a3
stream_parallel_required_2_4,"Interval, cell division and interruption effects on memory stability","Vary the interval between the first and second stimulus (minutes to weeks) and the number of cell divisions between them, and use single-cell tracking to test whether the second response is primed. Insert interruptions (e.g., a temporary signaling block mid-history) to test whether they are reflected as reduced later responses. Fit the decay to extract a retention half-life and an energy-barrier-like stability parameter, to determine whether AP-1 memory lasts hours, days or generations.",898b0e3412360c7b9bfe67a5baa8458702d9f9669cf01fdc0c2f1ced9dced0bb
stream_parallel_required_3_0,First-order reversal curve stimulation protocols,"Drive cells to saturating AP-1 activation (e.g., high-dose TPA or serum/MAPK stimulation), withdraw to varied reversal levels, then re-stimulate, and read out chromatin accessibility (ATAC-seq) and target gene transcription at each step. Identify which AP-1 sites and genes show path-dependent responses with return-point memory versus simple relaxation, to identify a history-dependent, hysteresis-like state and distinguish it from the effect of stimulus level alone.",7905ae9c6c3734ca1bfe47197c1645658981ac24e05ff520777cd8363d21f94e
stream_parallel_required_3_1,Pause experiments with decay time series,"Give a stimulus, pause or wash out for different durations, then restimulate and compare the response with naive cells, tracking FOS/JUN levels, AP-1 occupancy (CUT&RUN), and enhancer accessibility over time. If the primed response persists long after AP-1 protein levels return to baseline, and the persistence is distinguishable from slow relaxation by varying pause length and temperature, memory is more than a lingering transient.",05950085e6afe6822a9cc8f199afc794afde89cbd13fa98610598a32ba6221d6
stream_parallel_required_3_2,Single-cell live imaging of AP-1 dynamics across repeated stimulation,"Image endogenously tagged FOS/JUN reporters and an AP-1 transcriptional reporter in single cells across repeated stimulations, resolving discrete bursts and enhancer switching events. Analyze the distribution of switching thresholds across cells and test for bistability using a Preisach-type decomposition into independent two-state loci, each with its own on and off thresholds.",c37fbc177518b1dab763c7020aec34ac512c8b423bdf1ea213c447e31bba92a0
stream_parallel_required_3_3,Acute AP-1 degradation with erasure controls,"Use degron-tagged or dominant-negative (A-FOS) AP-1 at defined times: during priming, during the memory interval, or only at restimulation. Compare with erasure controls such as a decaying oscillating stimulus, and read out chromatin state and gene expression. If AP-1 is needed only to write the memory, it is an initiator; if removal during the interval erases the memory, it is a maintainer.",2168c1307cbe463efcd9a6b8ef8effa5ed487f68879b0d81d27124be8ff8235a
stream_parallel_required_3_4,Site-specific mutation and epigenetic readout of pioneer-like AP-1 sites,"Edit individual AP-1 motifs in memory-associated enhancers with CRISPR, or block them with dCas9, and measure whether priming-induced accessibility, H3K27ac, and enhanced re-induction are lost, using ATAC-seq, ChIP/CUT&Tag for histone marks and SWI/SNF (BAF), and nascent RNA. Combine this with a chromatin-state perturbation, such as a BAF inhibitor, to test whether the stored state is a self-sustaining chromatin state or only slow relaxation of AP-1 itself.",0a4f3385dc6787b28c7fdf40c5d3dba49a18c136bd1a96e143549c59ada40d6e
stream_parallel_required_4_0,Rate-independent hysteresis of AP-1 target output,"Ramp a stimulus (e.g., optogenetic or chemically induced ERK/JNK activation, or serum) up and down at progressively slower rates, and measure c-Fos/c-Jun levels, chromatin accessibility, and target-gene transcription in single cells. A hysteresis loop that persists in the quasi-static limit would indicate rate-independent memory rather than kinetic lag from slow protein or mRNA turnover, and a lag-only model can be fitted and rejected.",08ef2803d5589fd16fc20f90c6dc0824b2867a6e5e92831000c07ec7f5130094
stream_parallel_required_4_1,Return-point memory by nested stimulus amplitude sequences,"Drive cells with nested sequences of stimulus amplitudes (up to A1, down to B1, up to A2<A1, and so on) and measure AP-1 occupancy and reporter activity at each turning point. If the system retains the earlier extrema in nested fashion and a larger excursion erases the smaller ones, this supports a Preisach-like population of AP-1 sites with distinct thresholds, as opposed to a single global state variable.",625da53a8192563494f85b4e5a2ee70d6307f9e380b3a654a2afd866df506361
stream_parallel_required_4_2,Preisach-type decomposition of AP-1 enhancers from single-cell multiome data,"Use ATAC-seq, CUT&Tag for FOS/JUN, and RNA-seq after stimulation at graded doses and durations to estimate each enhancer's on and off thresholds, then test whether the population response is reproduced by a distribution of independent bistable switches. Sites that open at a high threshold and close only at a much lower one would be the memory elements, and a model built from these thresholds can be used to predict held-out stimulus histories.",8c07b9c5af331ceaf6a413874ae520c0621cbf6e2d838267995cc8d640f47508
stream_parallel_required_4_3,"Amplitude-memory training, readout, and erasure tests","Train cells with repeated pulses at a defined amplitude or frequency, rest them for varying times, then probe with a test stimulus to see whether the response depends on the training amplitude (Keim–Nagel protocol). Compare a single probe with repeated probes to test whether reading is destructive. Test erasure by A-FOS (AP-1 dominant-negative) expression, cell division, or a pulse larger than the trained one, and test whether the memory depends on chromatin remodeling by perturbing SWI/SNF or histone modifiers.",f6ed539a21c479ce8e83ca51e850f102c955f346189144eac4610a7adc4187f2
stream_parallel_required_4_4,Non-monotonic relaxation after a perturbation to test for hidden state variables,"Apply a step change in stimulus or signaling, such as a transient JNK/ERK inhibitor or activator pulse, and track AP-1 activity and chromatin state as they relax. Compare the trajectories of two preparations that reach the same instantaneous AP-1 level through different histories; different later relaxation, such as non-monotonic overshoot, would show that the cell carries hidden state variables beyond AP-1 level, for example chromatin accessibility or partner-factor composition. Perturbing these hidden variables can then distinguish a switch-like mechanism from a phase-like one.",7ad8a4dfac94b83ffb6f420afb6b6869415c7c44b7cb354ef16a6aec51223edb
stream_parallel_required_5_0,Graded perturbation of candidate AP-1 memory carriers,"After a transient stimulus (e.g., TNF, EGF, or TPA), progressively remove candidate memory carriers in graded steps: titrate dominant-negative FOS (A-FOS), deplete FOS/JUN by degron, then inhibit chromatin remodelers (BAF) or histone writers. Measure ATAC-seq accessibility and re-stimulation response after each step. A single monotonic decay to baseline implies one mechanism, while a change in slope implies multiple layers, for example a fast AP-1 protein-dependent component and a slow chromatin-based one.",984af4798dce466f8cec6eb705c73b372cbf489cacc47950a6ae2cf11635f185
stream_parallel_required_5_1,Acute versus persistent AP-1 occupancy time course,"Perform CUT&RUN/ChIP for FOS/JUN family members, ATAC-seq, and H3K27ac at multiple times after stimulus withdrawal (hours to weeks). This distinguishes sites where AP-1 itself persists, sites where accessibility persists after AP-1 is gone, and sites that fully revert, and the decay time course dates each memory.",baff3e5ca3a8e68926ad7ff26a07fbbbe6dcfb49a7db8b24c04a887ede0a6ca7
stream_parallel_required_5_2,First-order reversal curve mapping of response thresholds,"Subject cells to defined sequences of stimulus dose increases and decreases (minor loops with varied reversal points), and read out single-cell AP-1 reporter activity and target gene transcription. Fit a Preisach-type model of independent bistable units, each locus or cell having its own switching threshold, to test for hysteresis and return-point memory, and compare threshold distributions with and without AP-1 perturbation to determine whether AP-1 sets the hysteresis.",ba535aa5f2cfd7b7b7f20c97f8ed062444a51a3a2916146aa51655591960c2ab
stream_parallel_required_5_3,Dependence of memory on priming-challenge interval and priming duration,"Vary the time between the priming stimulus and the challenge, and the duration of priming, in fibroblasts, keratinocytes, or macrophages. Measure whether the magnitude or kinetics of the secondary response depends on the interval and scales with priming dose and duration. Pair this with live imaging of an AP-1 reporter and single-cell lineage tracking to test whether memory is inherited through division.",70415bbb877b8331565c63c493d2e7cdb75fb6902bd47ce4c41ad8925d4ed0b3
stream_parallel_required_5_4,"Causality controls using timing, clonal comparison, and motif mutagenesis","Deliver optogenetic or inducible AP-1 pulses before versus after a separate chromatin-altering event (e.g., differentiation signal or inflammatory challenge) to test whether AP-1-dependent accessibility precedes or follows it. Also compare AP-1 motif sites across cell clones with independent priming histories: shared sites would suggest a deterministic imprint, whereas clone-specific, random sites would suggest the signal arose later. Complement this with CRISPR motif mutagenesis at selected enhancers to test necessity for the remembered response.",59063f4508433e4c591695be0b4ac61c5e0ec9f52dc485e64535e63f51dfa457
stream_parallel_required_6_0,Sweep-rate dependence of hysteresis in AP-1 target accessibility,"Drive cells with a ramped up-and-down stimulus (e.g., optogenetic or PMA/ERK input controlling FOS/JUN) at several sweep rates, and measure ATAC-seq accessibility or reporter output at AP-1 target loci. Memory is defined as the rate-independent hysteresis loop area that persists as sweeps slow, which distinguishes true bistable/epigenetic hysteresis from slow relaxation kinetics.",868ff3a358a8f9bb6e8db4fc52342af6f0e394686cfe7e4eacf49d13abf3498a
stream_parallel_required_6_1,First-order reversal curves of single-cell AP-1 thresholds,"Saturate AP-1 activity, reverse to varied intermediate input levels, then increase the input again while reading single-cell reporters of AP-1 targets. The resulting first-order reversal curve map gives the distribution of up- and down-switching thresholds across cells or loci, testing whether the system consists of bistable units with return-point memory.",b01ca320b59b37a1d6c1a9acf3ec13b5617ecf60f3b8d27bd60943e2c683c500
stream_parallel_required_6_2,Return-point memory test with nested stimulus histories,"Apply stimulus histories with nested peaks and reversals of different amplitudes, such as serial pulses of varying strength. Test whether AP-1 binding and chromatin state retain only the extreme values of the history and not intermediate ones. Compare ChIP/CUT&RUN and transcriptional readouts across history orderings to show history-dependence beyond the current input.",4d78252be87fe38dc4eb36510d873071d5a296cc259cc17028182f5636240c4d
stream_parallel_required_6_3,Erasure assays with AP-1 perturbation,"After priming, erase memory at different times by applying decaying oscillations of input, dominant-negative AP-1 (A-Fos), or degron-mediated depletion. Measure how completely accessibility and primed transcriptional responses on restimulation are lost, and whether defects persist partially, to show whether AP-1 is required for maintenance and not only for establishment.",2a48ceb40bae986c9c73108464ab285674f8fb785687f716a6335172967967a1
stream_parallel_required_6_4,"Analysis of persistent AP-1 sites, single-locus switching events, and pause-resume protocol","Map AP-1 motifs and bound sites that remain accessible after stimulus removal and mutate them by CRISPR to test whether memory is lost locally. Additionally, record single-locus live imaging or nascent transcription bursts to detect discrete switching events, and use a pause-then-resume stimulation protocol to test whether a transient exposure leaves a latent, recoverable signature on reactivation.",5c68a81e615aef6b3722a8021ef431940323fd521f5449adf18913779f6c3b8d
stream_parallel_required_7_0,Long-timescale decay assay of AP-1 memory,"After a transient stimulus (e.g., TPA, EGF, or anisomycin) is removed, measure AP-1 (FOS/JUN) occupancy by CUT&RUN, chromatin accessibility by ATAC-seq, and target transcription over hours to weeks. Fit decay curves to distinguish true persistence from slow transients, and test whether the decay time depends on dose, duration or cell division.",a730c5b71410baefa93afc9cb625f1dc32b3fdc6af1eec09365fb8f4a9d2d61c
stream_parallel_required_7_1,Stimulus-history mapping with reversal and return doses,"Expose cells to a series of stimulus doses that rise and then reverse, varying the peak (reversal) dose and the return dose, and read out single-cell AP-1 activity with a live reporter and downstream gene expression. The resulting two-dimensional response map shows whether subpopulations behave as hysteretic switches with distinct thresholds and biases, and whether the response depends on history beyond the current dose.",ecf6973158ab6bdc3da3c444e01dff66b52b3ab7fcc8548fc6ab415449879252
stream_parallel_required_7_2,Return-point memory test with nested stimulus cycles and decaying-amplitude erasure,"Apply a major stimulus loop, then a minor sub-cycle inside it, and test whether accessibility at AP-1 sites and gene output return exactly to the state at the turning point. Compare this with a decaying-amplitude oscillating stimulus protocol, which would erase the memory if it is stored in AP-1-dependent chromatin states.",6c4af74fe9deae01f4c22eba37f4ccc60ec422706dfb7b2b09b7646262619d9a
stream_parallel_required_7_3,Separating AP-1 from the chromatin sites it marks,"Acutely degrade FOS/JUN (dTAG/auxin) after stimulation and measure whether accessibility and enhancer marks (H3K27ac) persist, which would place memory in the chromatin state rather than in AP-1 itself. Complement this with mutation or CRISPR deletion of individual AP-1 motifs and with pioneer-factor tests (e.g., BAF nucleosome remodeling) to identify which sites are self-sustaining.",a22c13d5741afc192bbab66ca658879107c5ed9c9d26ad34cbf2950149fffa4a
stream_parallel_required_7_4,Re-stimulation test of whether the same sites reactivate,"Restimulate cells after a rest period and use single-cell multiome (scATAC and RNA) to test whether the same loci open faster or more strongly in the same cells compared with naive cells. Add lineage tracing or sibling-cell pairing to test inheritance through division, and compare naive versus primed cells with AP-1 dominant-negative (A-FOS) to test necessity.",1ce2ece8224e9f5b03660ee61e73cdbd3bc2dbf1fa6ffb08dac5849931379abc
